file_path,produce,true_label_idx,true_label,pred_label_mobilenetv3_small,confidence_mobilenetv3_small,prob_fresh_mobilenetv3_small,prob_semifresh_mobilenetv3_small,prob_rotten_mobilenetv3_small,pred_label_efficientnet_b0,confidence_efficientnet_b0,prob_fresh_efficientnet_b0,prob_semifresh_efficientnet_b0,prob_rotten_efficientnet_b0,pred_label_resnet18,confidence_resnet18,prob_fresh_resnet18,prob_semifresh_resnet18,prob_rotten_resnet18,pred_label_densenet121,confidence_densenet121,prob_fresh_densenet121,prob_semifresh_densenet121,prob_rotten_densenet121,pred_label_efficientnet_v2_s,confidence_efficientnet_v2_s,prob_fresh_efficientnet_v2_s,prob_semifresh_efficientnet_v2_s,prob_rotten_efficientnet_v2_s
D:\ML Project Freshness Detection\AgriFreshNET Freshness and Shelf-Life Image Datase\AgriFreshNET Freshness and Shelf-Life Image Datase\Processed Data\Processed Data\Rotten Cucumber(12-20)\aug_373_IMG_20251123_012455.jpg,Cucumber,2,Rotten,Rotten,0.991,0.002,0.007,0.991,Rotten,0.9978,0.0001,0.0021,0.9978,Rotten,0.9895,0.0,0.0105,0.9895,Rotten,0.9925,0.0036,0.0039,0.9925,Rotten,0.9993,0.0001,0.0006,0.9993
D:\ML Project Freshness Detection\AgriFreshNET Freshness and Shelf-Life Image Datase\AgriFreshNET Freshness and Shelf-Life Image Datase\Processed Data\Processed Data\Fresh Cucumber(1-6)\aug_351_IMG_20260204_152126.jpg,Cucumber,0,Fresh,Fresh,0.8967,0.8967,0.0978,0.0055,Fresh,0.9484,0.9484,0.048,0.0036,Fresh,0.9887,0.9887,0.011,0.0003,Fresh,0.9789,0.9789,0.021,0.0001,Fresh,0.9945,0.9945,0.0042,0.0013
D:\ML Project Freshness Detection\AgriFreshNET Freshness and Shelf-Life Image Datase\AgriFreshNET Freshness and Shelf-Life Image Datase\Processed Data\Processed Data\Rotten Pineapple(25-35)\aug_230_IMG-20260130-WA0120.jpg,Pineapple,2,Rotten,Rotten,0.9916,0.0004,0.008,0.9916,Rotten,0.9998,0.0001,0.0001,0.9998,Rotten,0.9994,0.0003,0.0003,0.9994,Rotten,0.9974,0.0012,0.0014,0.9974,Rotten,0.9996,0.0001,0.0003,0.9996
D:\ML Project Freshness Detection\AgriFreshNET Freshness and Shelf-Life Image Datase\AgriFreshNET Freshness and Shelf-Life Image Datase\Processed Data\Processed Data\Fresh Papaya(1-4)\IMG_20260114_004723.jpg,Papaya,0,Fresh,Fresh,0.9741,0.9741,0.0072,0.0187,Fresh,0.9473,0.9473,0.0462,0.0065,Fresh,0.9984,0.9984,0.001,0.0006,Fresh,0.9978,0.9978,0.0019,0.0003,Fresh,0.9992,0.9992,0.0006,0.0002
D:\ML Project Freshness Detection\AgriFreshNET Freshness and Shelf-Life Image Datase\AgriFreshNET Freshness and Shelf-Life Image Datase\Processed Data\Processed Data\Rotten Tomato(24-35)\aug_82_IMG_20260122_215941823_HDR.jpg,Tomato,2,Rotten,Rotten,0.7096,0.0035,0.2869,0.7096,Rotten,0.9672,0.0005,0.0324,0.9672,Rotten,0.9584,0.0001,0.0415,0.9584,Rotten,0.9432,0.0006,0.0562,0.9432,Rotten,0.9687,0.0009,0.0303,0.9687
D:\ML Project Freshness Detection\AgriFreshNET Freshness and Shelf-Life Image Datase\AgriFreshNET Freshness and Shelf-Life Image Datase\Processed Data\Processed Data\Semi fresh Pineapple (15-25)\aug_44_IMG-20251207-WA0038.jpg,Pineapple,1,Semi-Fresh,Semi-Fresh,0.9223,0.0313,0.9223,0.0464,Semi-Fresh,0.9703,0.0208,0.9703,0.0089,Semi-Fresh,0.9808,0.0151,0.9808,0.0041,Semi-Fresh,0.9984,0.0006,0.9984,0.001,Semi-Fresh,0.9972,0.0019,0.9972,0.0009
D:\ML Project Freshness Detection\AgriFreshNET Freshness and Shelf-Life Image Datase\AgriFreshNET Freshness and Shelf-Life Image Datase\Processed Data\Processed Data\Rotten banana(7-13)\aug_214_IMG_20251201_132654626_HDR.jpg,Banana,2,Rotten,Rotten,0.9909,0.0027,0.0064,0.9909,Rotten,0.9979,0.0003,0.0017,0.9979,Rotten,0.9996,0.0001,0.0003,0.9996,Rotten,0.9967,0.0015,0.0019,0.9967,Rotten,0.9992,0.0001,0.0007,0.9992
D:\ML Project Freshness Detection\AgriFreshNET Freshness and Shelf-Life Image Datase\AgriFreshNET Freshness and Shelf-Life Image Datase\Processed Data\Processed Data\Fresh Papaya(1-4)\aug_270_IMG_20251123_012930.jpg,Papaya,0,Fresh,Fresh,0.9616,0.9616,0.0381,0.0003,Fresh,0.9539,0.9539,0.044,0.0021,Fresh,0.9957,0.9957,0.0042,0.0001,Fresh,0.9646,0.9646,0.0335,0.002,Fresh,0.9839,0.9839,0.0147,0.0014
D:\ML Project Freshness Detection\AgriFreshNET Freshness and Shelf-Life Image Datase\AgriFreshNET Freshness and Shelf-Life Image Datase\Processed Data\Processed Data\Rotten Tomato(24-35)\IMG_20260124_112839307_HDR_AE.jpg,Tomato,2,Rotten,Rotten,0.6697,0.0476,0.2827,0.6697,Rotten,0.9391,0.0116,0.0493,0.9391,Rotten,0.9998,0.0,0.0002,0.9998,Rotten,0.9963,0.0007,0.003,0.9963,Rotten,0.9984,0.0003,0.0012,0.9984
D:\ML Project Freshness Detection\AgriFreshNET Freshness and Shelf-Life Image Datase\AgriFreshNET Freshness and Shelf-Life Image Datase\Processed Data\Processed Data\Fresh Cucumber(1-6)\aug_376_IMG_20260204_152112_1.jpg,Cucumber,0,Fresh,Fresh,0.9753,0.9753,0.0239,0.0007,Fresh,0.9912,0.9912,0.0088,0.0001,Fresh,0.9976,0.9976,0.0023,0.0001,Fresh,0.9963,0.9963,0.0035,0.0002,Fresh,0.9945,0.9945,0.005,0.0005
D:\ML Project Freshness Detection\AgriFreshNET Freshness and Shelf-Life Image Datase\AgriFreshNET Freshness and Shelf-Life Image Datase\Processed Data\Processed Data\Fresh eggplant(1-4)\aug_124_IMG_20251121_143511295_HDR_AE.jpg,Eggplant,0,Fresh,Fresh,0.6534,0.6534,0.1724,0.1742,Fresh,0.7896,0.7896,0.1694,0.041,Semi-Fresh,0.5719,0.418,0.5719,0.0101,Fresh,0.827,0.827,0.1707,0.0022,Fresh,0.9988,0.9988,0.0009,0.0003
D:\ML Project Freshness Detection\AgriFreshNET Freshness and Shelf-Life Image Datase\AgriFreshNET Freshness and Shelf-Life Image Datase\Processed Data\Processed Data\Fresh Bittermelon(1-3)\IMG_20260116_030238.jpg,Bittermelon,0,Fresh,Fresh,0.9946,0.9946,0.0054,0.0,Fresh,0.9982,0.9982,0.0018,0.0,Fresh,0.9994,0.9994,0.0005,0.0,Fresh,0.9917,0.9917,0.0082,0.0002,Fresh,0.9988,0.9988,0.0011,0.0001
D:\ML Project Freshness Detection\AgriFreshNET Freshness and Shelf-Life Image Datase\AgriFreshNET Freshness and Shelf-Life Image Datase\Processed Data\Processed Data\Fresh Papaya(1-4)\IMG_20260114_004738.jpg,Papaya,0,Fresh,Fresh,0.9609,0.9609,0.0261,0.0131,Fresh,0.996,0.996,0.0035,0.0004,Fresh,0.9874,0.9874,0.0007,0.0118,Fresh,0.9989,0.9989,0.0009,0.0002,Fresh,0.9988,0.9988,0.0006,0.0006
D:\ML Project Freshness Detection\AgriFreshNET Freshness and Shelf-Life Image Datase\AgriFreshNET Freshness and Shelf-Life Image Datase\Processed Data\Processed Data\Rotten Orange(20-35)\aug_194_IMG-20251114-WA0008.jpg,Orange,2,Rotten,Rotten,0.9874,0.0052,0.0074,0.9874,Rotten,0.9172,0.0461,0.0367,0.9172,Rotten,0.9956,0.0012,0.0031,0.9956,Rotten,0.9875,0.0085,0.004,0.9875,Rotten,0.9991,0.0002,0.0007,0.9991
D:\ML Project Freshness Detection\AgriFreshNET Freshness and Shelf-Life Image Datase\AgriFreshNET Freshness and Shelf-Life Image Datase\Processed Data\Processed Data\Semi fresh banana(4-7)\IMG_20251122_112755662_HDR_AE.jpg,Banana,1,Semi-Fresh,Semi-Fresh,0.5868,0.3934,0.5868,0.0198,Semi-Fresh,0.9591,0.0392,0.9591,0.0018,Semi-Fresh,0.9681,0.0285,0.9681,0.0033,Semi-Fresh,0.8217,0.1658,0.8217,0.0124,Semi-Fresh,0.9906,0.009,0.9906,0.0003
D:\ML Project Freshness Detection\AgriFreshNET Freshness and Shelf-Life Image Datase\AgriFreshNET Freshness and Shelf-Life Image Datase\Processed Data\Processed Data\Fresh Orange(1-9)\IMG-20251121-WA0006.jpg,Orange,0,Fresh,Fresh,0.9099,0.9099,0.0777,0.0124,Fresh,0.8157,0.8157,0.1787,0.0056,Fresh,0.9951,0.9951,0.0043,0.0006,Fresh,0.9664,0.9664,0.0319,0.0017,Fresh,0.9931,0.9931,0.0063,0.0006
D:\ML Project Freshness Detection\AgriFreshNET Freshness and Shelf-Life Image Datase\AgriFreshNET Freshness and Shelf-Life Image Datase\Processed Data\Processed Data\Rotten banana(7-13)\aug_127_IMG_20251125_210317331_HDR.jpg,Banana,2,Rotten,Rotten,0.8564,0.0304,0.1133,0.8564,Rotten,0.9908,0.0005,0.0087,0.9908,Rotten,0.9865,0.0004,0.0131,0.9865,Rotten,0.9981,0.0008,0.001,0.9981,Rotten,0.9985,0.0003,0.0012,0.9985
D:\ML Project Freshness Detection\AgriFreshNET Freshness and Shelf-Life Image Datase\AgriFreshNET Freshness and Shelf-Life Image Datase\Processed Data\Processed Data\Semi_Fresh eggplant(4-8)\IMG_20251201_190640848_HDR.jpg,Eggplant,1,Semi-Fresh,Semi-Fresh,0.539,0.4374,0.539,0.0236,Semi-Fresh,0.4905,0.2302,0.4905,0.2794,Semi-Fresh,0.8578,0.1355,0.8578,0.0067,Semi-Fresh,0.5733,0.4154,0.5733,0.0113,Semi-Fresh,0.6258,0.3695,0.6258,0.0047
D:\ML Project Freshness Detection\AgriFreshNET Freshness and Shelf-Life Image Datase\AgriFreshNET Freshness and Shelf-Life Image Datase\Processed Data\Processed Data\Semi fresh Orange(9-20)\aug_94_IMG_20251112_113150424_HDR_AE.jpg,Orange,1,Semi-Fresh,Semi-Fresh,0.9834,0.0139,0.9834,0.0027,Semi-Fresh,0.9891,0.0097,0.9891,0.0012,Semi-Fresh,0.9761,0.0239,0.9761,0.0,Semi-Fresh,0.9976,0.0021,0.9976,0.0003,Semi-Fresh,0.9882,0.0117,0.9882,0.0001
D:\ML Project Freshness Detection\AgriFreshNET Freshness and Shelf-Life Image Datase\AgriFreshNET Freshness and Shelf-Life Image Datase\Processed Data\Processed Data\Semi fresh Orange(9-20)\IMG-20251127-WA0045.jpg,Orange,1,Semi-Fresh,Fresh,0.685,0.685,0.2729,0.0421,Semi-Fresh,0.8618,0.1379,0.8618,0.0003,Semi-Fresh,0.638,0.3352,0.638,0.0268,Semi-Fresh,0.9661,0.0307,0.9661,0.0033,Semi-Fresh,0.9592,0.0389,0.9592,0.0019
D:\ML Project Freshness Detection\AgriFreshNET Freshness and Shelf-Life Image Datase\AgriFreshNET Freshness and Shelf-Life Image Datase\Processed Data\Processed Data\Fresh Orange(1-9)\IMG-20251121-WA0008.jpg,Orange,0,Fresh,Fresh,0.757,0.757,0.2268,0.0161,Fresh,0.7303,0.7303,0.2602,0.0095,Fresh,0.9243,0.9243,0.0711,0.0047,Fresh,0.7455,0.7455,0.2471,0.0074,Fresh,0.9745,0.9745,0.0242,0.0013
D:\ML Project Freshness Detection\AgriFreshNET Freshness and Shelf-Life Image Datase\AgriFreshNET Freshness and Shelf-Life Image Datase\Processed Data\Processed Data\Fresh Tomato(1-10)\IMG_20251130_181149240_HDR.jpg,Tomato,0,Fresh,Fresh,0.7371,0.7371,0.253,0.01,Fresh,0.9301,0.9301,0.064,0.006,Fresh,0.7214,0.7214,0.27,0.0087,Fresh,0.9924,0.9924,0.0061,0.0015,Fresh,0.9819,0.9819,0.0174,0.0007
D:\ML Project Freshness Detection\AgriFreshNET Freshness and Shelf-Life Image Datase\AgriFreshNET Freshness and Shelf-Life Image Datase\Processed Data\Processed Data\Rotten Bittermelon(5-8)\IMG_20260125_005627.jpg,Bittermelon,2,Rotten,Rotten,0.9214,0.0003,0.0783,0.9214,Rotten,0.9942,0.0003,0.0055,0.9942,Rotten,0.9927,0.0,0.0073,0.9927,Rotten,0.9938,0.0004,0.0058,0.9938,Rotten,0.9994,0.0001,0.0005,0.9994
D:\ML Project Freshness Detection\AgriFreshNET Freshness and Shelf-Life Image Datase\AgriFreshNET Freshness and Shelf-Life Image Datase\Processed Data\Processed Data\Rotten Cucumber(12-20)\IMG_20251124_021837.jpg,Cucumber,2,Rotten,Rotten,0.9947,0.0008,0.0045,0.9947,Rotten,0.995,0.0005,0.0046,0.995,Rotten,1.0,0.0,0.0,1.0,Rotten,0.9933,0.0038,0.003,0.9933,Rotten,0.9991,0.0003,0.0006,0.9991
D:\ML Project Freshness Detection\AgriFreshNET Freshness and Shelf-Life Image Datase\AgriFreshNET Freshness and Shelf-Life Image Datase\Processed Data\Processed Data\Rotten Papaya(7-12)\IMG_20260202_032503_1.jpg,Papaya,2,Rotten,Rotten,0.999,0.0,0.001,0.999,Rotten,0.9997,0.0,0.0003,0.9997,Rotten,0.9999,0.0,0.0,0.9999,Rotten,0.9996,0.0001,0.0003,0.9996,Rotten,0.9997,0.0,0.0002,0.9997
D:\ML Project Freshness Detection\AgriFreshNET Freshness and Shelf-Life Image Datase\AgriFreshNET Freshness and Shelf-Life Image Datase\Processed Data\Processed Data\Semi_Fresh eggplant(4-8)\IMG_20251122_205113217_HDR.jpg,Eggplant,1,Semi-Fresh,Semi-Fresh,0.7623,0.2373,0.7623,0.0004,Semi-Fresh,0.9115,0.0874,0.9115,0.001,Semi-Fresh,0.9002,0.098,0.9002,0.0018,Semi-Fresh,0.9882,0.0107,0.9882,0.0011,Semi-Fresh,0.9248,0.0747,0.9248,0.0005
D:\ML Project Freshness Detection\AgriFreshNET Freshness and Shelf-Life Image Datase\AgriFreshNET Freshness and Shelf-Life Image Datase\Processed Data\Processed Data\Rotten Tomato(24-35)\aug_335_IMG_20260123_182204020_HDR.jpg,Tomato,2,Rotten,Rotten,0.4729,0.2178,0.3093,0.4729,Rotten,0.8287,0.1052,0.0661,0.8287,Rotten,0.9194,0.0186,0.0619,0.9194,Rotten,0.9343,0.0282,0.0375,0.9343,Rotten,0.9819,0.0078,0.0103,0.9819
D:\ML Project Freshness Detection\AgriFreshNET Freshness and Shelf-Life Image Datase\AgriFreshNET Freshness and Shelf-Life Image Datase\Processed Data\Processed Data\Fresh Papaya(1-4)\aug_28_IMG_20251121_081140.jpg,Papaya,0,Fresh,Semi-Fresh,0.7572,0.2425,0.7572,0.0003,Semi-Fresh,0.5383,0.4606,0.5383,0.0011,Fresh,0.964,0.964,0.0359,0.0001,Fresh,0.9349,0.9349,0.0636,0.0015,Fresh,0.9908,0.9908,0.0085,0.0008
D:\ML Project Freshness Detection\AgriFreshNET Freshness and Shelf-Life Image Datase\AgriFreshNET Freshness and Shelf-Life Image Datase\Processed Data\Processed Data\Rotten Papaya(7-12)\IMG_20251202_021230.jpg,Papaya,2,Rotten,Semi-Fresh,0.8567,0.0293,0.8567,0.114,Rotten,0.8091,0.0141,0.1767,0.8091,Rotten,0.669,0.0008,0.3303,0.669,Rotten,0.8759,0.0095,0.1145,0.8759,Rotten,0.997,0.0002,0.0028,0.997
D:\ML Project Freshness Detection\AgriFreshNET Freshness and Shelf-Life Image Datase\AgriFreshNET Freshness and Shelf-Life Image Datase\Processed Data\Processed Data\Fresh eggplant(1-4)\IMG_20251120_201521533_HDR.jpg,Eggplant,0,Fresh,Fresh,0.9579,0.9579,0.0419,0.0001,Fresh,0.9758,0.9758,0.024,0.0002,Fresh,0.9828,0.9828,0.0168,0.0004,Fresh,0.9923,0.9923,0.0067,0.001,Fresh,0.9978,0.9978,0.002,0.0002
D:\ML Project Freshness Detection\AgriFreshNET Freshness and Shelf-Life Image Datase\AgriFreshNET Freshness and Shelf-Life Image Datase\Processed Data\Processed Data\Rotten Bittermelon(5-8)\aug_316_IMG_20260125_005713.jpg,Bittermelon,2,Rotten,Rotten,0.9457,0.0001,0.0541,0.9457,Rotten,0.9899,0.0001,0.01,0.9899,Rotten,0.9815,0.0001,0.0184,0.9815,Rotten,0.9917,0.0008,0.0075,0.9917,Rotten,0.9987,0.0001,0.0012,0.9987
D:\ML Project Freshness Detection\AgriFreshNET Freshness and Shelf-Life Image Datase\AgriFreshNET Freshness and Shelf-Life Image Datase\Processed Data\Processed Data\Fresh Banana(1-4)\aug_253_IMG_20251104_131801730_HDR_AE.jpg,Banana,0,Fresh,Fresh,0.911,0.911,0.0816,0.0073,Fresh,0.982,0.982,0.0173,0.0007,Fresh,0.9935,0.9935,0.0063,0.0002,Fresh,0.9912,0.9912,0.0071,0.0017,Fresh,0.9923,0.9923,0.0075,0.0002
D:\ML Project Freshness Detection\AgriFreshNET Freshness and Shelf-Life Image Datase\AgriFreshNET Freshness and Shelf-Life Image Datase\Processed Data\Processed Data\Semi fresh Pineapple (15-25)\aug_306_IMG-20251205-WA0012.jpg,Pineapple,1,Semi-Fresh,Semi-Fresh,0.9732,0.0096,0.9732,0.0173,Semi-Fresh,0.9909,0.0071,0.9909,0.002,Semi-Fresh,0.9474,0.045,0.9474,0.0075,Semi-Fresh,0.9996,0.0002,0.9996,0.0001,Semi-Fresh,0.9994,0.0006,0.9994,0.0001
D:\ML Project Freshness Detection\AgriFreshNET Freshness and Shelf-Life Image Datase\AgriFreshNET Freshness and Shelf-Life Image Datase\Processed Data\Processed Data\Fresh Papaya(1-4)\aug_394_IMG_20251123_013013.jpg,Papaya,0,Fresh,Fresh,0.5818,0.5818,0.4129,0.0053,Fresh,0.965,0.965,0.0337,0.0013,Fresh,0.8836,0.8836,0.116,0.0004,Fresh,0.8771,0.8771,0.1206,0.0023,Fresh,0.9831,0.9831,0.0166,0.0003
D:\ML Project Freshness Detection\AgriFreshNET Freshness and Shelf-Life Image Datase\AgriFreshNET Freshness and Shelf-Life Image Datase\Processed Data\Processed Data\Fresh Orange(1-9)\aug_237_IMG-20251112-WA0007.jpg,Orange,0,Fresh,Fresh,0.4997,0.4997,0.4957,0.0046,Fresh,0.965,0.965,0.0338,0.0012,Fresh,0.9564,0.9564,0.043,0.0006,Fresh,0.9517,0.9517,0.0455,0.0028,Fresh,0.9569,0.9569,0.0428,0.0003
D:\ML Project Freshness Detection\AgriFreshNET Freshness and Shelf-Life Image Datase\AgriFreshNET Freshness and Shelf-Life Image Datase\Processed Data\Processed Data\Rotten banana(7-13)\IMG_20251201_132857125_HDR.jpg,Banana,2,Rotten,Rotten,0.9626,0.0102,0.0272,0.9626,Rotten,0.994,0.0014,0.0046,0.994,Rotten,0.9996,0.0002,0.0003,0.9996,Rotten,0.9984,0.0011,0.0006,0.9984,Rotten,0.9991,0.0003,0.0006,0.9991
D:\ML Project Freshness Detection\AgriFreshNET Freshness and Shelf-Life Image Datase\AgriFreshNET Freshness and Shelf-Life Image Datase\Processed Data\Processed Data\Rotten Tomato(24-35)\aug_27_IMG_20251204_101504935_HDR_AE.jpg,Tomato,2,Rotten,Rotten,0.9798,0.0004,0.0198,0.9798,Rotten,0.9915,0.0016,0.0069,0.9915,Rotten,0.9998,0.0,0.0002,0.9998,Rotten,0.9992,0.0002,0.0006,0.9992,Rotten,0.9996,0.0001,0.0003,0.9996
D:\ML Project Freshness Detection\AgriFreshNET Freshness and Shelf-Life Image Datase\AgriFreshNET Freshness and Shelf-Life Image Datase\Processed Data\Processed Data\Rotten Pineapple(25-35)\IMG-20251215-WA0034.jpg,Pineapple,2,Rotten,Rotten,0.6981,0.0957,0.2062,0.6981,Rotten,0.9411,0.0237,0.0353,0.9411,Rotten,0.9446,0.0115,0.0439,0.9446,Rotten,0.9748,0.0109,0.0143,0.9748,Rotten,0.9972,0.0006,0.0022,0.9972
D:\ML Project Freshness Detection\AgriFreshNET Freshness and Shelf-Life Image Datase\AgriFreshNET Freshness and Shelf-Life Image Datase\Processed Data\Processed Data\Semi Fresh Papaya(4-7)\aug_468_IMG_20251124_021913.jpg,Papaya,1,Semi-Fresh,Semi-Fresh,0.6802,0.3183,0.6802,0.0015,Semi-Fresh,0.8719,0.127,0.8719,0.0011,Semi-Fresh,0.9435,0.0407,0.9435,0.0158,Semi-Fresh,0.9962,0.0019,0.9962,0.0019,Semi-Fresh,0.9973,0.0023,0.9973,0.0004
D:\ML Project Freshness Detection\AgriFreshNET Freshness and Shelf-Life Image Datase\AgriFreshNET Freshness and Shelf-Life Image Datase\Processed Data\Processed Data\Semi fresh Orange(9-20)\IMG_20251201_132953027_HDR.jpg,Orange,1,Semi-Fresh,Semi-Fresh,0.9784,0.0027,0.9784,0.0189,Semi-Fresh,0.8104,0.0035,0.8104,0.1861,Semi-Fresh,0.9727,0.0014,0.9727,0.0258,Semi-Fresh,0.9655,0.0056,0.9655,0.029,Semi-Fresh,0.9922,0.0072,0.9922,0.0006
D:\ML Project Freshness Detection\AgriFreshNET Freshness and Shelf-Life Image Datase\AgriFreshNET Freshness and Shelf-Life Image Datase\Processed Data\Processed Data\Fresh Banana(1-4)\aug_131_Banana (19).jpeg,Banana,0,Fresh,Fresh,0.9854,0.9854,0.0131,0.0015,Fresh,0.9943,0.9943,0.0056,0.0002,Fresh,0.993,0.993,0.0065,0.0005,Fresh,0.9978,0.9978,0.0017,0.0005,Fresh,0.9965,0.9965,0.0031,0.0003
D:\ML Project Freshness Detection\AgriFreshNET Freshness and Shelf-Life Image Datase\AgriFreshNET Freshness and Shelf-Life Image Datase\Processed Data\Processed Data\Fresh Tomato(1-10)\IMG_20251121_145053012_HDR_AE.jpg,Tomato,0,Fresh,Fresh,0.742,0.742,0.2375,0.0205,Fresh,0.9556,0.9556,0.0381,0.0064,Fresh,0.9742,0.9742,0.0194,0.0064,Fresh,0.9701,0.9701,0.01,0.0199,Fresh,0.9941,0.9941,0.0047,0.0013
D:\ML Project Freshness Detection\AgriFreshNET Freshness and Shelf-Life Image Datase\AgriFreshNET Freshness and Shelf-Life Image Datase\Processed Data\Processed Data\Semi fresh banana(4-7)\aug_68_IMG_20251123_110010767_HDR_AE.jpg,Banana,1,Semi-Fresh,Semi-Fresh,0.9234,0.007,0.9234,0.0696,Semi-Fresh,0.9212,0.0059,0.9212,0.073,Semi-Fresh,0.9978,0.0008,0.9978,0.0014,Semi-Fresh,0.9866,0.0021,0.9866,0.0113,Semi-Fresh,0.9992,0.0002,0.9992,0.0006
D:\ML Project Freshness Detection\AgriFreshNET Freshness and Shelf-Life Image Datase\AgriFreshNET Freshness and Shelf-Life Image Datase\Processed Data\Processed Data\Rotten eggplant(8-15)\aug_13_IMG_20251130_180942748_HDR.jpg,Eggplant,2,Rotten,Semi-Fresh,0.8841,0.0566,0.8841,0.0593,Semi-Fresh,0.6075,0.0296,0.6075,0.3629,Rotten,0.7604,0.0106,0.229,0.7604,Rotten,0.9844,0.0017,0.0139,0.9844,Rotten,0.5441,0.0162,0.4397,0.5441
D:\ML Project Freshness Detection\AgriFreshNET Freshness and Shelf-Life Image Datase\AgriFreshNET Freshness and Shelf-Life Image Datase\Processed Data\Processed Data\Rotten eggplant(8-15)\aug_333_IMG_20251114_214415697_HDR.jpg,Eggplant,2,Rotten,Rotten,0.7293,0.0124,0.2582,0.7293,Rotten,0.9797,0.003,0.0173,0.9797,Rotten,0.9984,0.0,0.0015,0.9984,Rotten,0.9983,0.0005,0.0012,0.9983,Rotten,0.9869,0.002,0.0111,0.9869
D:\ML Project Freshness Detection\AgriFreshNET Freshness and Shelf-Life Image Datase\AgriFreshNET Freshness and Shelf-Life Image Datase\Processed Data\Processed Data\Fresh Cucumber(1-6)\aug_25_IMG_20260116_030141.jpg,Cucumber,0,Fresh,Fresh,0.9908,0.9908,0.0092,0.0,Fresh,0.9779,0.9779,0.0213,0.0007,Fresh,0.9733,0.9733,0.0267,0.0001,Fresh,0.8803,0.8803,0.1161,0.0036,Fresh,0.9909,0.9909,0.0086,0.0005
D:\ML Project Freshness Detection\AgriFreshNET Freshness and Shelf-Life Image Datase\AgriFreshNET Freshness and Shelf-Life Image Datase\Processed Data\Processed Data\Fresh eggplant(1-4)\aug_18_IMG_20251119_195851793_HDR.jpg,Eggplant,0,Fresh,Fresh,0.765,0.765,0.173,0.062,Fresh,0.9525,0.9525,0.0374,0.0101,Fresh,0.8593,0.8593,0.122,0.0187,Fresh,0.9861,0.9861,0.0114,0.0025,Fresh,0.9978,0.9978,0.0017,0.0005
D:\ML Project Freshness Detection\AgriFreshNET Freshness and Shelf-Life Image Datase\AgriFreshNET Freshness and Shelf-Life Image Datase\Processed Data\Processed Data\Semi fresh Pineapple (15-25)\aug_362_IMG_20251124_193053380_HDR.jpg,Pineapple,1,Semi-Fresh,Semi-Fresh,0.636,0.0171,0.636,0.3469,Semi-Fresh,0.7837,0.0162,0.7837,0.2002,Semi-Fresh,0.9541,0.0064,0.9541,0.0395,Semi-Fresh,0.9931,0.0025,0.9931,0.0044,Semi-Fresh,0.9902,0.0056,0.9902,0.0042
D:\ML Project Freshness Detection\AgriFreshNET Freshness and Shelf-Life Image Datase\AgriFreshNET Freshness and Shelf-Life Image Datase\Processed Data\Processed Data\Semi fresh Orange(9-20)\aug_160_IMG_20251124_191501956_HDR.jpg,Orange,1,Semi-Fresh,Semi-Fresh,0.922,0.0773,0.922,0.0007,Semi-Fresh,0.9994,0.0006,0.9994,0.0001,Semi-Fresh,0.9975,0.0021,0.9975,0.0004,Semi-Fresh,0.9997,0.0002,0.9997,0.0002,Semi-Fresh,0.9971,0.0023,0.9971,0.0005
D:\ML Project Freshness Detection\AgriFreshNET Freshness and Shelf-Life Image Datase\AgriFreshNET Freshness and Shelf-Life Image Datase\Processed Data\Processed Data\Fresh Banana(1-4)\aug_340_IMG_20251121_144118729_HDR_AE.jpg,Banana,0,Fresh,Semi-Fresh,0.8386,0.1384,0.8386,0.0229,Semi-Fresh,0.5289,0.4662,0.5289,0.0049,Semi-Fresh,0.8202,0.1726,0.8202,0.0072,Semi-Fresh,0.8139,0.183,0.8139,0.0032,Fresh,0.983,0.983,0.0151,0.0019
D:\ML Project Freshness Detection\AgriFreshNET Freshness and Shelf-Life Image Datase\AgriFreshNET Freshness and Shelf-Life Image Datase\Processed Data\Processed Data\Semi Fresh Cucumber(6-12)\IMG_20260212_155258.jpg,Cucumber,1,Semi-Fresh,Semi-Fresh,0.8666,0.1033,0.8666,0.0301,Semi-Fresh,0.9981,0.0014,0.9981,0.0005,Semi-Fresh,0.9978,0.0004,0.9978,0.0018,Semi-Fresh,0.9967,0.0026,0.9967,0.0007,Semi-Fresh,0.9992,0.0005,0.9992,0.0004
D:\ML Project Freshness Detection\AgriFreshNET Freshness and Shelf-Life Image Datase\AgriFreshNET Freshness and Shelf-Life Image Datase\Processed Data\Processed Data\Semi Fresh Cucumber(6-12)\aug_231_IMG_20260212_155339.jpg,Cucumber,1,Semi-Fresh,Semi-Fresh,0.8288,0.1704,0.8288,0.0008,Semi-Fresh,0.9964,0.0025,0.9964,0.0011,Semi-Fresh,0.9988,0.0008,0.9988,0.0003,Semi-Fresh,0.9969,0.0011,0.9969,0.002,Semi-Fresh,0.998,0.0014,0.998,0.0006
D:\ML Project Freshness Detection\AgriFreshNET Freshness and Shelf-Life Image Datase\AgriFreshNET Freshness and Shelf-Life Image Datase\Processed Data\Processed Data\Fresh Bittermelon(1-3)\aug_46_IMG_20260114_010516.jpg,Bittermelon,0,Fresh,Fresh,0.9194,0.9194,0.0729,0.0077,Fresh,0.9948,0.9948,0.0051,0.0001,Fresh,0.9982,0.9982,0.0017,0.0001,Fresh,0.9938,0.9938,0.0057,0.0005,Fresh,0.999,0.999,0.0009,0.0001
D:\ML Project Freshness Detection\AgriFreshNET Freshness and Shelf-Life Image Datase\AgriFreshNET Freshness and Shelf-Life Image Datase\Processed Data\Processed Data\Fresh Papaya(1-4)\aug_183_IMG_20260116_030624.jpg,Papaya,0,Fresh,Fresh,0.8443,0.8443,0.1556,0.0001,Fresh,0.9998,0.9998,0.0002,0.0,Fresh,0.9999,0.9999,0.0,0.0,Fresh,0.9992,0.9992,0.0007,0.0001,Fresh,0.999,0.999,0.0007,0.0003
D:\ML Project Freshness Detection\AgriFreshNET Freshness and Shelf-Life Image Datase\AgriFreshNET Freshness and Shelf-Life Image Datase\Processed Data\Processed Data\Rotten Cucumber(12-20)\aug_470_IMG_20260122_003107.jpg,Cucumber,2,Rotten,Semi-Fresh,0.6352,0.0039,0.6352,0.3609,Rotten,0.5047,0.0119,0.4834,0.5047,Rotten,0.8167,0.0084,0.175,0.8167,Rotten,0.9382,0.0118,0.05,0.9382,Rotten,0.9851,0.0009,0.014,0.9851
D:\ML Project Freshness Detection\AgriFreshNET Freshness and Shelf-Life Image Datase\AgriFreshNET Freshness and Shelf-Life Image Datase\Processed Data\Processed Data\Rotten Cucumber(12-20)\aug_427_IMG_20251202_015510.jpg,Cucumber,2,Rotten,Rotten,0.9948,0.0016,0.0036,0.9948,Rotten,0.9889,0.0024,0.0086,0.9889,Rotten,0.9999,0.0,0.0001,0.9999,Rotten,0.9974,0.0012,0.0014,0.9974,Rotten,0.9982,0.0003,0.0014,0.9982
D:\ML Project Freshness Detection\AgriFreshNET Freshness and Shelf-Life Image Datase\AgriFreshNET Freshness and Shelf-Life Image Datase\Processed Data\Processed Data\Semi_Fresh eggplant(4-8)\aug_310_eggplant(4).jpeg,Eggplant,1,Semi-Fresh,Rotten,0.6009,0.254,0.1451,0.6009,Rotten,0.5795,0.0373,0.3832,0.5795,Semi-Fresh,0.741,0.0152,0.741,0.2437,Semi-Fresh,0.4553,0.3236,0.4553,0.2211,Semi-Fresh,0.8778,0.1011,0.8778,0.0211
D:\ML Project Freshness Detection\AgriFreshNET Freshness and Shelf-Life Image Datase\AgriFreshNET Freshness and Shelf-Life Image Datase\Processed Data\Processed Data\Fresh Orange(1-9)\IMG-20251112-WA0018.jpg,Orange,0,Fresh,Fresh,0.7956,0.7956,0.2036,0.0007,Fresh,0.8634,0.8634,0.1355,0.0011,Fresh,0.9331,0.9331,0.0667,0.0001,Fresh,0.9795,0.9795,0.0196,0.0009,Fresh,0.9873,0.9873,0.0118,0.0009
D:\ML Project Freshness Detection\AgriFreshNET Freshness and Shelf-Life Image Datase\AgriFreshNET Freshness and Shelf-Life Image Datase\Processed Data\Processed Data\Fresh pineapple(1-15)\aug_75_IMG-20251125-WA0009.jpg,Pineapple,0,Fresh,Fresh,0.9588,0.9588,0.0411,0.0001,Fresh,0.9851,0.9851,0.014,0.0009,Fresh,0.9955,0.9955,0.0044,0.0001,Fresh,0.9989,0.9989,0.0011,0.0,Fresh,0.9991,0.9991,0.0008,0.0001
D:\ML Project Freshness Detection\AgriFreshNET Freshness and Shelf-Life Image Datase\AgriFreshNET Freshness and Shelf-Life Image Datase\Processed Data\Processed Data\Fresh Orange(1-9)\IMG_20251102_080116826_HDR_AE.jpg,Orange,0,Fresh,Fresh,0.7944,0.7944,0.1897,0.0159,Fresh,0.9814,0.9814,0.0182,0.0004,Fresh,0.9981,0.9981,0.0018,0.0,Fresh,0.9956,0.9956,0.0042,0.0002,Fresh,0.9961,0.9961,0.0032,0.0007
D:\ML Project Freshness Detection\AgriFreshNET Freshness and Shelf-Life Image Datase\AgriFreshNET Freshness and Shelf-Life Image Datase\Processed Data\Processed Data\Rotten Cucumber(12-20)\aug_88_IMG_20251121_080637.jpg,Cucumber,2,Rotten,Rotten,0.7104,0.0859,0.2037,0.7104,Rotten,0.9546,0.0008,0.0446,0.9546,Rotten,0.948,0.0,0.0519,0.948,Rotten,0.9965,0.0005,0.0029,0.9965,Rotten,0.9623,0.0003,0.0375,0.9623
D:\ML Project Freshness Detection\AgriFreshNET Freshness and Shelf-Life Image Datase\AgriFreshNET Freshness and Shelf-Life Image Datase\Processed Data\Processed Data\Rotten eggplant(8-15)\IMG_20251115_122042081_HDR_AE.jpg,Eggplant,2,Rotten,Rotten,0.9192,0.0123,0.0684,0.9192,Rotten,0.9894,0.0003,0.0103,0.9894,Rotten,0.8871,0.0059,0.107,0.8871,Rotten,0.9767,0.0085,0.0149,0.9767,Rotten,0.9704,0.0082,0.0214,0.9704
D:\ML Project Freshness Detection\AgriFreshNET Freshness and Shelf-Life Image Datase\AgriFreshNET Freshness and Shelf-Life Image Datase\Processed Data\Processed Data\Semi fresh banana(4-7)\IMG_20260122_215741924_HDR.jpg,Banana,1,Semi-Fresh,Semi-Fresh,0.8136,0.0098,0.8136,0.1766,Semi-Fresh,0.8936,0.004,0.8936,0.1025,Semi-Fresh,0.9813,0.0004,0.9813,0.0183,Semi-Fresh,0.9826,0.0041,0.9826,0.0133,Semi-Fresh,0.998,0.0003,0.998,0.0017
D:\ML Project Freshness Detection\AgriFreshNET Freshness and Shelf-Life Image Datase\AgriFreshNET Freshness and Shelf-Life Image Datase\Processed Data\Processed Data\Rotten Bittermelon(5-8)\IMG_20251202_015914.jpg,Bittermelon,2,Rotten,Rotten,0.9983,0.0,0.0017,0.9983,Rotten,0.9993,0.0002,0.0005,0.9993,Rotten,0.9995,0.0004,0.0001,0.9995,Rotten,0.9978,0.0012,0.0009,0.9978,Rotten,0.999,0.0003,0.0007,0.999
D:\ML Project Freshness Detection\AgriFreshNET Freshness and Shelf-Life Image Datase\AgriFreshNET Freshness and Shelf-Life Image Datase\Processed Data\Processed Data\Rotten Pineapple(25-35)\aug_269_IMG_20251126_194210600_HDR.jpg,Pineapple,2,Rotten,Semi-Fresh,0.5237,0.0032,0.5237,0.4731,Rotten,0.8533,0.001,0.1456,0.8533,Rotten,0.9141,0.0001,0.0858,0.9141,Rotten,0.9927,0.001,0.0063,0.9927,Rotten,0.9326,0.0001,0.0672,0.9326
D:\ML Project Freshness Detection\AgriFreshNET Freshness and Shelf-Life Image Datase\AgriFreshNET Freshness and Shelf-Life Image Datase\Processed Data\Processed Data\Rotten banana(7-13)\IMG_20251125_210527747_HDR.jpg,Banana,2,Rotten,Rotten,0.8167,0.0053,0.178,0.8167,Rotten,0.9314,0.0011,0.0676,0.9314,Rotten,0.9622,0.0004,0.0374,0.9622,Rotten,0.9941,0.0008,0.0051,0.9941,Rotten,0.9392,0.0003,0.0605,0.9392
D:\ML Project Freshness Detection\AgriFreshNET Freshness and Shelf-Life Image Datase\AgriFreshNET Freshness and Shelf-Life Image Datase\Processed Data\Processed Data\Rotten banana(7-13)\aug_65_IMG_20251126_190320232_HDR.jpg,Banana,2,Rotten,Rotten,0.9528,0.0025,0.0447,0.9528,Rotten,0.998,0.0,0.002,0.998,Rotten,0.9966,0.0004,0.003,0.9966,Rotten,0.9973,0.0007,0.002,0.9973,Rotten,0.9986,0.0003,0.0011,0.9986
D:\ML Project Freshness Detection\AgriFreshNET Freshness and Shelf-Life Image Datase\AgriFreshNET Freshness and Shelf-Life Image Datase\Processed Data\Processed Data\Rotten Bittermelon(5-8)\IMG_20251124_021311.jpg,Bittermelon,2,Rotten,Rotten,0.5899,0.0353,0.3748,0.5899,Rotten,0.7027,0.0208,0.2765,0.7027,Rotten,0.9718,0.0034,0.0248,0.9718,Rotten,0.9903,0.0026,0.0071,0.9903,Rotten,0.9989,0.0005,0.0006,0.9989
D:\ML Project Freshness Detection\AgriFreshNET Freshness and Shelf-Life Image Datase\AgriFreshNET Freshness and Shelf-Life Image Datase\Processed Data\Processed Data\Fresh Banana(1-4)\aug_190_Banana (17).jpeg,Banana,0,Fresh,Fresh,0.9757,0.9757,0.0235,0.0008,Fresh,0.9957,0.9957,0.0043,0.0,Fresh,0.9886,0.9886,0.003,0.0085,Fresh,0.998,0.998,0.0014,0.0006,Fresh,0.9991,0.9991,0.0007,0.0001
D:\ML Project Freshness Detection\AgriFreshNET Freshness and Shelf-Life Image Datase\AgriFreshNET Freshness and Shelf-Life Image Datase\Processed Data\Processed Data\Rotten Cucumber(12-20)\aug_54_IMG_20251123_012331.jpg,Cucumber,2,Rotten,Rotten,0.9899,0.002,0.0081,0.9899,Rotten,0.9969,0.0004,0.0027,0.9969,Rotten,0.9999,0.0,0.0001,0.9999,Rotten,0.9956,0.0023,0.0022,0.9956,Rotten,0.9992,0.0001,0.0006,0.9992
D:\ML Project Freshness Detection\AgriFreshNET Freshness and Shelf-Life Image Datase\AgriFreshNET Freshness and Shelf-Life Image Datase\Processed Data\Processed Data\Semi fresh banana(4-7)\aug_242_IMG_20251122_112701883_HDR_AE.jpg,Banana,1,Semi-Fresh,Semi-Fresh,0.788,0.0227,0.788,0.1893,Semi-Fresh,0.9946,0.0019,0.9946,0.0035,Semi-Fresh,0.9928,0.0063,0.9928,0.0008,Semi-Fresh,0.9907,0.0069,0.9907,0.0024,Semi-Fresh,0.9802,0.0193,0.9802,0.0004
D:\ML Project Freshness Detection\AgriFreshNET Freshness and Shelf-Life Image Datase\AgriFreshNET Freshness and Shelf-Life Image Datase\Processed Data\Processed Data\Fresh Tomato(1-10)\IMG_20251130_181500039_HDR.jpg,Tomato,0,Fresh,Semi-Fresh,0.4975,0.4734,0.4975,0.0292,Semi-Fresh,0.5588,0.4066,0.5588,0.0346,Fresh,0.9362,0.9362,0.0604,0.0034,Fresh,0.9734,0.9734,0.024,0.0025,Fresh,0.8799,0.8799,0.1171,0.003
D:\ML Project Freshness Detection\AgriFreshNET Freshness and Shelf-Life Image Datase\AgriFreshNET Freshness and Shelf-Life Image Datase\Processed Data\Processed Data\Fresh Cucumber(1-6)\IMG_20260116_030104.jpg,Cucumber,0,Fresh,Fresh,0.9783,0.9783,0.0216,0.0001,Fresh,0.9853,0.9853,0.0108,0.0039,Fresh,0.9966,0.9966,0.0032,0.0002,Fresh,0.941,0.941,0.044,0.0151,Fresh,0.9969,0.9969,0.0028,0.0004
D:\ML Project Freshness Detection\AgriFreshNET Freshness and Shelf-Life Image Datase\AgriFreshNET Freshness and Shelf-Life Image Datase\Processed Data\Processed Data\Rotten Bittermelon(5-8)\aug_229_IMG_20260120_004913.jpg,Bittermelon,2,Rotten,Rotten,0.8946,0.0011,0.1043,0.8946,Rotten,0.9923,0.0008,0.0069,0.9923,Rotten,0.9995,0.0,0.0005,0.9995,Rotten,0.9934,0.0013,0.0052,0.9934,Rotten,0.9994,0.0002,0.0004,0.9994
D:\ML Project Freshness Detection\AgriFreshNET Freshness and Shelf-Life Image Datase\AgriFreshNET Freshness and Shelf-Life Image Datase\Processed Data\Processed Data\Semi fresh Pineapple (15-25)\aug_431_IMG-20251205-WA0012.jpg,Pineapple,1,Semi-Fresh,Semi-Fresh,0.9018,0.0095,0.9018,0.0887,Semi-Fresh,0.9808,0.0105,0.9808,0.0087,Semi-Fresh,0.9243,0.0442,0.9243,0.0315,Semi-Fresh,0.9992,0.0003,0.9992,0.0005,Semi-Fresh,0.9992,0.0006,0.9992,0.0002
D:\ML Project Freshness Detection\AgriFreshNET Freshness and Shelf-Life Image Datase\AgriFreshNET Freshness and Shelf-Life Image Datase\Processed Data\Processed Data\Rotten Papaya(7-12)\aug_137_IMG_20260130_163540_1.jpg,Papaya,2,Rotten,Rotten,0.9977,0.0001,0.0022,0.9977,Rotten,0.9999,0.0,0.0001,0.9999,Rotten,1.0,0.0,0.0,1.0,Rotten,0.9996,0.0002,0.0002,0.9996,Rotten,0.9992,0.0001,0.0007,0.9992
D:\ML Project Freshness Detection\AgriFreshNET Freshness and Shelf-Life Image Datase\AgriFreshNET Freshness and Shelf-Life Image Datase\Processed Data\Processed Data\Semi Fresh Cucumber(6-12)\IMG_20260212_155230.jpg,Cucumber,1,Semi-Fresh,Semi-Fresh,0.6376,0.3618,0.6376,0.0006,Semi-Fresh,0.9934,0.0061,0.9934,0.0004,Semi-Fresh,0.9929,0.0061,0.9929,0.001,Semi-Fresh,0.9997,0.0002,0.9997,0.0001,Semi-Fresh,0.9964,0.0027,0.9964,0.0009
D:\ML Project Freshness Detection\AgriFreshNET Freshness and Shelf-Life Image Datase\AgriFreshNET Freshness and Shelf-Life Image Datase\Processed Data\Processed Data\Rotten eggplant(8-15)\aug_187_IMG_20251123_222404285_HDR.jpg,Eggplant,2,Rotten,Rotten,0.8386,0.0639,0.0975,0.8386,Rotten,0.9311,0.0238,0.0452,0.9311,Rotten,0.9902,0.0069,0.0029,0.9902,Rotten,0.9877,0.0079,0.0044,0.9877,Rotten,0.991,0.0025,0.0065,0.991
D:\ML Project Freshness Detection\AgriFreshNET Freshness and Shelf-Life Image Datase\AgriFreshNET Freshness and Shelf-Life Image Datase\Processed Data\Processed Data\Semi Fresh Papaya(4-7)\aug_67_IMG_20260123_013740.jpg,Papaya,1,Semi-Fresh,Semi-Fresh,0.8719,0.0429,0.8719,0.0851,Semi-Fresh,0.9935,0.0019,0.9935,0.0045,Semi-Fresh,0.9754,0.0057,0.9754,0.0189,Semi-Fresh,0.9987,0.0003,0.9987,0.001,Semi-Fresh,0.9983,0.0008,0.9983,0.0009
D:\ML Project Freshness Detection\AgriFreshNET Freshness and Shelf-Life Image Datase\AgriFreshNET Freshness and Shelf-Life Image Datase\Processed Data\Processed Data\Semi Fresh Bittermelon ( 3-5)\aug_444_IMG_20251103_090525.jpg,Bittermelon,1,Semi-Fresh,Semi-Fresh,0.7695,0.2041,0.7695,0.0264,Semi-Fresh,0.7855,0.0072,0.7855,0.2072,Semi-Fresh,0.9836,0.0025,0.9836,0.0139,Semi-Fresh,0.9734,0.0031,0.9734,0.0235,Semi-Fresh,0.9996,0.0001,0.9996,0.0002
D:\ML Project Freshness Detection\AgriFreshNET Freshness and Shelf-Life Image Datase\AgriFreshNET Freshness and Shelf-Life Image Datase\Processed Data\Processed Data\Rotten banana(7-13)\aug_179_IMG_20251109_111832046_HDR_AE.jpg,Banana,2,Rotten,Semi-Fresh,0.6533,0.1428,0.6533,0.2039,Rotten,0.5991,0.0113,0.3897,0.5991,Rotten,0.9124,0.0021,0.0855,0.9124,Rotten,0.9849,0.0032,0.0119,0.9849,Rotten,0.9978,0.0004,0.0018,0.9978
D:\ML Project Freshness Detection\AgriFreshNET Freshness and Shelf-Life Image Datase\AgriFreshNET Freshness and Shelf-Life Image Datase\Processed Data\Processed Data\Rotten eggplant(8-15)\IMG_20251115_121947782_HDR_AE.jpg,Eggplant,2,Rotten,Rotten,0.5392,0.0647,0.3961,0.5392,Rotten,0.9095,0.0056,0.0849,0.9095,Rotten,0.8914,0.0374,0.0712,0.8914,Semi-Fresh,0.5082,0.025,0.5082,0.4668,Rotten,0.9958,0.0002,0.004,0.9958
D:\ML Project Freshness Detection\AgriFreshNET Freshness and Shelf-Life Image Datase\AgriFreshNET Freshness and Shelf-Life Image Datase\Processed Data\Processed Data\Rotten Cucumber(12-20)\aug_456_IMG_20260202_032555.jpg,Cucumber,2,Rotten,Rotten,0.9004,0.0094,0.0902,0.9004,Rotten,0.9928,0.0001,0.007,0.9928,Rotten,0.9907,0.0004,0.0089,0.9907,Rotten,0.9981,0.0003,0.0016,0.9981,Rotten,0.9998,0.0,0.0002,0.9998
D:\ML Project Freshness Detection\AgriFreshNET Freshness and Shelf-Life Image Datase\AgriFreshNET Freshness and Shelf-Life Image Datase\Processed Data\Processed Data\Semi fresh Pineapple (15-25)\aug_468_IMG_20251124_193038659_HDR.jpg,Pineapple,1,Semi-Fresh,Semi-Fresh,0.9374,0.0169,0.9374,0.0457,Semi-Fresh,0.9626,0.0109,0.9626,0.0265,Semi-Fresh,0.9699,0.0029,0.9699,0.0272,Semi-Fresh,0.9921,0.0008,0.9921,0.0071,Semi-Fresh,0.9887,0.0007,0.9887,0.0106
D:\ML Project Freshness Detection\AgriFreshNET Freshness and Shelf-Life Image Datase\AgriFreshNET Freshness and Shelf-Life Image Datase\Processed Data\Processed Data\Fresh Orange(1-9)\IMG-20251115-WA0001.jpg,Orange,0,Fresh,Fresh,0.9587,0.9587,0.04,0.0013,Fresh,0.9982,0.9982,0.0018,0.0,Fresh,0.9942,0.9942,0.0057,0.0001,Fresh,0.996,0.996,0.0032,0.0007,Fresh,0.992,0.992,0.0067,0.0013
D:\ML Project Freshness Detection\AgriFreshNET Freshness and Shelf-Life Image Datase\AgriFreshNET Freshness and Shelf-Life Image Datase\Processed Data\Processed Data\Fresh Banana(1-4)\aug_355_IMG_20251103_192052151_HDR.jpg,Banana,0,Fresh,Semi-Fresh,0.826,0.1667,0.826,0.0073,Fresh,0.503,0.503,0.4862,0.0108,Fresh,0.8355,0.8355,0.1629,0.0016,Fresh,0.985,0.985,0.0132,0.0018,Fresh,0.972,0.972,0.0226,0.0054
D:\ML Project Freshness Detection\AgriFreshNET Freshness and Shelf-Life Image Datase\AgriFreshNET Freshness and Shelf-Life Image Datase\Processed Data\Processed Data\Fresh Papaya(1-4)\aug_89_IMG_20260114_004533.jpg,Papaya,0,Fresh,Fresh,0.9098,0.9098,0.0769,0.0133,Fresh,0.9586,0.9586,0.0396,0.0018,Fresh,0.9939,0.9939,0.0058,0.0003,Fresh,0.9857,0.9857,0.0138,0.0005,Fresh,0.9982,0.9982,0.0015,0.0003
D:\ML Project Freshness Detection\AgriFreshNET Freshness and Shelf-Life Image Datase\AgriFreshNET Freshness and Shelf-Life Image Datase\Processed Data\Processed Data\Fresh Tomato(1-10)\IMG_20251104_132946378_HDR_AE.jpg,Tomato,0,Fresh,Fresh,0.6236,0.6236,0.3711,0.0052,Fresh,0.976,0.976,0.0237,0.0004,Fresh,0.9905,0.9905,0.0093,0.0002,Fresh,0.972,0.972,0.026,0.002,Fresh,0.9834,0.9834,0.0146,0.002
D:\ML Project Freshness Detection\AgriFreshNET Freshness and Shelf-Life Image Datase\AgriFreshNET Freshness and Shelf-Life Image Datase\Processed Data\Processed Data\Fresh Cucumber(1-6)\aug_303_IMG_20251031_164947.jpg,Cucumber,0,Fresh,Fresh,0.6601,0.6601,0.3359,0.004,Fresh,0.9649,0.9649,0.0337,0.0014,Fresh,0.8584,0.8584,0.1396,0.002,Fresh,0.9565,0.9565,0.0422,0.0012,Fresh,0.9884,0.9884,0.0094,0.0022
D:\ML Project Freshness Detection\AgriFreshNET Freshness and Shelf-Life Image Datase\AgriFreshNET Freshness and Shelf-Life Image Datase\Processed Data\Processed Data\Semi fresh banana(4-7)\IMG_20251108_121314742_HDR_AE.jpg,Banana,1,Semi-Fresh,Semi-Fresh,0.8659,0.0026,0.8659,0.1315,Semi-Fresh,0.959,0.0019,0.959,0.0391,Semi-Fresh,0.8856,0.0053,0.8856,0.1091,Semi-Fresh,0.8019,0.0051,0.8019,0.193,Semi-Fresh,0.999,0.0002,0.999,0.0008
D:\ML Project Freshness Detection\AgriFreshNET Freshness and Shelf-Life Image Datase\AgriFreshNET Freshness and Shelf-Life Image Datase\Processed Data\Processed Data\Fresh eggplant(1-4)\aug_7_IMG_20251118_164622531_HDR_AE.jpg,Eggplant,0,Fresh,Fresh,0.9508,0.9508,0.0489,0.0004,Fresh,0.9636,0.9636,0.0357,0.0007,Fresh,0.9956,0.9956,0.0044,0.0,Fresh,0.9983,0.9983,0.0016,0.0001,Fresh,0.9994,0.9994,0.0005,0.0001
D:\ML Project Freshness Detection\AgriFreshNET Freshness and Shelf-Life Image Datase\AgriFreshNET Freshness and Shelf-Life Image Datase\Processed Data\Processed Data\Fresh Papaya(1-4)\aug_412_IMG_20260114_004902.jpg,Papaya,0,Fresh,Fresh,0.993,0.993,0.0068,0.0001,Fresh,0.9727,0.9727,0.0263,0.001,Fresh,0.9621,0.9621,0.0371,0.0008,Fresh,0.9434,0.9434,0.0548,0.0017,Fresh,0.9734,0.9734,0.0249,0.0016
D:\ML Project Freshness Detection\AgriFreshNET Freshness and Shelf-Life Image Datase\AgriFreshNET Freshness and Shelf-Life Image Datase\Processed Data\Processed Data\Fresh Papaya(1-4)\aug_466_IMG_20260114_004409.jpg,Papaya,0,Fresh,Fresh,0.8875,0.8875,0.1071,0.0054,Fresh,0.9782,0.9782,0.0198,0.002,Fresh,0.9999,0.9999,0.0001,0.0,Fresh,0.9988,0.9988,0.0011,0.0001,Fresh,0.9993,0.9993,0.0006,0.0001
D:\ML Project Freshness Detection\AgriFreshNET Freshness and Shelf-Life Image Datase\AgriFreshNET Freshness and Shelf-Life Image Datase\Processed Data\Processed Data\Rotten Bittermelon(5-8)\aug_55_IMG_20260125_005635.jpg,Bittermelon,2,Rotten,Semi-Fresh,0.5697,0.0358,0.5697,0.3945,Rotten,0.9255,0.0006,0.0739,0.9255,Rotten,0.7442,0.0003,0.2555,0.7442,Rotten,0.9695,0.0042,0.0263,0.9695,Rotten,0.9939,0.0005,0.0056,0.9939
D:\ML Project Freshness Detection\AgriFreshNET Freshness and Shelf-Life Image Datase\AgriFreshNET Freshness and Shelf-Life Image Datase\Processed Data\Processed Data\Rotten Orange(20-35)\aug_259_IMG-20251215-WA0017.jpg,Orange,2,Rotten,Rotten,0.8416,0.0207,0.1377,0.8416,Rotten,0.9837,0.0011,0.0152,0.9837,Rotten,0.9846,0.0002,0.0151,0.9846,Rotten,0.9963,0.0011,0.0025,0.9963,Rotten,0.9989,0.0001,0.001,0.9989
D:\ML Project Freshness Detection\AgriFreshNET Freshness and Shelf-Life Image Datase\AgriFreshNET Freshness and Shelf-Life Image Datase\Processed Data\Processed Data\Semi Fresh Bittermelon ( 3-5)\aug_465_IMG_20260122_003316.jpg,Bittermelon,1,Semi-Fresh,Semi-Fresh,0.9051,0.0171,0.9051,0.0778,Semi-Fresh,0.9597,0.0052,0.9597,0.0351,Semi-Fresh,0.9982,0.0004,0.9982,0.0014,Semi-Fresh,0.9912,0.0004,0.9912,0.0085,Semi-Fresh,0.9877,0.0003,0.9877,0.0119
D:\ML Project Freshness Detection\AgriFreshNET Freshness and Shelf-Life Image Datase\AgriFreshNET Freshness and Shelf-Life Image Datase\Processed Data\Processed Data\Fresh Tomato(1-10)\IMG_20251105_103025437_HDR_AE.jpg,Tomato,0,Fresh,Fresh,0.8359,0.8359,0.162,0.0021,Fresh,0.759,0.759,0.22,0.021,Fresh,0.9855,0.9855,0.0141,0.0003,Fresh,0.9472,0.9472,0.0515,0.0013,Fresh,0.9817,0.9817,0.0182,0.0001
D:\ML Project Freshness Detection\AgriFreshNET Freshness and Shelf-Life Image Datase\AgriFreshNET Freshness and Shelf-Life Image Datase\Processed Data\Processed Data\Rotten Tomato(24-35)\IMG_20260124_112848259_HDR_AE.jpg,Tomato,2,Rotten,Rotten,0.9258,0.0037,0.0704,0.9258,Rotten,0.9988,0.0001,0.0011,0.9988,Rotten,0.9989,0.0001,0.001,0.9989,Rotten,0.999,0.0002,0.0008,0.999,Rotten,0.9997,0.0001,0.0002,0.9997
D:\ML Project Freshness Detection\AgriFreshNET Freshness and Shelf-Life Image Datase\AgriFreshNET Freshness and Shelf-Life Image Datase\Processed Data\Processed Data\Fresh Bittermelon(1-3)\aug_374_IMG_20260116_030021.jpg,Bittermelon,0,Fresh,Fresh,0.9797,0.9797,0.0202,0.0001,Fresh,0.9862,0.9862,0.0135,0.0003,Fresh,0.9986,0.9986,0.0013,0.0001,Fresh,0.9929,0.9929,0.0033,0.0038,Fresh,0.9993,0.9993,0.0005,0.0003
D:\ML Project Freshness Detection\AgriFreshNET Freshness and Shelf-Life Image Datase\AgriFreshNET Freshness and Shelf-Life Image Datase\Processed Data\Processed Data\Rotten Orange(20-35)\aug_32_IMG-20251227-WA0008.jpg,Orange,2,Rotten,Rotten,0.9648,0.0011,0.0341,0.9648,Rotten,0.9899,0.0008,0.0093,0.9899,Rotten,0.9912,0.0005,0.0083,0.9912,Rotten,0.9964,0.0007,0.0029,0.9964,Rotten,0.9991,0.0001,0.0009,0.9991
D:\ML Project Freshness Detection\AgriFreshNET Freshness and Shelf-Life Image Datase\AgriFreshNET Freshness and Shelf-Life Image Datase\Processed Data\Processed Data\Fresh Orange(1-9)\IMG-20251117-WA0004.jpg,Orange,0,Fresh,Fresh,0.9811,0.9811,0.0188,0.0001,Fresh,0.9704,0.9704,0.0294,0.0002,Fresh,0.9968,0.9968,0.0032,0.0,Fresh,0.6833,0.6833,0.3149,0.0018,Fresh,0.8573,0.8573,0.1394,0.0033
D:\ML Project Freshness Detection\AgriFreshNET Freshness and Shelf-Life Image Datase\AgriFreshNET Freshness and Shelf-Life Image Datase\Processed Data\Processed Data\Fresh Banana(1-4)\IMG_20251119_201122582_HDR.jpg,Banana,0,Fresh,Fresh,0.9673,0.9673,0.032,0.0007,Fresh,0.9541,0.9541,0.044,0.0019,Fresh,0.9981,0.9981,0.0019,0.0,Fresh,0.9877,0.9877,0.0107,0.0015,Fresh,0.9991,0.9991,0.0007,0.0002
D:\ML Project Freshness Detection\AgriFreshNET Freshness and Shelf-Life Image Datase\AgriFreshNET Freshness and Shelf-Life Image Datase\Processed Data\Processed Data\Rotten banana(7-13)\aug_116_IMG_20251130_175433803_HDR.jpg,Banana,2,Rotten,Rotten,0.9857,0.0069,0.0074,0.9857,Rotten,0.9996,0.0,0.0004,0.9996,Rotten,0.9995,0.0003,0.0002,0.9995,Rotten,0.9923,0.0036,0.0041,0.9923,Rotten,0.999,0.0003,0.0007,0.999
D:\ML Project Freshness Detection\AgriFreshNET Freshness and Shelf-Life Image Datase\AgriFreshNET Freshness and Shelf-Life Image Datase\Processed Data\Processed Data\Rotten banana(7-13)\aug_271_IMG_20251201_132721542_HDR.jpg,Banana,2,Rotten,Rotten,0.9977,0.0011,0.0012,0.9977,Rotten,0.9985,0.0004,0.001,0.9985,Rotten,0.9936,0.0013,0.0051,0.9936,Rotten,0.9994,0.0004,0.0003,0.9994,Rotten,0.997,0.0015,0.0015,0.997
D:\ML Project Freshness Detection\AgriFreshNET Freshness and Shelf-Life Image Datase\AgriFreshNET Freshness and Shelf-Life Image Datase\Processed Data\Processed Data\Rotten Bittermelon(5-8)\aug_161_IMG_20251124_022436.jpg,Bittermelon,2,Rotten,Rotten,0.6217,0.0174,0.3609,0.6217,Rotten,0.991,0.0006,0.0084,0.991,Rotten,0.9997,0.0,0.0003,0.9997,Rotten,0.9855,0.0057,0.0089,0.9855,Rotten,0.9664,0.0006,0.0329,0.9664
D:\ML Project Freshness Detection\AgriFreshNET Freshness and Shelf-Life Image Datase\AgriFreshNET Freshness and Shelf-Life Image Datase\Processed Data\Processed Data\Rotten Papaya(7-12)\IMG_20260125_005228.jpg,Papaya,2,Rotten,Rotten,0.8085,0.0462,0.1453,0.8085,Rotten,0.9899,0.0011,0.009,0.9899,Rotten,0.9928,0.0003,0.007,0.9928,Rotten,0.9961,0.0003,0.0036,0.9961,Rotten,0.9986,0.0001,0.0013,0.9986
D:\ML Project Freshness Detection\AgriFreshNET Freshness and Shelf-Life Image Datase\AgriFreshNET Freshness and Shelf-Life Image Datase\Processed Data\Processed Data\Rotten Bittermelon(5-8)\aug_301_IMG_20260125_005736.jpg,Bittermelon,2,Rotten,Rotten,0.9967,0.0,0.0033,0.9967,Rotten,0.9996,0.0,0.0004,0.9996,Rotten,0.9997,0.0,0.0003,0.9997,Rotten,0.9981,0.0005,0.0013,0.9981,Rotten,0.9995,0.0002,0.0003,0.9995
D:\ML Project Freshness Detection\AgriFreshNET Freshness and Shelf-Life Image Datase\AgriFreshNET Freshness and Shelf-Life Image Datase\Processed Data\Processed Data\Semi fresh banana(4-7)\aug_392_IMG_20251124_191314063_HDR.jpg,Banana,1,Semi-Fresh,Semi-Fresh,0.8576,0.113,0.8576,0.0294,Semi-Fresh,0.9789,0.0089,0.9789,0.0122,Semi-Fresh,0.9799,0.0117,0.9799,0.0085,Semi-Fresh,0.9829,0.008,0.9829,0.0091,Semi-Fresh,0.9835,0.0161,0.9835,0.0004
D:\ML Project Freshness Detection\AgriFreshNET Freshness and Shelf-Life Image Datase\AgriFreshNET Freshness and Shelf-Life Image Datase\Processed Data\Processed Data\Fresh Tomato(1-10)\IMG_20251126_192547353_HDR.jpg,Tomato,0,Fresh,Fresh,0.9052,0.9052,0.0888,0.006,Fresh,0.9873,0.9873,0.0104,0.0023,Fresh,0.9622,0.9622,0.0368,0.001,Fresh,0.9914,0.9914,0.008,0.0006,Fresh,0.9984,0.9984,0.0015,0.0001
D:\ML Project Freshness Detection\AgriFreshNET Freshness and Shelf-Life Image Datase\AgriFreshNET Freshness and Shelf-Life Image Datase\Processed Data\Processed Data\Fresh Bittermelon(1-3)\IMG_20260114_010602.jpg,Bittermelon,0,Fresh,Fresh,0.9884,0.9884,0.0115,0.0,Fresh,0.9931,0.9931,0.0068,0.0002,Fresh,0.9986,0.9986,0.0013,0.0,Fresh,0.9956,0.9956,0.0042,0.0002,Fresh,0.9987,0.9987,0.0009,0.0004
D:\ML Project Freshness Detection\AgriFreshNET Freshness and Shelf-Life Image Datase\AgriFreshNET Freshness and Shelf-Life Image Datase\Processed Data\Processed Data\Fresh Tomato(1-10)\IMG_20251201_184351526_HDR.jpg,Tomato,0,Fresh,Fresh,0.6392,0.6392,0.3564,0.0044,Fresh,0.6271,0.6271,0.3682,0.0046,Fresh,0.9562,0.9562,0.0433,0.0005,Fresh,0.8293,0.8293,0.1661,0.0046,Fresh,0.9909,0.9909,0.009,0.0001
D:\ML Project Freshness Detection\AgriFreshNET Freshness and Shelf-Life Image Datase\AgriFreshNET Freshness and Shelf-Life Image Datase\Processed Data\Processed Data\Fresh Cucumber(1-6)\IMG_20260204_152022.jpg,Cucumber,0,Fresh,Fresh,0.984,0.984,0.0158,0.0001,Fresh,0.9532,0.9532,0.0455,0.0013,Fresh,0.9985,0.9985,0.0012,0.0003,Fresh,0.9762,0.9762,0.0159,0.0079,Fresh,0.9988,0.9988,0.0011,0.0002
D:\ML Project Freshness Detection\AgriFreshNET Freshness and Shelf-Life Image Datase\AgriFreshNET Freshness and Shelf-Life Image Datase\Processed Data\Processed Data\Rotten Tomato(24-35)\aug_249_IMG_20260128_095321073_HDR_AE.jpg,Tomato,2,Rotten,Rotten,0.7448,0.0144,0.2407,0.7448,Rotten,0.9873,0.001,0.0117,0.9873,Rotten,0.9987,0.0001,0.0011,0.9987,Rotten,0.9752,0.0079,0.0169,0.9752,Rotten,0.9969,0.0006,0.0025,0.9969
D:\ML Project Freshness Detection\AgriFreshNET Freshness and Shelf-Life Image Datase\AgriFreshNET Freshness and Shelf-Life Image Datase\Processed Data\Processed Data\Fresh Tomato(1-10)\IMG_20251119_201801756_HDR.jpg,Tomato,0,Fresh,Fresh,0.8308,0.8308,0.1678,0.0014,Fresh,0.7749,0.7749,0.2129,0.0122,Fresh,0.9611,0.9611,0.0387,0.0003,Fresh,0.9938,0.9938,0.005,0.0012,Fresh,0.9918,0.9918,0.0067,0.0015
D:\ML Project Freshness Detection\AgriFreshNET Freshness and Shelf-Life Image Datase\AgriFreshNET Freshness and Shelf-Life Image Datase\Processed Data\Processed Data\Fresh Tomato(1-10)\IMG_20251125_211911328_HDR.jpg,Tomato,0,Fresh,Fresh,0.518,0.518,0.452,0.03,Fresh,0.4702,0.4702,0.3876,0.1422,Fresh,0.9693,0.9693,0.0303,0.0004,Fresh,0.9908,0.9908,0.0073,0.0019,Fresh,0.9877,0.9877,0.0108,0.0015
D:\ML Project Freshness Detection\AgriFreshNET Freshness and Shelf-Life Image Datase\AgriFreshNET Freshness and Shelf-Life Image Datase\Processed Data\Processed Data\Fresh Cucumber(1-6)\aug_230_IMG_20260114_010235.jpg,Cucumber,0,Fresh,Fresh,0.9755,0.9755,0.0237,0.0008,Fresh,0.9807,0.9807,0.0153,0.004,Fresh,0.999,0.999,0.0006,0.0004,Fresh,0.9961,0.9961,0.0029,0.001,Fresh,0.9943,0.9943,0.0052,0.0004
D:\ML Project Freshness Detection\AgriFreshNET Freshness and Shelf-Life Image Datase\AgriFreshNET Freshness and Shelf-Life Image Datase\Processed Data\Processed Data\Semi fresh Pineapple (15-25)\aug_261_IMG-20251205-WA0016.jpg,Pineapple,1,Semi-Fresh,Semi-Fresh,0.9233,0.075,0.9233,0.0016,Semi-Fresh,0.9863,0.0097,0.9863,0.004,Semi-Fresh,0.9902,0.0096,0.9902,0.0002,Semi-Fresh,0.9994,0.0005,0.9994,0.0001,Semi-Fresh,0.9987,0.0012,0.9987,0.0001
D:\ML Project Freshness Detection\AgriFreshNET Freshness and Shelf-Life Image Datase\AgriFreshNET Freshness and Shelf-Life Image Datase\Processed Data\Processed Data\Rotten banana(7-13)\aug_234_IMG_20251113_123301246_HDR_AE.jpg,Banana,2,Rotten,Rotten,0.9897,0.0005,0.0098,0.9897,Rotten,0.9937,0.0007,0.0056,0.9937,Rotten,0.9913,0.0007,0.0081,0.9913,Rotten,0.9983,0.0006,0.0011,0.9983,Rotten,0.9973,0.0002,0.0025,0.9973
D:\ML Project Freshness Detection\AgriFreshNET Freshness and Shelf-Life Image Datase\AgriFreshNET Freshness and Shelf-Life Image Datase\Processed Data\Processed Data\Fresh Cucumber(1-6)\aug_186_IMG_20260116_030128.jpg,Cucumber,0,Fresh,Fresh,0.9925,0.9925,0.0073,0.0001,Fresh,0.9976,0.9976,0.0018,0.0006,Fresh,0.9996,0.9996,0.0004,0.0,Fresh,0.9868,0.9868,0.0122,0.001,Fresh,0.9958,0.9958,0.0035,0.0007
D:\ML Project Freshness Detection\AgriFreshNET Freshness and Shelf-Life Image Datase\AgriFreshNET Freshness and Shelf-Life Image Datase\Processed Data\Processed Data\Rotten Papaya(7-12)\aug_47_IMG_20260130_163403_1.jpg,Papaya,2,Rotten,Rotten,0.9903,0.0027,0.007,0.9903,Rotten,0.9998,0.0,0.0002,0.9998,Rotten,0.9946,0.0004,0.005,0.9946,Rotten,0.9945,0.0023,0.0031,0.9945,Rotten,0.9999,0.0,0.0001,0.9999
D:\ML Project Freshness Detection\AgriFreshNET Freshness and Shelf-Life Image Datase\AgriFreshNET Freshness and Shelf-Life Image Datase\Processed Data\Processed Data\Semi fresh Orange(9-20)\aug_141_IMG_20251116_220709326_HDR.jpg,Orange,1,Semi-Fresh,Semi-Fresh,0.7339,0.2652,0.7339,0.0009,Semi-Fresh,0.9969,0.003,0.9969,0.0,Semi-Fresh,0.9991,0.0008,0.9991,0.0001,Semi-Fresh,0.9986,0.0012,0.9986,0.0002,Semi-Fresh,0.9963,0.0032,0.9963,0.0005
D:\ML Project Freshness Detection\AgriFreshNET Freshness and Shelf-Life Image Datase\AgriFreshNET Freshness and Shelf-Life Image Datase\Processed Data\Processed Data\Rotten Orange(20-35)\aug_439_IMG-20251215-WA0025.jpg,Orange,2,Rotten,Rotten,0.8726,0.0094,0.118,0.8726,Rotten,0.9789,0.0007,0.0204,0.9789,Rotten,0.9983,0.0,0.0016,0.9983,Rotten,0.9973,0.0008,0.0019,0.9973,Rotten,0.998,0.0001,0.0019,0.998
D:\ML Project Freshness Detection\AgriFreshNET Freshness and Shelf-Life Image Datase\AgriFreshNET Freshness and Shelf-Life Image Datase\Processed Data\Processed Data\Fresh Tomato(1-10)\IMG_20251130_181333411_HDR.jpg,Tomato,0,Fresh,Fresh,0.7481,0.7481,0.2447,0.0072,Fresh,0.7954,0.7954,0.1826,0.022,Fresh,0.9675,0.9675,0.0309,0.0015,Fresh,0.9606,0.9606,0.0366,0.0027,Fresh,0.8805,0.8805,0.1113,0.0082
D:\ML Project Freshness Detection\AgriFreshNET Freshness and Shelf-Life Image Datase\AgriFreshNET Freshness and Shelf-Life Image Datase\Processed Data\Processed Data\Fresh Bittermelon(1-3)\aug_327_IMG_20251118_161054.jpg,Bittermelon,0,Fresh,Fresh,0.9971,0.9971,0.0028,0.0,Fresh,0.9925,0.9925,0.0067,0.0008,Fresh,0.9994,0.9994,0.0005,0.0001,Fresh,0.9939,0.9939,0.0056,0.0005,Fresh,0.9995,0.9995,0.0003,0.0002
D:\ML Project Freshness Detection\AgriFreshNET Freshness and Shelf-Life Image Datase\AgriFreshNET Freshness and Shelf-Life Image Datase\Processed Data\Processed Data\Rotten Cucumber(12-20)\aug_452_IMG_20260122_003111.jpg,Cucumber,2,Rotten,Semi-Fresh,0.8087,0.1298,0.8087,0.0614,Rotten,0.7853,0.0198,0.1949,0.7853,Rotten,0.8036,0.0093,0.1871,0.8036,Rotten,0.9277,0.0082,0.0641,0.9277,Rotten,0.9889,0.001,0.0101,0.9889
D:\ML Project Freshness Detection\AgriFreshNET Freshness and Shelf-Life Image Datase\AgriFreshNET Freshness and Shelf-Life Image Datase\Processed Data\Processed Data\Rotten Papaya(7-12)\IMG_20260130_163546.jpg,Papaya,2,Rotten,Rotten,0.8692,0.0232,0.1076,0.8692,Rotten,0.9957,0.0002,0.0041,0.9957,Rotten,0.9987,0.0,0.0013,0.9987,Rotten,0.9963,0.0005,0.0031,0.9963,Rotten,0.9967,0.0002,0.0032,0.9967
D:\ML Project Freshness Detection\AgriFreshNET Freshness and Shelf-Life Image Datase\AgriFreshNET Freshness and Shelf-Life Image Datase\Processed Data\Processed Data\Semi fresh Orange(9-20)\IMG-20251205-WA0006.jpg,Orange,1,Semi-Fresh,Rotten,0.6123,0.0301,0.3576,0.6123,Semi-Fresh,0.8143,0.163,0.8143,0.0227,Fresh,0.7202,0.7202,0.2749,0.005,Semi-Fresh,0.9233,0.0138,0.9233,0.0629,Semi-Fresh,0.9881,0.0089,0.9881,0.003
D:\ML Project Freshness Detection\AgriFreshNET Freshness and Shelf-Life Image Datase\AgriFreshNET Freshness and Shelf-Life Image Datase\Processed Data\Processed Data\Fresh Banana(1-4)\aug_76_IMG_20251121_143919361_HDR_AE.jpg,Banana,0,Fresh,Semi-Fresh,0.5988,0.3729,0.5988,0.0282,Fresh,0.6548,0.6548,0.3448,0.0004,Fresh,0.9734,0.9734,0.0266,0.0001,Fresh,0.9773,0.9773,0.0217,0.001,Fresh,0.9773,0.9773,0.0225,0.0002
D:\ML Project Freshness Detection\AgriFreshNET Freshness and Shelf-Life Image Datase\AgriFreshNET Freshness and Shelf-Life Image Datase\Processed Data\Processed Data\Semi_Fresh eggplant(4-8)\IMG_20251110_094100077_HDR_AE.jpg,Eggplant,1,Semi-Fresh,Semi-Fresh,0.5329,0.2481,0.5329,0.219,Fresh,0.6021,0.6021,0.3299,0.0679,Semi-Fresh,0.5618,0.4175,0.5618,0.0207,Semi-Fresh,0.7687,0.2162,0.7687,0.0151,Semi-Fresh,0.9422,0.0569,0.9422,0.0009
D:\ML Project Freshness Detection\AgriFreshNET Freshness and Shelf-Life Image Datase\AgriFreshNET Freshness and Shelf-Life Image Datase\Processed Data\Processed Data\Semi fresh Orange(9-20)\aug_38_IMG_20251117_140720111_HDR_AE.jpg,Orange,1,Semi-Fresh,Semi-Fresh,0.8119,0.173,0.8119,0.0151,Semi-Fresh,0.9897,0.0099,0.9897,0.0003,Semi-Fresh,0.9734,0.0262,0.9734,0.0004,Semi-Fresh,0.9971,0.0024,0.9971,0.0005,Semi-Fresh,0.9976,0.0021,0.9976,0.0003
D:\ML Project Freshness Detection\AgriFreshNET Freshness and Shelf-Life Image Datase\AgriFreshNET Freshness and Shelf-Life Image Datase\Processed Data\Processed Data\Fresh Cucumber(1-6)\IMG_20260114_005500.jpg,Cucumber,0,Fresh,Fresh,0.8797,0.8797,0.1199,0.0004,Fresh,0.8913,0.8913,0.1064,0.0024,Fresh,0.8765,0.8765,0.122,0.0016,Fresh,0.99,0.99,0.0095,0.0004,Fresh,0.9966,0.9966,0.0031,0.0003
D:\ML Project Freshness Detection\AgriFreshNET Freshness and Shelf-Life Image Datase\AgriFreshNET Freshness and Shelf-Life Image Datase\Processed Data\Processed Data\Semi Fresh Cucumber(6-12)\aug_260_IMG_20260212_155608.jpg,Cucumber,1,Semi-Fresh,Semi-Fresh,0.8051,0.1403,0.8051,0.0546,Semi-Fresh,0.9783,0.0172,0.9783,0.0045,Semi-Fresh,0.9895,0.0067,0.9895,0.0038,Semi-Fresh,0.9628,0.0324,0.9628,0.0048,Semi-Fresh,0.9962,0.003,0.9962,0.0008
D:\ML Project Freshness Detection\AgriFreshNET Freshness and Shelf-Life Image Datase\AgriFreshNET Freshness and Shelf-Life Image Datase\Processed Data\Processed Data\Semi Fresh Cucumber(6-12)\aug_210_IMG_20260212_155230.jpg,Cucumber,1,Semi-Fresh,Semi-Fresh,0.5152,0.484,0.5152,0.0008,Semi-Fresh,0.9963,0.0034,0.9963,0.0003,Semi-Fresh,0.9926,0.0061,0.9926,0.0013,Semi-Fresh,0.9987,0.0012,0.9987,0.0001,Semi-Fresh,0.9965,0.0024,0.9965,0.0011
D:\ML Project Freshness Detection\AgriFreshNET Freshness and Shelf-Life Image Datase\AgriFreshNET Freshness and Shelf-Life Image Datase\Processed Data\Processed Data\Fresh eggplant(1-4)\aug_340_IMG_20251119_200157013_HDR.jpg,Eggplant,0,Fresh,Fresh,0.5396,0.5396,0.3284,0.132,Fresh,0.5289,0.5289,0.3182,0.1529,Fresh,0.6441,0.6441,0.3513,0.0046,Fresh,0.8913,0.8913,0.1025,0.0062,Fresh,0.9925,0.9925,0.0063,0.0011
D:\ML Project Freshness Detection\AgriFreshNET Freshness and Shelf-Life Image Datase\AgriFreshNET Freshness and Shelf-Life Image Datase\Processed Data\Processed Data\Rotten eggplant(8-15)\aug_355_IMG_20251118_165257928_HDR.jpg,Eggplant,2,Rotten,Rotten,0.9229,0.037,0.0401,0.9229,Rotten,0.9622,0.0129,0.0249,0.9622,Rotten,0.9287,0.0313,0.04,0.9287,Rotten,0.978,0.0099,0.0122,0.978,Rotten,0.9971,0.0009,0.0021,0.9971
D:\ML Project Freshness Detection\AgriFreshNET Freshness and Shelf-Life Image Datase\AgriFreshNET Freshness and Shelf-Life Image Datase\Processed Data\Processed Data\Fresh Banana(1-4)\aug_307_IMG_20251104_131910090_HDR_AE.jpg,Banana,0,Fresh,Fresh,0.8984,0.8984,0.096,0.0055,Fresh,0.7977,0.7977,0.2008,0.0015,Fresh,0.9884,0.9884,0.0111,0.0005,Fresh,0.9786,0.9786,0.0208,0.0006,Fresh,0.99,0.99,0.0097,0.0003
D:\ML Project Freshness Detection\AgriFreshNET Freshness and Shelf-Life Image Datase\AgriFreshNET Freshness and Shelf-Life Image Datase\Processed Data\Processed Data\Semi Fresh Papaya(4-7)\IMG_20251124_022608.jpg,Papaya,1,Semi-Fresh,Semi-Fresh,0.663,0.337,0.663,0.0001,Semi-Fresh,0.9916,0.0083,0.9916,0.0,Semi-Fresh,0.9973,0.0026,0.9973,0.0001,Semi-Fresh,0.999,0.0006,0.999,0.0004,Semi-Fresh,0.9987,0.0011,0.9987,0.0002
D:\ML Project Freshness Detection\AgriFreshNET Freshness and Shelf-Life Image Datase\AgriFreshNET Freshness and Shelf-Life Image Datase\Processed Data\Processed Data\Rotten Orange(20-35)\aug_143_IMG-20251114-WA0006.jpg,Orange,2,Rotten,Rotten,0.9402,0.0252,0.0346,0.9402,Rotten,0.905,0.0143,0.0807,0.905,Rotten,0.9823,0.0073,0.0104,0.9823,Rotten,0.9987,0.0005,0.0008,0.9987,Rotten,0.9989,0.0002,0.0008,0.9989
D:\ML Project Freshness Detection\AgriFreshNET Freshness and Shelf-Life Image Datase\AgriFreshNET Freshness and Shelf-Life Image Datase\Processed Data\Processed Data\Fresh eggplant(1-4)\aug_2_IMG_20251119_200141416_HDR.jpg,Eggplant,0,Fresh,Semi-Fresh,0.5429,0.4563,0.5429,0.0008,Semi-Fresh,0.7839,0.2101,0.7839,0.0059,Fresh,0.7763,0.7763,0.2217,0.002,Fresh,0.9797,0.9797,0.0191,0.0012,Semi-Fresh,0.9442,0.0545,0.9442,0.0014
D:\ML Project Freshness Detection\AgriFreshNET Freshness and Shelf-Life Image Datase\AgriFreshNET Freshness and Shelf-Life Image Datase\Processed Data\Processed Data\Semi Fresh Cucumber(6-12)\aug_87_IMG_20260212_155150.jpg,Cucumber,1,Semi-Fresh,Semi-Fresh,0.8954,0.0984,0.8954,0.0062,Semi-Fresh,0.9978,0.0013,0.9978,0.001,Semi-Fresh,0.9894,0.0098,0.9894,0.0007,Semi-Fresh,0.9989,0.0003,0.9989,0.0008,Semi-Fresh,0.9918,0.0037,0.9918,0.0045
D:\ML Project Freshness Detection\AgriFreshNET Freshness and Shelf-Life Image Datase\AgriFreshNET Freshness and Shelf-Life Image Datase\Processed Data\Processed Data\Semi fresh Tomato(10-24)\IMG_20260121_230747255_HDR.jpg,Tomato,1,Semi-Fresh,Semi-Fresh,0.8401,0.1291,0.8401,0.0308,Semi-Fresh,0.6234,0.2239,0.6234,0.1527,Semi-Fresh,0.548,0.2289,0.548,0.2231,Semi-Fresh,0.7838,0.134,0.7838,0.0823,Semi-Fresh,0.7376,0.2031,0.7376,0.0593
D:\ML Project Freshness Detection\AgriFreshNET Freshness and Shelf-Life Image Datase\AgriFreshNET Freshness and Shelf-Life Image Datase\Processed Data\Processed Data\Fresh pineapple(1-15)\IMG-20251125-WA0004.jpg,Pineapple,0,Fresh,Fresh,0.9929,0.9929,0.0071,0.0,Fresh,0.9965,0.9965,0.0034,0.0,Fresh,0.9998,0.9998,0.0002,0.0,Fresh,0.9995,0.9995,0.0004,0.0001,Fresh,0.9996,0.9996,0.0004,0.0001
D:\ML Project Freshness Detection\AgriFreshNET Freshness and Shelf-Life Image Datase\AgriFreshNET Freshness and Shelf-Life Image Datase\Processed Data\Processed Data\Fresh Orange(1-9)\aug_80_IMG_20251107_114007953_HDR_AE.jpg,Orange,0,Fresh,Semi-Fresh,0.7182,0.2802,0.7182,0.0015,Fresh,0.5773,0.5773,0.4224,0.0003,Fresh,0.909,0.909,0.0902,0.0008,Fresh,0.9184,0.9184,0.0799,0.0017,Fresh,0.9969,0.9969,0.0027,0.0004
D:\ML Project Freshness Detection\AgriFreshNET Freshness and Shelf-Life Image Datase\AgriFreshNET Freshness and Shelf-Life Image Datase\Processed Data\Processed Data\Fresh Orange(1-9)\IMG-20251112-WA0012.jpg,Orange,0,Fresh,Fresh,0.8088,0.8088,0.1902,0.001,Fresh,0.9353,0.9353,0.0644,0.0004,Fresh,0.9886,0.9886,0.0109,0.0005,Fresh,0.8501,0.8501,0.1483,0.0016,Fresh,0.9887,0.9887,0.0094,0.002
D:\ML Project Freshness Detection\AgriFreshNET Freshness and Shelf-Life Image Datase\AgriFreshNET Freshness and Shelf-Life Image Datase\Processed Data\Processed Data\Rotten Orange(20-35)\IMG-20251230-WA0040.jpg,Orange,2,Rotten,Rotten,0.985,0.0002,0.0148,0.985,Rotten,0.9997,0.0,0.0002,0.9997,Rotten,1.0,0.0,0.0,1.0,Rotten,0.9974,0.0011,0.0015,0.9974,Rotten,0.9994,0.0002,0.0004,0.9994
D:\ML Project Freshness Detection\AgriFreshNET Freshness and Shelf-Life Image Datase\AgriFreshNET Freshness and Shelf-Life Image Datase\Processed Data\Processed Data\Rotten Orange(20-35)\IMG-20251114-WA0005.jpg,Orange,2,Rotten,Rotten,0.851,0.0497,0.0993,0.851,Rotten,0.9885,0.0018,0.0097,0.9885,Rotten,0.9977,0.0003,0.002,0.9977,Rotten,0.9982,0.0009,0.0009,0.9982,Rotten,0.9997,0.0001,0.0001,0.9997
D:\ML Project Freshness Detection\AgriFreshNET Freshness and Shelf-Life Image Datase\AgriFreshNET Freshness and Shelf-Life Image Datase\Processed Data\Processed Data\Fresh Cucumber(1-6)\aug_152_IMG_20260114_005445.jpg,Cucumber,0,Fresh,Fresh,0.731,0.731,0.2621,0.0069,Fresh,0.9551,0.9551,0.0446,0.0003,Fresh,0.9953,0.9953,0.0046,0.0002,Fresh,0.9964,0.9964,0.0035,0.0001,Fresh,0.9969,0.9969,0.0028,0.0003
D:\ML Project Freshness Detection\AgriFreshNET Freshness and Shelf-Life Image Datase\AgriFreshNET Freshness and Shelf-Life Image Datase\Processed Data\Processed Data\Semi Fresh Cucumber(6-12)\aug_240_IMG_20260120_004353.jpg,Cucumber,1,Semi-Fresh,Semi-Fresh,0.6445,0.0291,0.6445,0.3264,Semi-Fresh,0.8701,0.0032,0.8701,0.1267,Semi-Fresh,0.9899,0.0067,0.9899,0.0034,Semi-Fresh,0.9541,0.0172,0.9541,0.0288,Semi-Fresh,0.9784,0.0047,0.9784,0.0169
D:\ML Project Freshness Detection\AgriFreshNET Freshness and Shelf-Life Image Datase\AgriFreshNET Freshness and Shelf-Life Image Datase\Processed Data\Processed Data\Rotten Papaya(7-12)\aug_111_IMG_20260130_163437.jpg,Papaya,2,Rotten,Rotten,0.9913,0.0059,0.0028,0.9913,Rotten,0.9952,0.0007,0.0041,0.9952,Rotten,0.9864,0.0004,0.0132,0.9864,Rotten,0.9972,0.0009,0.0019,0.9972,Rotten,0.9981,0.0,0.0019,0.9981
D:\ML Project Freshness Detection\AgriFreshNET Freshness and Shelf-Life Image Datase\AgriFreshNET Freshness and Shelf-Life Image Datase\Processed Data\Processed Data\Fresh Bittermelon(1-3)\IMG_20251027_171134.jpg,Bittermelon,0,Fresh,Fresh,0.9983,0.9983,0.0017,0.0,Fresh,0.9919,0.9919,0.0074,0.0007,Fresh,0.9998,0.9998,0.0001,0.0,Fresh,0.997,0.997,0.002,0.001,Fresh,0.9974,0.9974,0.002,0.0005
D:\ML Project Freshness Detection\AgriFreshNET Freshness and Shelf-Life Image Datase\AgriFreshNET Freshness and Shelf-Life Image Datase\Processed Data\Processed Data\Rotten Orange(20-35)\aug_42_IMG-20251230-WA0040.jpg,Orange,2,Rotten,Rotten,0.9713,0.0006,0.0281,0.9713,Rotten,0.9987,0.0001,0.0012,0.9987,Rotten,1.0,0.0,0.0,1.0,Rotten,0.9961,0.0019,0.0021,0.9961,Rotten,0.9994,0.0002,0.0004,0.9994
D:\ML Project Freshness Detection\AgriFreshNET Freshness and Shelf-Life Image Datase\AgriFreshNET Freshness and Shelf-Life Image Datase\Processed Data\Processed Data\Fresh Banana(1-4)\aug_409_IMG_20251119_201458798_HDR.jpg,Banana,0,Fresh,Fresh,0.9962,0.9962,0.0037,0.0001,Fresh,0.9835,0.9835,0.0155,0.001,Fresh,0.9987,0.9987,0.001,0.0002,Fresh,0.996,0.996,0.0024,0.0016,Fresh,0.9979,0.9979,0.0013,0.0008
D:\ML Project Freshness Detection\AgriFreshNET Freshness and Shelf-Life Image Datase\AgriFreshNET Freshness and Shelf-Life Image Datase\Processed Data\Processed Data\Semi fresh banana(4-7)\aug_60_IMG_20251123_105743930_HDR_AE.jpg,Banana,1,Semi-Fresh,Semi-Fresh,0.7756,0.0214,0.7756,0.203,Semi-Fresh,0.9472,0.0039,0.9472,0.0489,Semi-Fresh,0.9715,0.0159,0.9715,0.0126,Semi-Fresh,0.9931,0.0044,0.9931,0.0025,Semi-Fresh,0.9952,0.0038,0.9952,0.001
D:\ML Project Freshness Detection\AgriFreshNET Freshness and Shelf-Life Image Datase\AgriFreshNET Freshness and Shelf-Life Image Datase\Processed Data\Processed Data\Rotten Orange(20-35)\aug_142_IMG-20260128-WA0022.jpg,Orange,2,Rotten,Rotten,0.9892,0.0002,0.0107,0.9892,Rotten,0.9977,0.0001,0.0022,0.9977,Rotten,0.9973,0.0001,0.0027,0.9973,Rotten,0.998,0.0009,0.0011,0.998,Rotten,0.9971,0.0004,0.0025,0.9971
D:\ML Project Freshness Detection\AgriFreshNET Freshness and Shelf-Life Image Datase\AgriFreshNET Freshness and Shelf-Life Image Datase\Processed Data\Processed Data\Semi_Fresh eggplant(4-8)\IMG_20251201_190603410_HDR.jpg,Eggplant,1,Semi-Fresh,Semi-Fresh,0.5932,0.4059,0.5932,0.0008,Semi-Fresh,0.8982,0.0954,0.8982,0.0064,Semi-Fresh,0.9453,0.0541,0.9453,0.0006,Semi-Fresh,0.9719,0.0127,0.9719,0.0154,Semi-Fresh,0.9975,0.0015,0.9975,0.001
D:\ML Project Freshness Detection\AgriFreshNET Freshness and Shelf-Life Image Datase\AgriFreshNET Freshness and Shelf-Life Image Datase\Processed Data\Processed Data\Semi Fresh Bittermelon ( 3-5)\aug_460_IMG_20260116_025834.jpg,Bittermelon,1,Semi-Fresh,Fresh,0.8912,0.8912,0.1086,0.0002,Semi-Fresh,0.9525,0.0372,0.9525,0.0104,Semi-Fresh,0.9874,0.0107,0.9874,0.0019,Semi-Fresh,0.9915,0.0045,0.9915,0.0039,Semi-Fresh,0.9985,0.0009,0.9985,0.0006
D:\ML Project Freshness Detection\AgriFreshNET Freshness and Shelf-Life Image Datase\AgriFreshNET Freshness and Shelf-Life Image Datase\Processed Data\Processed Data\Rotten Orange(20-35)\aug_429_IMG-20251230-WA0036.jpg,Orange,2,Rotten,Rotten,0.9698,0.0007,0.0294,0.9698,Rotten,0.9963,0.0005,0.0031,0.9963,Rotten,0.9967,0.0002,0.0031,0.9967,Rotten,0.9955,0.0023,0.0022,0.9955,Rotten,0.9991,0.0001,0.0008,0.9991
D:\ML Project Freshness Detection\AgriFreshNET Freshness and Shelf-Life Image Datase\AgriFreshNET Freshness and Shelf-Life Image Datase\Processed Data\Processed Data\Fresh Orange(1-9)\IMG_20251109_112143660_HDR_AE.jpg,Orange,0,Fresh,Fresh,0.9804,0.9804,0.0184,0.0012,Fresh,0.9639,0.9639,0.0356,0.0005,Fresh,0.9903,0.9903,0.0093,0.0004,Fresh,0.9955,0.9955,0.0043,0.0002,Fresh,0.9977,0.9977,0.0019,0.0004
D:\ML Project Freshness Detection\AgriFreshNET Freshness and Shelf-Life Image Datase\AgriFreshNET Freshness and Shelf-Life Image Datase\Processed Data\Processed Data\Semi fresh Orange(9-20)\aug_60_IMG_20251119_200517397_HDR.jpg,Orange,1,Semi-Fresh,Semi-Fresh,0.8638,0.1358,0.8638,0.0004,Semi-Fresh,0.9954,0.0044,0.9954,0.0003,Semi-Fresh,0.9997,0.0002,0.9997,0.0,Semi-Fresh,0.9991,0.0008,0.9991,0.0001,Semi-Fresh,0.9882,0.0111,0.9882,0.0008
D:\ML Project Freshness Detection\AgriFreshNET Freshness and Shelf-Life Image Datase\AgriFreshNET Freshness and Shelf-Life Image Datase\Processed Data\Processed Data\Semi Fresh Bittermelon ( 3-5)\aug_10_IMG_20260122_003123.jpg,Bittermelon,1,Semi-Fresh,Semi-Fresh,0.8589,0.1382,0.8589,0.0029,Semi-Fresh,0.9341,0.0582,0.9341,0.0077,Semi-Fresh,0.9724,0.0274,0.9724,0.0002,Semi-Fresh,0.9663,0.028,0.9663,0.0057,Semi-Fresh,0.9929,0.0067,0.9929,0.0004
D:\ML Project Freshness Detection\AgriFreshNET Freshness and Shelf-Life Image Datase\AgriFreshNET Freshness and Shelf-Life Image Datase\Processed Data\Processed Data\Rotten banana(7-13)\IMG_20251125_210456444_HDR.jpg,Banana,2,Rotten,Semi-Fresh,0.7992,0.059,0.7992,0.1418,Semi-Fresh,0.8296,0.0189,0.8296,0.1514,Semi-Fresh,0.5392,0.0389,0.5392,0.4219,Semi-Fresh,0.513,0.0044,0.513,0.4826,Semi-Fresh,0.8976,0.0012,0.8976,0.1011
D:\ML Project Freshness Detection\AgriFreshNET Freshness and Shelf-Life Image Datase\AgriFreshNET Freshness and Shelf-Life Image Datase\Processed Data\Processed Data\Fresh Papaya(1-4)\IMG_20251123_012818.jpg,Papaya,0,Fresh,Semi-Fresh,0.7318,0.2651,0.7318,0.0031,Fresh,0.809,0.809,0.1895,0.0015,Fresh,0.9694,0.9694,0.0306,0.0,Fresh,0.914,0.914,0.0854,0.0005,Fresh,0.9707,0.9707,0.0283,0.0009
D:\ML Project Freshness Detection\AgriFreshNET Freshness and Shelf-Life Image Datase\AgriFreshNET Freshness and Shelf-Life Image Datase\Processed Data\Processed Data\Fresh Banana(1-4)\IMG_20251102_075719065_HDR_AE.jpg,Banana,0,Fresh,Fresh,0.9729,0.9729,0.0265,0.0006,Fresh,0.9939,0.9939,0.006,0.0001,Fresh,0.9912,0.9912,0.0084,0.0005,Fresh,0.9982,0.9982,0.0016,0.0002,Fresh,0.9994,0.9994,0.0005,0.0001
D:\ML Project Freshness Detection\AgriFreshNET Freshness and Shelf-Life Image Datase\AgriFreshNET Freshness and Shelf-Life Image Datase\Processed Data\Processed Data\Semi fresh banana(4-7)\aug_229_IMG_20260121_230343869_HDR.jpg,Banana,1,Semi-Fresh,Semi-Fresh,0.7582,0.2352,0.7582,0.0066,Semi-Fresh,0.9864,0.0054,0.9864,0.0082,Semi-Fresh,0.9982,0.001,0.9982,0.0007,Semi-Fresh,0.9996,0.0001,0.9996,0.0003,Semi-Fresh,0.9997,0.0001,0.9997,0.0002
D:\ML Project Freshness Detection\AgriFreshNET Freshness and Shelf-Life Image Datase\AgriFreshNET Freshness and Shelf-Life Image Datase\Processed Data\Processed Data\Semi fresh banana(4-7)\IMG_20251124_191138782_HDR.jpg,Banana,1,Semi-Fresh,Semi-Fresh,0.8832,0.0145,0.8832,0.1023,Semi-Fresh,0.5164,0.0002,0.5164,0.4834,Semi-Fresh,0.9473,0.0006,0.9473,0.0521,Semi-Fresh,0.941,0.0048,0.941,0.0542,Semi-Fresh,0.9978,0.0003,0.9978,0.002
D:\ML Project Freshness Detection\AgriFreshNET Freshness and Shelf-Life Image Datase\AgriFreshNET Freshness and Shelf-Life Image Datase\Processed Data\Processed Data\Semi_Fresh eggplant(4-8)\aug_169_IMG_20251125_212135394_HDR.jpg,Eggplant,1,Semi-Fresh,Fresh,0.789,0.789,0.2046,0.0064,Semi-Fresh,0.4949,0.4149,0.4949,0.0902,Fresh,0.7566,0.7566,0.2243,0.019,Fresh,0.8011,0.8011,0.1815,0.0174,Fresh,0.8485,0.8485,0.1262,0.0253
D:\ML Project Freshness Detection\AgriFreshNET Freshness and Shelf-Life Image Datase\AgriFreshNET Freshness and Shelf-Life Image Datase\Processed Data\Processed Data\Semi fresh Pineapple (15-25)\aug_202_IMG-20251207-WA0023.jpg,Pineapple,1,Semi-Fresh,Semi-Fresh,0.9172,0.0647,0.9172,0.0181,Semi-Fresh,0.9587,0.0339,0.9587,0.0075,Semi-Fresh,0.9938,0.0049,0.9938,0.0014,Semi-Fresh,0.9934,0.0063,0.9934,0.0004,Semi-Fresh,0.9961,0.0022,0.9961,0.0017
D:\ML Project Freshness Detection\AgriFreshNET Freshness and Shelf-Life Image Datase\AgriFreshNET Freshness and Shelf-Life Image Datase\Processed Data\Processed Data\Fresh eggplant(1-4)\aug_63_IMG_20251127_192840590_HDR.jpg,Eggplant,0,Fresh,Semi-Fresh,0.4667,0.3583,0.4667,0.1751,Semi-Fresh,0.6552,0.2207,0.6552,0.1242,Fresh,0.7414,0.7414,0.2299,0.0287,Fresh,0.8841,0.8841,0.1091,0.0069,Semi-Fresh,0.5933,0.3985,0.5933,0.0081
D:\ML Project Freshness Detection\AgriFreshNET Freshness and Shelf-Life Image Datase\AgriFreshNET Freshness and Shelf-Life Image Datase\Processed Data\Processed Data\Semi fresh Orange(9-20)\IMG_20251125_185732894_HDR.jpg,Orange,1,Semi-Fresh,Semi-Fresh,0.9069,0.0924,0.9069,0.0007,Semi-Fresh,0.9943,0.0038,0.9943,0.0018,Semi-Fresh,0.9992,0.0006,0.9992,0.0002,Semi-Fresh,0.9989,0.0003,0.9989,0.0008,Semi-Fresh,0.9955,0.0038,0.9955,0.0007
D:\ML Project Freshness Detection\AgriFreshNET Freshness and Shelf-Life Image Datase\AgriFreshNET Freshness and Shelf-Life Image Datase\Processed Data\Processed Data\Semi Fresh Papaya(4-7)\aug_8_IMG_20251031_164008.jpg,Papaya,1,Semi-Fresh,Semi-Fresh,0.8017,0.1816,0.8017,0.0167,Semi-Fresh,0.9813,0.0107,0.9813,0.008,Semi-Fresh,0.9995,0.0,0.9995,0.0004,Semi-Fresh,0.9972,0.0025,0.9972,0.0003,Semi-Fresh,0.9932,0.0056,0.9932,0.0012
D:\ML Project Freshness Detection\AgriFreshNET Freshness and Shelf-Life Image Datase\AgriFreshNET Freshness and Shelf-Life Image Datase\Processed Data\Processed Data\Semi_Fresh eggplant(4-8)\IMG_20251201_190626636_HDR.jpg,Eggplant,1,Semi-Fresh,Semi-Fresh,0.9268,0.0725,0.9268,0.0007,Semi-Fresh,0.9758,0.01,0.9758,0.0142,Semi-Fresh,0.9597,0.0387,0.9597,0.0016,Semi-Fresh,0.9976,0.001,0.9976,0.0014,Semi-Fresh,0.9994,0.0003,0.9994,0.0002
D:\ML Project Freshness Detection\AgriFreshNET Freshness and Shelf-Life Image Datase\AgriFreshNET Freshness and Shelf-Life Image Datase\Processed Data\Processed Data\Semi fresh Tomato(10-24)\IMG_20251201_185648376_HDR.jpg,Tomato,1,Semi-Fresh,Semi-Fresh,0.6607,0.3364,0.6607,0.0029,Semi-Fresh,0.7517,0.2436,0.7517,0.0047,Semi-Fresh,0.9887,0.0108,0.9887,0.0006,Semi-Fresh,0.9804,0.0178,0.9804,0.0018,Semi-Fresh,0.99,0.0095,0.99,0.0006
D:\ML Project Freshness Detection\AgriFreshNET Freshness and Shelf-Life Image Datase\AgriFreshNET Freshness and Shelf-Life Image Datase\Processed Data\Processed Data\Rotten Pineapple(25-35)\IMG_20251126_194210600_HDR.jpg,Pineapple,2,Rotten,Semi-Fresh,0.7419,0.0083,0.7419,0.2498,Rotten,0.9516,0.0017,0.0467,0.9516,Rotten,0.965,0.0002,0.0348,0.965,Rotten,0.9906,0.0024,0.0069,0.9906,Rotten,0.9982,0.0,0.0017,0.9982
D:\ML Project Freshness Detection\AgriFreshNET Freshness and Shelf-Life Image Datase\AgriFreshNET Freshness and Shelf-Life Image Datase\Processed Data\Processed Data\Semi fresh Tomato(10-24)\aug_77_IMG_20251115_121652555_HDR_AE.jpg,Tomato,1,Semi-Fresh,Semi-Fresh,0.7293,0.269,0.7293,0.0016,Fresh,0.5641,0.5641,0.368,0.0679,Semi-Fresh,0.6692,0.0661,0.6692,0.2648,Semi-Fresh,0.9489,0.0192,0.9489,0.0319,Semi-Fresh,0.9708,0.027,0.9708,0.0022
D:\ML Project Freshness Detection\AgriFreshNET Freshness and Shelf-Life Image Datase\AgriFreshNET Freshness and Shelf-Life Image Datase\Processed Data\Processed Data\Semi Fresh Bittermelon ( 3-5)\aug_22_IMG_20251105_143052.jpg,Bittermelon,1,Semi-Fresh,Semi-Fresh,0.9246,0.0621,0.9246,0.0132,Semi-Fresh,0.9634,0.0154,0.9634,0.0212,Semi-Fresh,0.944,0.055,0.944,0.001,Semi-Fresh,0.986,0.0105,0.986,0.0035,Semi-Fresh,0.9826,0.0032,0.9826,0.0143
D:\ML Project Freshness Detection\AgriFreshNET Freshness and Shelf-Life Image Datase\AgriFreshNET Freshness and Shelf-Life Image Datase\Processed Data\Processed Data\Rotten Tomato(24-35)\IMG_20251126_191840213_HDR.jpg,Tomato,2,Rotten,Rotten,0.9154,0.0024,0.0822,0.9154,Rotten,0.98,0.0004,0.0196,0.98,Rotten,0.9531,0.0001,0.0469,0.9531,Rotten,0.9569,0.0011,0.042,0.9569,Rotten,0.6559,0.0028,0.3412,0.6559
D:\ML Project Freshness Detection\AgriFreshNET Freshness and Shelf-Life Image Datase\AgriFreshNET Freshness and Shelf-Life Image Datase\Processed Data\Processed Data\Fresh Bittermelon(1-3)\aug_69_IMG_20251118_161129.jpg,Bittermelon,0,Fresh,Fresh,0.9655,0.9655,0.0337,0.0009,Fresh,0.9987,0.9987,0.0012,0.0,Fresh,0.9975,0.9975,0.0024,0.0002,Fresh,0.9905,0.9905,0.0084,0.001,Fresh,0.9994,0.9994,0.0005,0.0001
D:\ML Project Freshness Detection\AgriFreshNET Freshness and Shelf-Life Image Datase\AgriFreshNET Freshness and Shelf-Life Image Datase\Processed Data\Processed Data\Rotten Pineapple(25-35)\aug_88_IMG-20260128-WA0049.jpg,Pineapple,2,Rotten,Rotten,0.6385,0.0085,0.353,0.6385,Rotten,0.8854,0.0022,0.1124,0.8854,Rotten,0.9896,0.0,0.0104,0.9896,Rotten,0.9654,0.0019,0.0327,0.9654,Rotten,0.9994,0.0001,0.0005,0.9994
D:\ML Project Freshness Detection\AgriFreshNET Freshness and Shelf-Life Image Datase\AgriFreshNET Freshness and Shelf-Life Image Datase\Processed Data\Processed Data\Rotten banana(7-13)\IMG_20251114_213909292_HDR.jpg,Banana,2,Rotten,Rotten,0.9959,0.0002,0.004,0.9959,Rotten,0.9991,0.0,0.0008,0.9991,Rotten,0.9995,0.0,0.0005,0.9995,Rotten,0.998,0.0002,0.0018,0.998,Rotten,0.9969,0.0014,0.0017,0.9969
D:\ML Project Freshness Detection\AgriFreshNET Freshness and Shelf-Life Image Datase\AgriFreshNET Freshness and Shelf-Life Image Datase\Processed Data\Processed Data\Fresh pineapple(1-15)\IMG-20251127-WA0010.jpg,Pineapple,0,Fresh,Fresh,0.7059,0.7059,0.2741,0.02,Fresh,0.9967,0.9967,0.0026,0.0007,Fresh,0.9997,0.9997,0.0003,0.0001,Fresh,0.9954,0.9954,0.0041,0.0005,Fresh,0.9979,0.9979,0.0019,0.0002
D:\ML Project Freshness Detection\AgriFreshNET Freshness and Shelf-Life Image Datase\AgriFreshNET Freshness and Shelf-Life Image Datase\Processed Data\Processed Data\Semi Fresh Bittermelon ( 3-5)\aug_171_IMG_20260120_004728.jpg,Bittermelon,1,Semi-Fresh,Semi-Fresh,0.8753,0.1004,0.8753,0.0243,Semi-Fresh,0.9372,0.0065,0.9372,0.0563,Semi-Fresh,0.9969,0.001,0.9969,0.002,Semi-Fresh,0.9761,0.0018,0.9761,0.0221,Semi-Fresh,0.9962,0.0007,0.9962,0.0031
D:\ML Project Freshness Detection\AgriFreshNET Freshness and Shelf-Life Image Datase\AgriFreshNET Freshness and Shelf-Life Image Datase\Processed Data\Processed Data\Rotten Papaya(7-12)\IMG_20260122_002614.jpg,Papaya,2,Rotten,Rotten,0.8156,0.0715,0.1129,0.8156,Rotten,0.9816,0.0013,0.0171,0.9816,Semi-Fresh,0.502,0.1669,0.502,0.3311,Rotten,0.9717,0.0095,0.0188,0.9717,Rotten,0.957,0.0016,0.0414,0.957
D:\ML Project Freshness Detection\AgriFreshNET Freshness and Shelf-Life Image Datase\AgriFreshNET Freshness and Shelf-Life Image Datase\Processed Data\Processed Data\Fresh eggplant(1-4)\IMG_20251107_114525973_HDR_AE.jpg,Eggplant,0,Fresh,Fresh,0.7809,0.7809,0.1599,0.0591,Fresh,0.8942,0.8942,0.1019,0.0039,Fresh,0.9348,0.9348,0.0637,0.0015,Fresh,0.8968,0.8968,0.1012,0.002,Fresh,0.9895,0.9895,0.0104,0.0001
D:\ML Project Freshness Detection\AgriFreshNET Freshness and Shelf-Life Image Datase\AgriFreshNET Freshness and Shelf-Life Image Datase\Processed Data\Processed Data\Fresh Bittermelon(1-3)\aug_11_IMG_20251118_161024.jpg,Bittermelon,0,Fresh,Fresh,0.9464,0.9464,0.0531,0.0005,Fresh,0.9854,0.9854,0.0141,0.0004,Fresh,0.9991,0.9991,0.0005,0.0004,Fresh,0.9904,0.9904,0.0075,0.0021,Fresh,0.9987,0.9987,0.001,0.0002
D:\ML Project Freshness Detection\AgriFreshNET Freshness and Shelf-Life Image Datase\AgriFreshNET Freshness and Shelf-Life Image Datase\Processed Data\Processed Data\Semi fresh Orange(9-20)\aug_24_IMG_20251127_191145392_HDR.jpg,Orange,1,Semi-Fresh,Semi-Fresh,0.9122,0.061,0.9122,0.0268,Semi-Fresh,0.9959,0.0023,0.9959,0.0018,Semi-Fresh,0.9974,0.0016,0.9974,0.001,Semi-Fresh,0.9975,0.0007,0.9975,0.0018,Semi-Fresh,0.9994,0.0003,0.9994,0.0004
D:\ML Project Freshness Detection\AgriFreshNET Freshness and Shelf-Life Image Datase\AgriFreshNET Freshness and Shelf-Life Image Datase\Processed Data\Processed Data\Semi Fresh Cucumber(6-12)\aug_264_IMG_20260212_155335.jpg,Cucumber,1,Semi-Fresh,Semi-Fresh,0.9288,0.0711,0.9288,0.0002,Semi-Fresh,0.9967,0.003,0.9967,0.0003,Semi-Fresh,0.9976,0.0023,0.9976,0.0001,Semi-Fresh,0.9983,0.0009,0.9983,0.0008,Semi-Fresh,0.9996,0.0003,0.9996,0.0001
D:\ML Project Freshness Detection\AgriFreshNET Freshness and Shelf-Life Image Datase\AgriFreshNET Freshness and Shelf-Life Image Datase\Processed Data\Processed Data\Fresh Orange(1-9)\IMG-20251115-WA0013.jpg,Orange,0,Fresh,Fresh,0.9606,0.9606,0.0383,0.0012,Fresh,0.9961,0.9961,0.0039,0.0,Fresh,0.9977,0.9977,0.0023,0.0,Fresh,0.9954,0.9954,0.0035,0.0011,Fresh,0.9935,0.9935,0.0059,0.0007
D:\ML Project Freshness Detection\AgriFreshNET Freshness and Shelf-Life Image Datase\AgriFreshNET Freshness and Shelf-Life Image Datase\Processed Data\Processed Data\Fresh Cucumber(1-6)\aug_255_IMG_20260204_152240.jpg,Cucumber,0,Fresh,Fresh,0.7954,0.7954,0.2022,0.0023,Fresh,0.9985,0.9985,0.0012,0.0003,Fresh,0.9971,0.9971,0.0025,0.0004,Fresh,0.9956,0.9956,0.0044,0.0,Fresh,0.9938,0.9938,0.0054,0.0008
D:\ML Project Freshness Detection\AgriFreshNET Freshness and Shelf-Life Image Datase\AgriFreshNET Freshness and Shelf-Life Image Datase\Processed Data\Processed Data\Rotten Papaya(7-12)\aug_108_IMG_20260209_011109.jpg,Papaya,2,Rotten,Rotten,0.9976,0.0,0.0023,0.9976,Rotten,0.9968,0.0006,0.0025,0.9968,Rotten,0.9985,0.0006,0.0009,0.9985,Rotten,0.9982,0.0008,0.0009,0.9982,Rotten,0.9997,0.0001,0.0002,0.9997
D:\ML Project Freshness Detection\AgriFreshNET Freshness and Shelf-Life Image Datase\AgriFreshNET Freshness and Shelf-Life Image Datase\Processed Data\Processed Data\Rotten Papaya(7-12)\aug_101_IMG_20260209_011121.jpg,Papaya,2,Rotten,Rotten,0.9534,0.0208,0.0258,0.9534,Rotten,0.9362,0.0215,0.0422,0.9362,Rotten,0.9989,0.0007,0.0004,0.9989,Rotten,0.9976,0.0005,0.0019,0.9976,Rotten,0.9986,0.0001,0.0012,0.9986
D:\ML Project Freshness Detection\AgriFreshNET Freshness and Shelf-Life Image Datase\AgriFreshNET Freshness and Shelf-Life Image Datase\Processed Data\Processed Data\Fresh Papaya(1-4)\aug_7_IMG_20260116_030702.jpg,Papaya,0,Fresh,Fresh,0.907,0.907,0.0387,0.0543,Fresh,0.7786,0.7786,0.1592,0.0622,Fresh,0.9966,0.9966,0.0026,0.0008,Fresh,0.9682,0.9682,0.0311,0.0007,Fresh,0.9784,0.9784,0.0202,0.0013
D:\ML Project Freshness Detection\AgriFreshNET Freshness and Shelf-Life Image Datase\AgriFreshNET Freshness and Shelf-Life Image Datase\Processed Data\Processed Data\Rotten Bittermelon(5-8)\aug_339_IMG_20260120_004905.jpg,Bittermelon,2,Rotten,Rotten,0.8464,0.0015,0.152,0.8464,Rotten,0.9972,0.0001,0.0026,0.9972,Rotten,0.9974,0.0001,0.0025,0.9974,Rotten,0.9928,0.0012,0.006,0.9928,Rotten,0.9985,0.0001,0.0014,0.9985
D:\ML Project Freshness Detection\AgriFreshNET Freshness and Shelf-Life Image Datase\AgriFreshNET Freshness and Shelf-Life Image Datase\Processed Data\Processed Data\Fresh Cucumber(1-6)\aug_33_IMG_20260114_005458.jpg,Cucumber,0,Fresh,Fresh,0.9505,0.9505,0.0493,0.0001,Fresh,0.9489,0.9489,0.0503,0.0008,Fresh,0.9259,0.9259,0.0725,0.0016,Fresh,0.9852,0.9852,0.0144,0.0004,Fresh,0.9796,0.9796,0.0198,0.0006
D:\ML Project Freshness Detection\AgriFreshNET Freshness and Shelf-Life Image Datase\AgriFreshNET Freshness and Shelf-Life Image Datase\Processed Data\Processed Data\Rotten Pineapple(25-35)\aug_334_IMG-20251227-WA0015.jpg,Pineapple,2,Rotten,Rotten,0.906,0.0475,0.0465,0.906,Rotten,0.999,0.0009,0.0001,0.999,Rotten,0.9985,0.0003,0.0012,0.9985,Rotten,0.9957,0.0002,0.0041,0.9957,Rotten,0.9996,0.0001,0.0003,0.9996
D:\ML Project Freshness Detection\AgriFreshNET Freshness and Shelf-Life Image Datase\AgriFreshNET Freshness and Shelf-Life Image Datase\Processed Data\Processed Data\Fresh pineapple(1-15)\aug_223_IMG_20251115_122127765_HDR_AE.jpg,Pineapple,0,Fresh,Fresh,0.8426,0.8426,0.1503,0.007,Fresh,0.9782,0.9782,0.0212,0.0006,Fresh,0.9845,0.9845,0.0154,0.0001,Fresh,0.9314,0.9314,0.068,0.0006,Fresh,0.9818,0.9818,0.018,0.0002
D:\ML Project Freshness Detection\AgriFreshNET Freshness and Shelf-Life Image Datase\AgriFreshNET Freshness and Shelf-Life Image Datase\Processed Data\Processed Data\Fresh Papaya(1-4)\aug_256_IMG_20251027_171442.jpg,Papaya,0,Fresh,Fresh,0.572,0.572,0.4091,0.0189,Semi-Fresh,0.7369,0.2612,0.7369,0.002,Fresh,0.573,0.573,0.4254,0.0016,Fresh,0.9813,0.9813,0.0182,0.0005,Fresh,0.9979,0.9979,0.002,0.0001
D:\ML Project Freshness Detection\AgriFreshNET Freshness and Shelf-Life Image Datase\AgriFreshNET Freshness and Shelf-Life Image Datase\Processed Data\Processed Data\Rotten banana(7-13)\aug_144_IMG_20251112_112748677_HDR_AE.jpg,Banana,2,Rotten,Rotten,0.9899,0.0003,0.0099,0.9899,Rotten,0.9963,0.0003,0.0034,0.9963,Rotten,0.9999,0.0,0.0001,0.9999,Rotten,0.9988,0.0002,0.0011,0.9988,Rotten,0.9997,0.0,0.0002,0.9997
D:\ML Project Freshness Detection\AgriFreshNET Freshness and Shelf-Life Image Datase\AgriFreshNET Freshness and Shelf-Life Image Datase\Processed Data\Processed Data\Semi Fresh Bittermelon ( 3-5)\IMG_20260116_025834.jpg,Bittermelon,1,Semi-Fresh,Fresh,0.8776,0.8776,0.1221,0.0003,Semi-Fresh,0.9534,0.036,0.9534,0.0106,Semi-Fresh,0.9791,0.016,0.9791,0.005,Semi-Fresh,0.9909,0.0048,0.9909,0.0043,Semi-Fresh,0.9975,0.002,0.9975,0.0006
D:\ML Project Freshness Detection\AgriFreshNET Freshness and Shelf-Life Image Datase\AgriFreshNET Freshness and Shelf-Life Image Datase\Processed Data\Processed Data\Fresh Tomato(1-10)\IMG_20251120_203809335_HDR.jpg,Tomato,0,Fresh,Fresh,0.9358,0.9358,0.0637,0.0005,Fresh,0.9955,0.9955,0.0043,0.0002,Fresh,0.9973,0.9973,0.0026,0.0001,Fresh,0.9997,0.9997,0.0003,0.0,Fresh,0.9995,0.9995,0.0003,0.0001
D:\ML Project Freshness Detection\AgriFreshNET Freshness and Shelf-Life Image Datase\AgriFreshNET Freshness and Shelf-Life Image Datase\Processed Data\Processed Data\Rotten eggplant(8-15)\aug_316_IMG_20251130_181011788_HDR.jpg,Eggplant,2,Rotten,Rotten,0.8319,0.0178,0.1503,0.8319,Rotten,0.8126,0.0159,0.1714,0.8126,Semi-Fresh,0.7623,0.0035,0.7623,0.2342,Rotten,0.7211,0.0045,0.2744,0.7211,Semi-Fresh,0.8856,0.0007,0.8856,0.1137
D:\ML Project Freshness Detection\AgriFreshNET Freshness and Shelf-Life Image Datase\AgriFreshNET Freshness and Shelf-Life Image Datase\Processed Data\Processed Data\Fresh Tomato(1-10)\IMG_20251201_184534148_HDR.jpg,Tomato,0,Fresh,Fresh,0.88,0.88,0.1196,0.0004,Fresh,0.9827,0.9827,0.0165,0.0008,Fresh,0.9874,0.9874,0.0125,0.0001,Fresh,0.9971,0.9971,0.0025,0.0004,Fresh,0.9991,0.9991,0.0007,0.0001
D:\ML Project Freshness Detection\AgriFreshNET Freshness and Shelf-Life Image Datase\AgriFreshNET Freshness and Shelf-Life Image Datase\Processed Data\Processed Data\Rotten Cucumber(12-20)\aug_112_IMG_20251124_021805.jpg,Cucumber,2,Rotten,Rotten,0.9934,0.0015,0.0051,0.9934,Rotten,0.9972,0.0002,0.0026,0.9972,Rotten,0.9999,0.0,0.0001,0.9999,Rotten,0.9937,0.0036,0.0027,0.9937,Rotten,0.9991,0.0003,0.0006,0.9991
D:\ML Project Freshness Detection\AgriFreshNET Freshness and Shelf-Life Image Datase\AgriFreshNET Freshness and Shelf-Life Image Datase\Processed Data\Processed Data\Semi fresh banana(4-7)\aug_248_IMG_20251107_113742214_HDR_AE.jpg,Banana,1,Semi-Fresh,Semi-Fresh,0.9377,0.0062,0.9377,0.0561,Semi-Fresh,0.9964,0.002,0.9964,0.0016,Semi-Fresh,0.995,0.0029,0.995,0.0022,Semi-Fresh,0.9958,0.0026,0.9958,0.0016,Semi-Fresh,0.9987,0.0006,0.9987,0.0007
D:\ML Project Freshness Detection\AgriFreshNET Freshness and Shelf-Life Image Datase\AgriFreshNET Freshness and Shelf-Life Image Datase\Processed Data\Processed Data\Fresh Papaya(1-4)\aug_218_IMG_20251123_013013.jpg,Papaya,0,Fresh,Fresh,0.87,0.87,0.1299,0.0001,Fresh,0.7594,0.7594,0.2401,0.0006,Fresh,0.9811,0.9811,0.0187,0.0002,Fresh,0.955,0.955,0.0445,0.0005,Fresh,0.9875,0.9875,0.012,0.0004
D:\ML Project Freshness Detection\AgriFreshNET Freshness and Shelf-Life Image Datase\AgriFreshNET Freshness and Shelf-Life Image Datase\Processed Data\Processed Data\Rotten Cucumber(12-20)\aug_384_IMG_20251123_012442.jpg,Cucumber,2,Rotten,Rotten,0.9967,0.0007,0.0025,0.9967,Rotten,0.9871,0.0006,0.0123,0.9871,Rotten,0.9998,0.0,0.0002,0.9998,Rotten,0.9971,0.0013,0.0016,0.9971,Rotten,0.9986,0.0008,0.0006,0.9986
D:\ML Project Freshness Detection\AgriFreshNET Freshness and Shelf-Life Image Datase\AgriFreshNET Freshness and Shelf-Life Image Datase\Processed Data\Processed Data\Semi Fresh Papaya(4-7)\IMG_20251124_022525.jpg,Papaya,1,Semi-Fresh,Semi-Fresh,0.5903,0.4094,0.5903,0.0002,Semi-Fresh,0.9902,0.0097,0.9902,0.0001,Semi-Fresh,0.9943,0.0054,0.9943,0.0003,Semi-Fresh,0.9974,0.0017,0.9974,0.0009,Semi-Fresh,0.9992,0.0004,0.9992,0.0004
D:\ML Project Freshness Detection\AgriFreshNET Freshness and Shelf-Life Image Datase\AgriFreshNET Freshness and Shelf-Life Image Datase\Processed Data\Processed Data\Rotten Cucumber(12-20)\aug_330_IMG_20260122_003115.jpg,Cucumber,2,Rotten,Rotten,0.6937,0.0222,0.2841,0.6937,Rotten,0.8592,0.0044,0.1364,0.8592,Rotten,0.845,0.0011,0.1539,0.845,Rotten,0.9433,0.0153,0.0414,0.9433,Rotten,0.9935,0.0002,0.0063,0.9935
D:\ML Project Freshness Detection\AgriFreshNET Freshness and Shelf-Life Image Datase\AgriFreshNET Freshness and Shelf-Life Image Datase\Processed Data\Processed Data\Fresh Cucumber(1-6)\aug_238_IMG_20260204_152017.jpg,Cucumber,0,Fresh,Fresh,0.9909,0.9909,0.0091,0.0001,Fresh,0.9229,0.9229,0.0758,0.0013,Fresh,0.9797,0.9797,0.0161,0.0042,Fresh,0.9983,0.9983,0.0015,0.0002,Fresh,0.9951,0.9951,0.004,0.0009
D:\ML Project Freshness Detection\AgriFreshNET Freshness and Shelf-Life Image Datase\AgriFreshNET Freshness and Shelf-Life Image Datase\Processed Data\Processed Data\Semi Fresh Bittermelon ( 3-5)\aug_179_IMG_20251123_013034.jpg,Bittermelon,1,Semi-Fresh,Semi-Fresh,0.5433,0.448,0.5433,0.0087,Semi-Fresh,0.8191,0.0615,0.8191,0.1195,Semi-Fresh,0.8768,0.0622,0.8768,0.061,Semi-Fresh,0.882,0.0155,0.882,0.1025,Semi-Fresh,0.991,0.0012,0.991,0.0079
D:\ML Project Freshness Detection\AgriFreshNET Freshness and Shelf-Life Image Datase\AgriFreshNET Freshness and Shelf-Life Image Datase\Processed Data\Processed Data\Semi fresh Orange(9-20)\aug_150_IMG-20251125-WA0039.jpg,Orange,1,Semi-Fresh,Semi-Fresh,0.8401,0.1327,0.8401,0.0272,Semi-Fresh,0.8012,0.1808,0.8012,0.018,Semi-Fresh,0.9917,0.0016,0.9917,0.0067,Semi-Fresh,0.9865,0.0033,0.9865,0.0102,Semi-Fresh,0.9976,0.0021,0.9976,0.0003
D:\ML Project Freshness Detection\AgriFreshNET Freshness and Shelf-Life Image Datase\AgriFreshNET Freshness and Shelf-Life Image Datase\Processed Data\Processed Data\Rotten Tomato(24-35)\aug_74_IMG_20260124_112729509_HDR_AE.jpg,Tomato,2,Rotten,Rotten,0.8422,0.0341,0.1237,0.8422,Rotten,0.9908,0.0011,0.0081,0.9908,Rotten,0.9977,0.0013,0.001,0.9977,Rotten,0.9983,0.0003,0.0015,0.9983,Rotten,0.9978,0.0003,0.0019,0.9978
D:\ML Project Freshness Detection\AgriFreshNET Freshness and Shelf-Life Image Datase\AgriFreshNET Freshness and Shelf-Life Image Datase\Processed Data\Processed Data\Semi_Fresh eggplant(4-8)\aug_316_IMG_20251201_190339701_HDR.jpg,Eggplant,1,Semi-Fresh,Semi-Fresh,0.8828,0.117,0.8828,0.0002,Semi-Fresh,0.9867,0.0131,0.9867,0.0003,Semi-Fresh,0.9946,0.0049,0.9946,0.0005,Semi-Fresh,0.9897,0.0068,0.9897,0.0035,Semi-Fresh,0.9856,0.0139,0.9856,0.0005
D:\ML Project Freshness Detection\AgriFreshNET Freshness and Shelf-Life Image Datase\AgriFreshNET Freshness and Shelf-Life Image Datase\Processed Data\Processed Data\Fresh eggplant(1-4)\aug_81_IMG_20251107_114518825_HDR_AE.jpg,Eggplant,0,Fresh,Fresh,0.7621,0.7621,0.2354,0.0025,Fresh,0.8947,0.8947,0.1033,0.002,Fresh,0.8315,0.8315,0.1662,0.0023,Fresh,0.9821,0.9821,0.0174,0.0005,Fresh,0.9988,0.9988,0.0011,0.0001
D:\ML Project Freshness Detection\AgriFreshNET Freshness and Shelf-Life Image Datase\AgriFreshNET Freshness and Shelf-Life Image Datase\Processed Data\Processed Data\Rotten Tomato(24-35)\aug_30_IMG_20260124_112934459_HDR_AE.jpg,Tomato,2,Rotten,Rotten,0.7912,0.1221,0.0867,0.7912,Fresh,0.4893,0.4893,0.1413,0.3694,Rotten,0.7261,0.2594,0.0145,0.7261,Rotten,0.9655,0.0175,0.017,0.9655,Rotten,0.8282,0.1477,0.0241,0.8282
D:\ML Project Freshness Detection\AgriFreshNET Freshness and Shelf-Life Image Datase\AgriFreshNET Freshness and Shelf-Life Image Datase\Processed Data\Processed Data\Semi Fresh Papaya(4-7)\aug_244_IMG_20251124_021905.jpg,Papaya,1,Semi-Fresh,Semi-Fresh,0.9749,0.022,0.9749,0.0031,Semi-Fresh,0.9976,0.0012,0.9976,0.0011,Semi-Fresh,0.9871,0.0068,0.9871,0.0062,Semi-Fresh,0.992,0.0054,0.992,0.0026,Semi-Fresh,0.9979,0.0019,0.9979,0.0002
D:\ML Project Freshness Detection\AgriFreshNET Freshness and Shelf-Life Image Datase\AgriFreshNET Freshness and Shelf-Life Image Datase\Processed Data\Processed Data\Rotten banana(7-13)\aug_73_IMG_20251111_142312568_HDR_AE.jpg,Banana,2,Rotten,Rotten,0.97,0.0004,0.0296,0.97,Rotten,0.9957,0.0001,0.0041,0.9957,Rotten,0.9958,0.0,0.0042,0.9958,Rotten,0.9974,0.0009,0.0018,0.9974,Rotten,0.9989,0.0002,0.0009,0.9989
D:\ML Project Freshness Detection\AgriFreshNET Freshness and Shelf-Life Image Datase\AgriFreshNET Freshness and Shelf-Life Image Datase\Processed Data\Processed Data\Semi fresh banana(4-7)\IMG_20251123_110017617_HDR_AE.jpg,Banana,1,Semi-Fresh,Semi-Fresh,0.9088,0.0222,0.9088,0.0691,Semi-Fresh,0.9775,0.0009,0.9775,0.0215,Semi-Fresh,0.9928,0.0068,0.9928,0.0004,Semi-Fresh,0.9891,0.0048,0.9891,0.0061,Semi-Fresh,0.9983,0.0016,0.9983,0.0002
D:\ML Project Freshness Detection\AgriFreshNET Freshness and Shelf-Life Image Datase\AgriFreshNET Freshness and Shelf-Life Image Datase\Processed Data\Processed Data\Rotten Pineapple(25-35)\aug_102_IMG-20260128-WA0048.jpg,Pineapple,2,Rotten,Rotten,0.8675,0.0021,0.1304,0.8675,Rotten,0.9878,0.0074,0.0048,0.9878,Rotten,0.9871,0.0006,0.0123,0.9871,Rotten,0.9834,0.0049,0.0117,0.9834,Rotten,0.9995,0.0001,0.0004,0.9995
D:\ML Project Freshness Detection\AgriFreshNET Freshness and Shelf-Life Image Datase\AgriFreshNET Freshness and Shelf-Life Image Datase\Processed Data\Processed Data\Fresh Banana(1-4)\aug_88_Banana (13).jpeg,Banana,0,Fresh,Fresh,0.9767,0.9767,0.022,0.0013,Fresh,0.9963,0.9963,0.0035,0.0002,Fresh,0.9982,0.9982,0.0017,0.0001,Fresh,0.9958,0.9958,0.0028,0.0014,Fresh,0.9973,0.9973,0.0022,0.0005
D:\ML Project Freshness Detection\AgriFreshNET Freshness and Shelf-Life Image Datase\AgriFreshNET Freshness and Shelf-Life Image Datase\Processed Data\Processed Data\Semi fresh Tomato(10-24)\IMG_20251114_214023754_HDR.jpg,Tomato,1,Semi-Fresh,Semi-Fresh,0.8737,0.0957,0.8737,0.0307,Semi-Fresh,0.8827,0.1142,0.8827,0.0031,Semi-Fresh,0.9978,0.0003,0.9978,0.0018,Semi-Fresh,0.9961,0.0007,0.9961,0.0031,Semi-Fresh,0.9942,0.0042,0.9942,0.0016
D:\ML Project Freshness Detection\AgriFreshNET Freshness and Shelf-Life Image Datase\AgriFreshNET Freshness and Shelf-Life Image Datase\Processed Data\Processed Data\Rotten Bittermelon(5-8)\aug_189_IMG_20260122_003503.jpg,Bittermelon,2,Rotten,Rotten,0.9985,0.0,0.0015,0.9985,Rotten,0.997,0.0004,0.0027,0.997,Rotten,0.9999,0.0,0.0001,0.9999,Rotten,0.9994,0.0001,0.0005,0.9994,Rotten,0.9997,0.0001,0.0002,0.9997
D:\ML Project Freshness Detection\AgriFreshNET Freshness and Shelf-Life Image Datase\AgriFreshNET Freshness and Shelf-Life Image Datase\Processed Data\Processed Data\Fresh eggplant(1-4)\aug_139_IMG_20251123_221922891_HDR.jpg,Eggplant,0,Fresh,Fresh,0.6107,0.6107,0.388,0.0013,Fresh,0.9401,0.9401,0.0597,0.0002,Fresh,0.9662,0.9662,0.033,0.0008,Fresh,0.9656,0.9656,0.0302,0.0042,Fresh,0.9491,0.9491,0.0482,0.0028
D:\ML Project Freshness Detection\AgriFreshNET Freshness and Shelf-Life Image Datase\AgriFreshNET Freshness and Shelf-Life Image Datase\Processed Data\Processed Data\Rotten Papaya(7-12)\IMG_20260202_032745.jpg,Papaya,2,Rotten,Semi-Fresh,0.4034,0.271,0.4034,0.3256,Rotten,0.9866,0.0033,0.0101,0.9866,Rotten,0.9211,0.0185,0.0604,0.9211,Rotten,0.9777,0.0011,0.0212,0.9777,Rotten,0.9987,0.0001,0.0012,0.9987
D:\ML Project Freshness Detection\AgriFreshNET Freshness and Shelf-Life Image Datase\AgriFreshNET Freshness and Shelf-Life Image Datase\Processed Data\Processed Data\Semi Fresh Bittermelon ( 3-5)\aug_295_IMG_20251123_013143.jpg,Bittermelon,1,Semi-Fresh,Semi-Fresh,0.9761,0.0222,0.9761,0.0017,Semi-Fresh,0.991,0.0055,0.991,0.0035,Semi-Fresh,0.9997,0.0,0.9997,0.0003,Semi-Fresh,0.9962,0.0016,0.9962,0.0021,Semi-Fresh,0.9985,0.0006,0.9985,0.0009
D:\ML Project Freshness Detection\AgriFreshNET Freshness and Shelf-Life Image Datase\AgriFreshNET Freshness and Shelf-Life Image Datase\Processed Data\Processed Data\Rotten banana(7-13)\aug_212_IMG_20260124_113129884_HDR_AE.jpg,Banana,2,Rotten,Rotten,0.7356,0.0054,0.259,0.7356,Rotten,0.9492,0.003,0.0478,0.9492,Rotten,0.6806,0.0039,0.3155,0.6806,Rotten,0.8323,0.004,0.1637,0.8323,Rotten,0.9477,0.0039,0.0484,0.9477
D:\ML Project Freshness Detection\AgriFreshNET Freshness and Shelf-Life Image Datase\AgriFreshNET Freshness and Shelf-Life Image Datase\Processed Data\Processed Data\Fresh eggplant(1-4)\aug_46_IMG_20251118_164931369_HDR.jpg,Eggplant,0,Fresh,Fresh,0.8248,0.8248,0.1743,0.0009,Fresh,0.7663,0.7663,0.2315,0.0022,Fresh,0.9491,0.9491,0.0498,0.0011,Fresh,0.9249,0.9249,0.0722,0.003,Fresh,0.9651,0.9651,0.0334,0.0015
D:\ML Project Freshness Detection\AgriFreshNET Freshness and Shelf-Life Image Datase\AgriFreshNET Freshness and Shelf-Life Image Datase\Processed Data\Processed Data\Semi Fresh Bittermelon ( 3-5)\IMG_20251123_013058.jpg,Bittermelon,1,Semi-Fresh,Semi-Fresh,0.8422,0.1167,0.8422,0.0411,Semi-Fresh,0.8711,0.0739,0.8711,0.055,Semi-Fresh,0.9788,0.0096,0.9788,0.0116,Semi-Fresh,0.9919,0.0057,0.9919,0.0023,Semi-Fresh,0.9954,0.0014,0.9954,0.0032
D:\ML Project Freshness Detection\AgriFreshNET Freshness and Shelf-Life Image Datase\AgriFreshNET Freshness and Shelf-Life Image Datase\Processed Data\Processed Data\Rotten eggplant(8-15)\aug_407_IMG_20251110_094450883_HDR_AE.jpg,Eggplant,2,Rotten,Rotten,0.8724,0.0339,0.0937,0.8724,Rotten,0.9953,0.0007,0.004,0.9953,Rotten,0.9996,0.0002,0.0003,0.9996,Rotten,0.9913,0.0036,0.0051,0.9913,Rotten,0.9899,0.0006,0.0095,0.9899
D:\ML Project Freshness Detection\AgriFreshNET Freshness and Shelf-Life Image Datase\AgriFreshNET Freshness and Shelf-Life Image Datase\Processed Data\Processed Data\Fresh eggplant(1-4)\IMG_20251121_143635843_HDR_AE.jpg,Eggplant,0,Fresh,Fresh,0.9045,0.9045,0.0824,0.0131,Fresh,0.9132,0.9132,0.0868,0.0001,Fresh,0.9735,0.9735,0.0262,0.0003,Fresh,0.9793,0.9793,0.0201,0.0006,Fresh,0.9972,0.9972,0.0025,0.0003
D:\ML Project Freshness Detection\AgriFreshNET Freshness and Shelf-Life Image Datase\AgriFreshNET Freshness and Shelf-Life Image Datase\Processed Data\Processed Data\Fresh Cucumber(1-6)\aug_106_IMG_20260204_152039.jpg,Cucumber,0,Fresh,Fresh,0.9247,0.9247,0.0753,0.0001,Fresh,0.9835,0.9835,0.0155,0.0009,Fresh,0.9747,0.9747,0.0154,0.0099,Fresh,0.9526,0.9526,0.045,0.0024,Fresh,0.9988,0.9988,0.001,0.0002
D:\ML Project Freshness Detection\AgriFreshNET Freshness and Shelf-Life Image Datase\AgriFreshNET Freshness and Shelf-Life Image Datase\Processed Data\Processed Data\Semi Fresh Cucumber(6-12)\aug_162_IMG_20260212_155606_1.jpg,Cucumber,1,Semi-Fresh,Semi-Fresh,0.7096,0.2779,0.7096,0.0125,Semi-Fresh,0.9973,0.0026,0.9973,0.0001,Semi-Fresh,0.9923,0.0075,0.9923,0.0001,Semi-Fresh,0.8472,0.1519,0.8472,0.0008,Semi-Fresh,0.9979,0.0016,0.9979,0.0005
D:\ML Project Freshness Detection\AgriFreshNET Freshness and Shelf-Life Image Datase\AgriFreshNET Freshness and Shelf-Life Image Datase\Processed Data\Processed Data\Rotten Cucumber(12-20)\IMG_20251121_080615.jpg,Cucumber,2,Rotten,Rotten,0.9066,0.0422,0.0512,0.9066,Rotten,0.9692,0.0006,0.0302,0.9692,Rotten,0.9795,0.0,0.0205,0.9795,Rotten,0.9961,0.0008,0.0031,0.9961,Rotten,0.9942,0.0002,0.0056,0.9942
D:\ML Project Freshness Detection\AgriFreshNET Freshness and Shelf-Life Image Datase\AgriFreshNET Freshness and Shelf-Life Image Datase\Processed Data\Processed Data\Semi Fresh Papaya(4-7)\aug_35_IMG_20251031_164000.jpg,Papaya,1,Semi-Fresh,Semi-Fresh,0.7331,0.1417,0.7331,0.1252,Semi-Fresh,0.9945,0.0037,0.9945,0.0018,Semi-Fresh,0.993,0.0058,0.993,0.0012,Semi-Fresh,0.997,0.0013,0.997,0.0016,Semi-Fresh,0.9947,0.0041,0.9947,0.0011
D:\ML Project Freshness Detection\AgriFreshNET Freshness and Shelf-Life Image Datase\AgriFreshNET Freshness and Shelf-Life Image Datase\Processed Data\Processed Data\Fresh Banana(1-4)\aug_111_IMG_20251119_201533248_HDR.jpg,Banana,0,Fresh,Fresh,0.9887,0.9887,0.0113,0.0,Fresh,0.9913,0.9913,0.008,0.0007,Fresh,0.9983,0.9983,0.0015,0.0001,Fresh,0.9942,0.9942,0.0054,0.0004,Fresh,0.9998,0.9998,0.0002,0.0
D:\ML Project Freshness Detection\AgriFreshNET Freshness and Shelf-Life Image Datase\AgriFreshNET Freshness and Shelf-Life Image Datase\Processed Data\Processed Data\Semi Fresh Cucumber(6-12)\IMG_20260125_005536.jpg,Cucumber,1,Semi-Fresh,Semi-Fresh,0.5503,0.0991,0.5503,0.3506,Semi-Fresh,0.6055,0.0947,0.6055,0.2999,Semi-Fresh,0.9367,0.0056,0.9367,0.0577,Semi-Fresh,0.8106,0.0201,0.8106,0.1693,Semi-Fresh,0.8047,0.0064,0.8047,0.1888
D:\ML Project Freshness Detection\AgriFreshNET Freshness and Shelf-Life Image Datase\AgriFreshNET Freshness and Shelf-Life Image Datase\Processed Data\Processed Data\Fresh Tomato(1-10)\IMG_20251105_103110221_HDR_AE.jpg,Tomato,0,Fresh,Fresh,0.5707,0.5707,0.3974,0.0319,Fresh,0.5471,0.5471,0.1953,0.2576,Fresh,0.9338,0.9338,0.0611,0.0051,Fresh,0.9659,0.9659,0.0306,0.0035,Fresh,0.9314,0.9314,0.0533,0.0153
D:\ML Project Freshness Detection\AgriFreshNET Freshness and Shelf-Life Image Datase\AgriFreshNET Freshness and Shelf-Life Image Datase\Processed Data\Processed Data\Fresh Tomato(1-10)\IMG_20251130_181550781_HDR.jpg,Tomato,0,Fresh,Fresh,0.7753,0.7753,0.2113,0.0134,Fresh,0.8622,0.8622,0.1284,0.0094,Fresh,0.978,0.978,0.0211,0.0009,Fresh,0.9414,0.9414,0.0561,0.0025,Fresh,0.9135,0.9135,0.0862,0.0004
D:\ML Project Freshness Detection\AgriFreshNET Freshness and Shelf-Life Image Datase\AgriFreshNET Freshness and Shelf-Life Image Datase\Processed Data\Processed Data\Rotten Pineapple(25-35)\IMG-20260128-WA0067.jpg,Pineapple,2,Rotten,Rotten,0.8105,0.0081,0.1814,0.8105,Rotten,0.7884,0.0063,0.2052,0.7884,Rotten,0.8859,0.0,0.1141,0.8859,Rotten,0.9564,0.0012,0.0423,0.9564,Rotten,0.9995,0.0001,0.0004,0.9995
D:\ML Project Freshness Detection\AgriFreshNET Freshness and Shelf-Life Image Datase\AgriFreshNET Freshness and Shelf-Life Image Datase\Processed Data\Processed Data\Rotten Papaya(7-12)\IMG_20260123_013601.jpg,Papaya,2,Rotten,Rotten,0.7395,0.0355,0.225,0.7395,Rotten,0.9872,0.0009,0.0119,0.9872,Rotten,0.9978,0.0002,0.0021,0.9978,Rotten,0.9977,0.0005,0.0018,0.9977,Rotten,0.988,0.0008,0.0113,0.988
D:\ML Project Freshness Detection\AgriFreshNET Freshness and Shelf-Life Image Datase\AgriFreshNET Freshness and Shelf-Life Image Datase\Processed Data\Processed Data\Semi Fresh Bittermelon ( 3-5)\aug_424_IMG_20260120_004721.jpg,Bittermelon,1,Semi-Fresh,Semi-Fresh,0.8503,0.1394,0.8503,0.0104,Semi-Fresh,0.8349,0.0371,0.8349,0.1279,Semi-Fresh,0.9997,0.0,0.9997,0.0003,Semi-Fresh,0.9873,0.0007,0.9873,0.0121,Semi-Fresh,0.9948,0.0004,0.9948,0.0048
D:\ML Project Freshness Detection\AgriFreshNET Freshness and Shelf-Life Image Datase\AgriFreshNET Freshness and Shelf-Life Image Datase\Processed Data\Processed Data\Semi fresh Pineapple (15-25)\aug_353_IMG-20251207-WA0039.jpg,Pineapple,1,Semi-Fresh,Semi-Fresh,0.9452,0.0424,0.9452,0.0123,Semi-Fresh,0.9764,0.0215,0.9764,0.0021,Semi-Fresh,0.8833,0.099,0.8833,0.0178,Semi-Fresh,0.9164,0.079,0.9164,0.0046,Semi-Fresh,0.9935,0.0022,0.9935,0.0043
D:\ML Project Freshness Detection\AgriFreshNET Freshness and Shelf-Life Image Datase\AgriFreshNET Freshness and Shelf-Life Image Datase\Processed Data\Processed Data\Semi Fresh Bittermelon ( 3-5)\aug_379_IMG_20251123_013340.jpg,Bittermelon,1,Semi-Fresh,Semi-Fresh,0.9277,0.0649,0.9277,0.0074,Semi-Fresh,0.9407,0.0346,0.9407,0.0246,Semi-Fresh,0.9878,0.0106,0.9878,0.0016,Semi-Fresh,0.9969,0.0001,0.9969,0.0029,Semi-Fresh,0.9989,0.0002,0.9989,0.0008
D:\ML Project Freshness Detection\AgriFreshNET Freshness and Shelf-Life Image Datase\AgriFreshNET Freshness and Shelf-Life Image Datase\Processed Data\Processed Data\Semi fresh banana(4-7)\aug_22_IMG_20251108_121322791_HDR_AE.jpg,Banana,1,Semi-Fresh,Semi-Fresh,0.5478,0.0073,0.5478,0.4449,Semi-Fresh,0.8735,0.0179,0.8735,0.1086,Semi-Fresh,0.6928,0.0311,0.6928,0.2761,Semi-Fresh,0.9269,0.0081,0.9269,0.065,Semi-Fresh,0.9465,0.0494,0.9465,0.0041
D:\ML Project Freshness Detection\AgriFreshNET Freshness and Shelf-Life Image Datase\AgriFreshNET Freshness and Shelf-Life Image Datase\Processed Data\Processed Data\Rotten Cucumber(12-20)\aug_338_IMG_20260123_013840.jpg,Cucumber,2,Rotten,Semi-Fresh,0.5857,0.0059,0.5857,0.4084,Rotten,0.8022,0.0056,0.1922,0.8022,Rotten,0.9453,0.0001,0.0546,0.9453,Rotten,0.9413,0.0064,0.0523,0.9413,Rotten,0.9831,0.0003,0.0166,0.9831
D:\ML Project Freshness Detection\AgriFreshNET Freshness and Shelf-Life Image Datase\AgriFreshNET Freshness and Shelf-Life Image Datase\Processed Data\Processed Data\Rotten Orange(20-35)\aug_425_IMG-20260128-WA0017.jpg,Orange,2,Rotten,Rotten,0.9988,0.0,0.0011,0.9988,Rotten,0.9981,0.0002,0.0017,0.9981,Rotten,0.9993,0.0005,0.0002,0.9993,Rotten,0.9969,0.0008,0.0023,0.9969,Rotten,0.9994,0.0001,0.0005,0.9994
D:\ML Project Freshness Detection\AgriFreshNET Freshness and Shelf-Life Image Datase\AgriFreshNET Freshness and Shelf-Life Image Datase\Processed Data\Processed Data\Rotten Pineapple(25-35)\IMG-20260128-WA0075.jpg,Pineapple,2,Rotten,Rotten,0.9933,0.0005,0.0062,0.9933,Rotten,1.0,0.0,0.0,1.0,Rotten,0.9997,0.0001,0.0001,0.9997,Rotten,0.9996,0.0001,0.0003,0.9996,Rotten,0.9996,0.0002,0.0002,0.9996
D:\ML Project Freshness Detection\AgriFreshNET Freshness and Shelf-Life Image Datase\AgriFreshNET Freshness and Shelf-Life Image Datase\Processed Data\Processed Data\Fresh eggplant(1-4)\IMG_20251122_205637558_HDR.jpg,Eggplant,0,Fresh,Fresh,0.6451,0.6451,0.3544,0.0004,Fresh,0.9008,0.9008,0.0982,0.001,Fresh,0.9007,0.9007,0.0983,0.0009,Fresh,0.7423,0.7423,0.2527,0.005,Fresh,0.9785,0.9785,0.0208,0.0008
D:\ML Project Freshness Detection\AgriFreshNET Freshness and Shelf-Life Image Datase\AgriFreshNET Freshness and Shelf-Life Image Datase\Processed Data\Processed Data\Semi fresh Pineapple (15-25)\aug_380_IMG_20251124_193058913_HDR.jpg,Pineapple,1,Semi-Fresh,Semi-Fresh,0.9835,0.0076,0.9835,0.0089,Semi-Fresh,0.5787,0.0014,0.5787,0.4199,Semi-Fresh,0.9956,0.0007,0.9956,0.0037,Semi-Fresh,0.9854,0.0074,0.9854,0.0072,Semi-Fresh,0.9993,0.0003,0.9993,0.0004
D:\ML Project Freshness Detection\AgriFreshNET Freshness and Shelf-Life Image Datase\AgriFreshNET Freshness and Shelf-Life Image Datase\Processed Data\Processed Data\Fresh Bittermelon(1-3)\IMG_20260114_010629.jpg,Bittermelon,0,Fresh,Fresh,0.9855,0.9855,0.0145,0.0001,Fresh,0.9971,0.9971,0.0028,0.0,Fresh,0.9975,0.9975,0.0023,0.0002,Fresh,0.9898,0.9898,0.0098,0.0004,Fresh,0.9975,0.9975,0.0022,0.0002
D:\ML Project Freshness Detection\AgriFreshNET Freshness and Shelf-Life Image Datase\AgriFreshNET Freshness and Shelf-Life Image Datase\Processed Data\Processed Data\Rotten Pineapple(25-35)\IMG_20251127_193348000_HDR.jpg,Pineapple,2,Rotten,Rotten,0.6487,0.0014,0.35,0.6487,Rotten,0.9825,0.0014,0.0162,0.9825,Rotten,0.9969,0.0001,0.003,0.9969,Rotten,0.994,0.0002,0.0058,0.994,Rotten,0.9995,0.0001,0.0004,0.9995
D:\ML Project Freshness Detection\AgriFreshNET Freshness and Shelf-Life Image Datase\AgriFreshNET Freshness and Shelf-Life Image Datase\Processed Data\Processed Data\Semi fresh Tomato(10-24)\aug_66_IMG_20251118_170412202_HDR.jpg,Tomato,1,Semi-Fresh,Fresh,0.5551,0.5551,0.4354,0.0096,Semi-Fresh,0.8823,0.0585,0.8823,0.0592,Semi-Fresh,0.9552,0.0323,0.9552,0.0125,Semi-Fresh,0.8174,0.1779,0.8174,0.0047,Semi-Fresh,0.9462,0.0533,0.9462,0.0005
D:\ML Project Freshness Detection\AgriFreshNET Freshness and Shelf-Life Image Datase\AgriFreshNET Freshness and Shelf-Life Image Datase\Processed Data\Processed Data\Semi Fresh Papaya(4-7)\aug_287_IMG_20260120_004638.jpg,Papaya,1,Semi-Fresh,Fresh,0.9551,0.9551,0.0398,0.0051,Semi-Fresh,0.6458,0.2346,0.6458,0.1195,Semi-Fresh,0.7385,0.0499,0.7385,0.2116,Semi-Fresh,0.9579,0.0045,0.9579,0.0376,Semi-Fresh,0.9515,0.035,0.9515,0.0135
D:\ML Project Freshness Detection\AgriFreshNET Freshness and Shelf-Life Image Datase\AgriFreshNET Freshness and Shelf-Life Image Datase\Processed Data\Processed Data\Rotten eggplant(8-15)\aug_43_IMG_20251104_133035963_HDR_AE.jpg,Eggplant,2,Rotten,Rotten,0.9288,0.0171,0.0541,0.9288,Rotten,0.9489,0.0053,0.0459,0.9489,Rotten,0.8801,0.0383,0.0816,0.8801,Rotten,0.9069,0.0104,0.0827,0.9069,Rotten,0.9888,0.0017,0.0094,0.9888
D:\ML Project Freshness Detection\AgriFreshNET Freshness and Shelf-Life Image Datase\AgriFreshNET Freshness and Shelf-Life Image Datase\Processed Data\Processed Data\Rotten Tomato(24-35)\IMG_20260124_112856824_HDR_AE.jpg,Tomato,2,Rotten,Rotten,0.7745,0.0613,0.1642,0.7745,Rotten,0.9847,0.0006,0.0146,0.9847,Rotten,0.9983,0.0001,0.0015,0.9983,Rotten,0.9969,0.0002,0.0029,0.9969,Rotten,0.9973,0.0003,0.0024,0.9973
D:\ML Project Freshness Detection\AgriFreshNET Freshness and Shelf-Life Image Datase\AgriFreshNET Freshness and Shelf-Life Image Datase\Processed Data\Processed Data\Rotten Orange(20-35)\aug_380_IMG-20251227-WA0005.jpg,Orange,2,Rotten,Rotten,0.9821,0.0018,0.0161,0.9821,Rotten,0.9973,0.0004,0.0023,0.9973,Rotten,0.9974,0.0002,0.0023,0.9974,Rotten,0.9994,0.0002,0.0004,0.9994,Rotten,0.9999,0.0,0.0001,0.9999
D:\ML Project Freshness Detection\AgriFreshNET Freshness and Shelf-Life Image Datase\AgriFreshNET Freshness and Shelf-Life Image Datase\Processed Data\Processed Data\Fresh Banana(1-4)\aug_408_IMG_20251103_192216987_HDR.jpg,Banana,0,Fresh,Fresh,0.8246,0.8246,0.1748,0.0006,Fresh,0.9511,0.9511,0.0484,0.0005,Fresh,0.9827,0.9827,0.0169,0.0004,Fresh,0.9037,0.9037,0.0937,0.0027,Fresh,0.9897,0.9897,0.0102,0.0001
D:\ML Project Freshness Detection\AgriFreshNET Freshness and Shelf-Life Image Datase\AgriFreshNET Freshness and Shelf-Life Image Datase\Processed Data\Processed Data\Semi Fresh Cucumber(6-12)\aug_44_IMG_20260125_005548.jpg,Cucumber,1,Semi-Fresh,Semi-Fresh,0.5288,0.2697,0.5288,0.2015,Semi-Fresh,0.9044,0.0445,0.9044,0.0511,Semi-Fresh,0.989,0.0045,0.989,0.0065,Semi-Fresh,0.9871,0.0052,0.9871,0.0077,Semi-Fresh,0.9987,0.0009,0.9987,0.0004
D:\ML Project Freshness Detection\AgriFreshNET Freshness and Shelf-Life Image Datase\AgriFreshNET Freshness and Shelf-Life Image Datase\Processed Data\Processed Data\Fresh Cucumber(1-6)\aug_139_IMG_20260204_152131.jpg,Cucumber,0,Fresh,Fresh,0.9935,0.9935,0.0064,0.0001,Fresh,0.9991,0.9991,0.0009,0.0,Fresh,0.9984,0.9984,0.0015,0.0,Fresh,0.9992,0.9992,0.0008,0.0,Fresh,0.9981,0.9981,0.0016,0.0003
D:\ML Project Freshness Detection\AgriFreshNET Freshness and Shelf-Life Image Datase\AgriFreshNET Freshness and Shelf-Life Image Datase\Processed Data\Processed Data\Semi_Fresh eggplant(4-8)\IMG_20251102_075925027_HDR_AE.jpg,Eggplant,1,Semi-Fresh,Rotten,0.8131,0.0768,0.1101,0.8131,Rotten,0.9078,0.036,0.0562,0.9078,Rotten,0.9161,0.0155,0.0683,0.9161,Rotten,0.9474,0.0328,0.0199,0.9474,Rotten,0.9953,0.0003,0.0045,0.9953
D:\ML Project Freshness Detection\AgriFreshNET Freshness and Shelf-Life Image Datase\AgriFreshNET Freshness and Shelf-Life Image Datase\Processed Data\Processed Data\Semi fresh Orange(9-20)\IMG_20251119_200440160_HDR.jpg,Orange,1,Semi-Fresh,Semi-Fresh,0.8983,0.1013,0.8983,0.0004,Semi-Fresh,0.9818,0.0179,0.9818,0.0003,Semi-Fresh,0.9825,0.0158,0.9825,0.0016,Semi-Fresh,0.9998,0.0001,0.9998,0.0001,Semi-Fresh,0.9989,0.0009,0.9989,0.0002
D:\ML Project Freshness Detection\AgriFreshNET Freshness and Shelf-Life Image Datase\AgriFreshNET Freshness and Shelf-Life Image Datase\Processed Data\Processed Data\Rotten eggplant(8-15)\IMG_20251118_165231870_HDR.jpg,Eggplant,2,Rotten,Rotten,0.9692,0.0182,0.0127,0.9692,Rotten,0.9987,0.0003,0.001,0.9987,Rotten,0.9997,0.0001,0.0002,0.9997,Rotten,0.9984,0.0004,0.0011,0.9984,Rotten,0.9997,0.0,0.0002,0.9997
D:\ML Project Freshness Detection\AgriFreshNET Freshness and Shelf-Life Image Datase\AgriFreshNET Freshness and Shelf-Life Image Datase\Processed Data\Processed Data\Fresh pineapple(1-15)\aug_302_IMG-20251127-WA0013.jpg,Pineapple,0,Fresh,Fresh,0.9476,0.9476,0.0501,0.0023,Fresh,0.981,0.981,0.0165,0.0025,Fresh,0.999,0.999,0.0007,0.0003,Fresh,0.9974,0.9974,0.0023,0.0003,Fresh,0.9955,0.9955,0.0043,0.0002
D:\ML Project Freshness Detection\AgriFreshNET Freshness and Shelf-Life Image Datase\AgriFreshNET Freshness and Shelf-Life Image Datase\Processed Data\Processed Data\Fresh Bittermelon(1-3)\aug_271_IMG_20251027_171204.jpg,Bittermelon,0,Fresh,Fresh,0.9993,0.9993,0.0007,0.0,Fresh,0.9919,0.9919,0.0075,0.0007,Fresh,0.9962,0.9962,0.0038,0.0,Fresh,0.997,0.997,0.0025,0.0005,Fresh,0.9978,0.9978,0.0017,0.0005
D:\ML Project Freshness Detection\AgriFreshNET Freshness and Shelf-Life Image Datase\AgriFreshNET Freshness and Shelf-Life Image Datase\Processed Data\Processed Data\Fresh Banana(1-4)\IMG_20251119_201349310_HDR.jpg,Banana,0,Fresh,Fresh,0.9383,0.9383,0.0572,0.0045,Fresh,0.9506,0.9506,0.0461,0.0033,Fresh,0.9934,0.9934,0.0059,0.0007,Fresh,0.9927,0.9927,0.0055,0.0018,Fresh,0.9989,0.9989,0.0009,0.0002
D:\ML Project Freshness Detection\AgriFreshNET Freshness and Shelf-Life Image Datase\AgriFreshNET Freshness and Shelf-Life Image Datase\Processed Data\Processed Data\Semi Fresh Cucumber(6-12)\aug_60_IMG_20260122_003532.jpg,Cucumber,1,Semi-Fresh,Semi-Fresh,0.7318,0.1522,0.7318,0.116,Semi-Fresh,0.9569,0.0333,0.9569,0.0099,Semi-Fresh,0.9845,0.0097,0.9845,0.0057,Semi-Fresh,0.9939,0.0032,0.9939,0.003,Semi-Fresh,0.996,0.0022,0.996,0.0019
D:\ML Project Freshness Detection\AgriFreshNET Freshness and Shelf-Life Image Datase\AgriFreshNET Freshness and Shelf-Life Image Datase\Processed Data\Processed Data\Fresh pineapple(1-15)\aug_10_IMG-20251127-WA0007.jpg,Pineapple,0,Fresh,Fresh,0.8263,0.8263,0.1578,0.0159,Fresh,0.9808,0.9808,0.0176,0.0017,Fresh,0.9896,0.9896,0.0099,0.0005,Fresh,0.9814,0.9814,0.0182,0.0004,Fresh,0.9964,0.9964,0.0033,0.0003
D:\ML Project Freshness Detection\AgriFreshNET Freshness and Shelf-Life Image Datase\AgriFreshNET Freshness and Shelf-Life Image Datase\Processed Data\Processed Data\Semi Fresh Papaya(4-7)\aug_423_IMG_20260120_004500.jpg,Papaya,1,Semi-Fresh,Semi-Fresh,0.7745,0.1397,0.7745,0.0858,Semi-Fresh,0.8389,0.0122,0.8389,0.1489,Semi-Fresh,0.9794,0.013,0.9794,0.0076,Semi-Fresh,0.9983,0.0005,0.9983,0.0012,Semi-Fresh,0.9993,0.0004,0.9993,0.0003
D:\ML Project Freshness Detection\AgriFreshNET Freshness and Shelf-Life Image Datase\AgriFreshNET Freshness and Shelf-Life Image Datase\Processed Data\Processed Data\Semi Fresh Papaya(4-7)\aug_223_IMG_20260214_025258.jpg,Papaya,1,Semi-Fresh,Fresh,0.5279,0.5279,0.4712,0.0009,Semi-Fresh,0.7098,0.2819,0.7098,0.0083,Semi-Fresh,0.9288,0.0594,0.9288,0.0118,Semi-Fresh,0.9835,0.0116,0.9835,0.0049,Semi-Fresh,0.998,0.0017,0.998,0.0003
D:\ML Project Freshness Detection\AgriFreshNET Freshness and Shelf-Life Image Datase\AgriFreshNET Freshness and Shelf-Life Image Datase\Processed Data\Processed Data\Fresh Papaya(1-4)\aug_370_IMG_20260114_004738.jpg,Papaya,0,Fresh,Fresh,0.9622,0.9622,0.0281,0.0097,Fresh,0.967,0.967,0.0269,0.0061,Fresh,0.9945,0.9945,0.0004,0.0051,Fresh,0.9989,0.9989,0.0008,0.0003,Fresh,0.9971,0.9971,0.002,0.0009
D:\ML Project Freshness Detection\AgriFreshNET Freshness and Shelf-Life Image Datase\AgriFreshNET Freshness and Shelf-Life Image Datase\Processed Data\Processed Data\Fresh Banana(1-4)\IMG_20251104_131713223_HDR_AE~4.jpg,Banana,0,Fresh,Semi-Fresh,0.6045,0.394,0.6045,0.0015,Fresh,0.922,0.922,0.0771,0.0009,Fresh,0.9601,0.9601,0.039,0.0009,Fresh,0.9873,0.9873,0.0118,0.001,Fresh,0.9953,0.9953,0.0045,0.0002
D:\ML Project Freshness Detection\AgriFreshNET Freshness and Shelf-Life Image Datase\AgriFreshNET Freshness and Shelf-Life Image Datase\Processed Data\Processed Data\Fresh pineapple(1-15)\IMG-20251130-WA0009.jpg,Pineapple,0,Fresh,Fresh,0.919,0.919,0.0781,0.0028,Fresh,0.9909,0.9909,0.009,0.0001,Fresh,0.9981,0.9981,0.0018,0.0,Fresh,0.9924,0.9924,0.0075,0.0001,Fresh,0.9975,0.9975,0.0023,0.0002
D:\ML Project Freshness Detection\AgriFreshNET Freshness and Shelf-Life Image Datase\AgriFreshNET Freshness and Shelf-Life Image Datase\Processed Data\Processed Data\Semi Fresh Papaya(4-7)\aug_414_IMG_20260120_004500.jpg,Papaya,1,Semi-Fresh,Semi-Fresh,0.6139,0.1848,0.6139,0.2013,Semi-Fresh,0.7411,0.0158,0.7411,0.2431,Semi-Fresh,0.9597,0.0217,0.9597,0.0186,Semi-Fresh,0.9948,0.0003,0.9948,0.005,Semi-Fresh,0.9984,0.0003,0.9984,0.0013
D:\ML Project Freshness Detection\AgriFreshNET Freshness and Shelf-Life Image Datase\AgriFreshNET Freshness and Shelf-Life Image Datase\Processed Data\Processed Data\Semi fresh banana(4-7)\IMG_20251108_121343649_HDR_AE.jpg,Banana,1,Semi-Fresh,Semi-Fresh,0.6278,0.034,0.6278,0.3382,Semi-Fresh,0.7928,0.0038,0.7928,0.2034,Semi-Fresh,0.8531,0.1235,0.8531,0.0234,Semi-Fresh,0.9475,0.0149,0.9475,0.0376,Semi-Fresh,0.9968,0.0018,0.9968,0.0014
D:\ML Project Freshness Detection\AgriFreshNET Freshness and Shelf-Life Image Datase\AgriFreshNET Freshness and Shelf-Life Image Datase\Processed Data\Processed Data\Fresh pineapple(1-15)\IMG_20251113_124620608_HDR_AE.jpg,Pineapple,0,Fresh,Fresh,0.8018,0.8018,0.1787,0.0195,Fresh,0.7906,0.7906,0.1877,0.0216,Fresh,0.5153,0.5153,0.4718,0.0129,Fresh,0.9178,0.9178,0.0701,0.0121,Fresh,0.9714,0.9714,0.0255,0.003
D:\ML Project Freshness Detection\AgriFreshNET Freshness and Shelf-Life Image Datase\AgriFreshNET Freshness and Shelf-Life Image Datase\Processed Data\Processed Data\Semi Fresh Cucumber(6-12)\IMG_20260120_005034.jpg,Cucumber,1,Semi-Fresh,Semi-Fresh,0.7936,0.1792,0.7936,0.0272,Semi-Fresh,0.946,0.0161,0.946,0.0379,Semi-Fresh,0.9813,0.0109,0.9813,0.0078,Semi-Fresh,0.9971,0.0002,0.9971,0.0027,Semi-Fresh,0.9992,0.0002,0.9992,0.0005
D:\ML Project Freshness Detection\AgriFreshNET Freshness and Shelf-Life Image Datase\AgriFreshNET Freshness and Shelf-Life Image Datase\Processed Data\Processed Data\Fresh eggplant(1-4)\IMG_20251123_221731827_HDR.jpg,Eggplant,0,Fresh,Fresh,0.5021,0.5021,0.332,0.1659,Fresh,0.9607,0.9607,0.0372,0.0021,Fresh,0.8766,0.8766,0.1218,0.0016,Fresh,0.9668,0.9668,0.0287,0.0045,Fresh,0.9958,0.9958,0.0035,0.0006
D:\ML Project Freshness Detection\AgriFreshNET Freshness and Shelf-Life Image Datase\AgriFreshNET Freshness and Shelf-Life Image Datase\Processed Data\Processed Data\Fresh Papaya(1-4)\aug_373_IMG_20260116_030510.jpg,Papaya,0,Fresh,Fresh,0.9621,0.9621,0.0376,0.0003,Fresh,0.897,0.897,0.1028,0.0002,Fresh,0.9897,0.9897,0.0099,0.0003,Fresh,0.9796,0.9796,0.0192,0.0012,Fresh,0.9912,0.9912,0.0081,0.0007
D:\ML Project Freshness Detection\AgriFreshNET Freshness and Shelf-Life Image Datase\AgriFreshNET Freshness and Shelf-Life Image Datase\Processed Data\Processed Data\Rotten Bittermelon(5-8)\IMG_20260120_004947.jpg,Bittermelon,2,Rotten,Rotten,0.9325,0.002,0.0655,0.9325,Rotten,0.9847,0.0021,0.0132,0.9847,Rotten,0.9692,0.0008,0.03,0.9692,Rotten,0.9966,0.0007,0.0026,0.9966,Rotten,0.999,0.0001,0.0009,0.999
D:\ML Project Freshness Detection\AgriFreshNET Freshness and Shelf-Life Image Datase\AgriFreshNET Freshness and Shelf-Life Image Datase\Processed Data\Processed Data\Rotten Bittermelon(5-8)\aug_230_IMG_20260125_005702.jpg,Bittermelon,2,Rotten,Rotten,0.7536,0.0009,0.2455,0.7536,Rotten,0.9894,0.0002,0.0104,0.9894,Rotten,0.9934,0.0,0.0066,0.9934,Rotten,0.999,0.0002,0.0008,0.999,Rotten,0.9986,0.0001,0.0014,0.9986
D:\ML Project Freshness Detection\AgriFreshNET Freshness and Shelf-Life Image Datase\AgriFreshNET Freshness and Shelf-Life Image Datase\Processed Data\Processed Data\Semi fresh Pineapple (15-25)\aug_142_IMG_20251116_220750912_HDR.jpg,Pineapple,1,Semi-Fresh,Semi-Fresh,0.9878,0.0077,0.9878,0.0044,Semi-Fresh,0.9682,0.0109,0.9682,0.0209,Semi-Fresh,0.9625,0.0362,0.9625,0.0013,Semi-Fresh,0.9976,0.0018,0.9976,0.0006,Semi-Fresh,0.9992,0.0002,0.9992,0.0007
D:\ML Project Freshness Detection\AgriFreshNET Freshness and Shelf-Life Image Datase\AgriFreshNET Freshness and Shelf-Life Image Datase\Processed Data\Processed Data\Rotten Pineapple(25-35)\aug_110_IMG-20260130-WA0126.jpg,Pineapple,2,Rotten,Rotten,0.9986,0.0006,0.0008,0.9986,Rotten,0.9999,0.0001,0.0001,0.9999,Rotten,0.9984,0.0004,0.0012,0.9984,Rotten,0.9824,0.007,0.0106,0.9824,Rotten,0.9994,0.0001,0.0004,0.9994
D:\ML Project Freshness Detection\AgriFreshNET Freshness and Shelf-Life Image Datase\AgriFreshNET Freshness and Shelf-Life Image Datase\Processed Data\Processed Data\Rotten Orange(20-35)\aug_469_IMG-20260128-WA0001.jpg,Orange,2,Rotten,Rotten,0.9964,0.0001,0.0035,0.9964,Rotten,0.9972,0.0004,0.0023,0.9972,Rotten,0.9991,0.0,0.0009,0.9991,Rotten,0.9979,0.001,0.001,0.9979,Rotten,0.9997,0.0001,0.0002,0.9997
D:\ML Project Freshness Detection\AgriFreshNET Freshness and Shelf-Life Image Datase\AgriFreshNET Freshness and Shelf-Life Image Datase\Processed Data\Processed Data\Fresh Cucumber(1-6)\aug_407_IMG_20260116_030041.jpg,Cucumber,0,Fresh,Fresh,0.8981,0.8981,0.0958,0.0062,Fresh,0.976,0.976,0.0197,0.0043,Fresh,0.9822,0.9822,0.0174,0.0005,Fresh,0.9772,0.9772,0.0211,0.0017,Fresh,0.9989,0.9989,0.001,0.0001
D:\ML Project Freshness Detection\AgriFreshNET Freshness and Shelf-Life Image Datase\AgriFreshNET Freshness and Shelf-Life Image Datase\Processed Data\Processed Data\Semi fresh banana(4-7)\aug_221_IMG_20251124_191150648_HDR.jpg,Banana,1,Semi-Fresh,Semi-Fresh,0.7663,0.0056,0.7663,0.228,Semi-Fresh,0.9783,0.0017,0.9783,0.02,Semi-Fresh,0.9729,0.0006,0.9729,0.0265,Semi-Fresh,0.9618,0.0016,0.9618,0.0366,Semi-Fresh,0.9963,0.0001,0.9963,0.0036
D:\ML Project Freshness Detection\AgriFreshNET Freshness and Shelf-Life Image Datase\AgriFreshNET Freshness and Shelf-Life Image Datase\Processed Data\Processed Data\Fresh Bittermelon(1-3)\aug_340_IMG_20251117_155613.jpg,Bittermelon,0,Fresh,Fresh,0.9973,0.9973,0.0027,0.0,Fresh,0.9906,0.9906,0.0088,0.0006,Fresh,0.9998,0.9998,0.0,0.0002,Fresh,0.9964,0.9964,0.0027,0.0009,Fresh,0.999,0.999,0.0008,0.0002
D:\ML Project Freshness Detection\AgriFreshNET Freshness and Shelf-Life Image Datase\AgriFreshNET Freshness and Shelf-Life Image Datase\Processed Data\Processed Data\Fresh Tomato(1-10)\IMG_20251130_181301936_HDR.jpg,Tomato,0,Fresh,Fresh,0.9318,0.9318,0.0668,0.0014,Fresh,0.997,0.997,0.0027,0.0003,Fresh,0.9993,0.9993,0.0005,0.0001,Fresh,0.999,0.999,0.0007,0.0003,Fresh,0.9993,0.9993,0.0006,0.0001
D:\ML Project Freshness Detection\AgriFreshNET Freshness and Shelf-Life Image Datase\AgriFreshNET Freshness and Shelf-Life Image Datase\Processed Data\Processed Data\Semi fresh Tomato(10-24)\IMG_20260123_182309582_HDR.jpg,Tomato,1,Semi-Fresh,Semi-Fresh,0.6185,0.0934,0.6185,0.2881,Semi-Fresh,0.9292,0.0115,0.9292,0.0592,Semi-Fresh,0.9182,0.0003,0.9182,0.0815,Semi-Fresh,0.9328,0.0004,0.9328,0.0668,Semi-Fresh,0.9968,0.0003,0.9968,0.0029
D:\ML Project Freshness Detection\AgriFreshNET Freshness and Shelf-Life Image Datase\AgriFreshNET Freshness and Shelf-Life Image Datase\Processed Data\Processed Data\Rotten Cucumber(12-20)\aug_220_IMG_20251123_012406.jpg,Cucumber,2,Rotten,Rotten,0.9881,0.0025,0.0095,0.9881,Rotten,0.9886,0.0008,0.0105,0.9886,Rotten,0.9999,0.0,0.0001,0.9999,Rotten,0.9955,0.0025,0.002,0.9955,Rotten,0.9994,0.0002,0.0004,0.9994
D:\ML Project Freshness Detection\AgriFreshNET Freshness and Shelf-Life Image Datase\AgriFreshNET Freshness and Shelf-Life Image Datase\Processed Data\Processed Data\Rotten Tomato(24-35)\aug_55_IMG-20260207-WA0017.jpg,Tomato,2,Rotten,Rotten,0.9856,0.007,0.0074,0.9856,Rotten,0.9983,0.0008,0.0008,0.9983,Rotten,0.9944,0.0048,0.0007,0.9944,Rotten,0.9971,0.0016,0.0013,0.9971,Rotten,0.9978,0.001,0.0012,0.9978
D:\ML Project Freshness Detection\AgriFreshNET Freshness and Shelf-Life Image Datase\AgriFreshNET Freshness and Shelf-Life Image Datase\Processed Data\Processed Data\Semi Fresh Cucumber(6-12)\IMG_20260212_155152.jpg,Cucumber,1,Semi-Fresh,Semi-Fresh,0.8338,0.1619,0.8338,0.0043,Semi-Fresh,0.9925,0.0073,0.9925,0.0002,Semi-Fresh,0.9974,0.0017,0.9974,0.0009,Semi-Fresh,0.9959,0.0038,0.9959,0.0003,Semi-Fresh,0.9888,0.0074,0.9888,0.0037
D:\ML Project Freshness Detection\AgriFreshNET Freshness and Shelf-Life Image Datase\AgriFreshNET Freshness and Shelf-Life Image Datase\Processed Data\Processed Data\Rotten eggplant(8-15)\aug_354_IMG_20251112_113420934_HDR_AE.jpg,Eggplant,2,Rotten,Rotten,0.6455,0.189,0.1655,0.6455,Rotten,0.9906,0.0037,0.0056,0.9906,Rotten,0.9809,0.002,0.0171,0.9809,Rotten,0.964,0.0038,0.0322,0.964,Rotten,0.9982,0.0002,0.0016,0.9982
D:\ML Project Freshness Detection\AgriFreshNET Freshness and Shelf-Life Image Datase\AgriFreshNET Freshness and Shelf-Life Image Datase\Processed Data\Processed Data\Fresh Banana(1-4)\IMG_20251103_192142532_HDR.jpg,Banana,0,Fresh,Fresh,0.9659,0.9659,0.0336,0.0004,Fresh,0.9112,0.9112,0.086,0.0028,Fresh,0.9993,0.9993,0.0007,0.0,Fresh,0.995,0.995,0.0041,0.0009,Fresh,0.9982,0.9982,0.0017,0.0001
D:\ML Project Freshness Detection\AgriFreshNET Freshness and Shelf-Life Image Datase\AgriFreshNET Freshness and Shelf-Life Image Datase\Processed Data\Processed Data\Rotten Papaya(7-12)\aug_211_IMG_20260125_005228.jpg,Papaya,2,Rotten,Rotten,0.7407,0.0884,0.1709,0.7407,Rotten,0.9922,0.0005,0.0072,0.9922,Rotten,0.9909,0.0002,0.0089,0.9909,Rotten,0.9946,0.0004,0.005,0.9946,Rotten,0.9985,0.0001,0.0014,0.9985
D:\ML Project Freshness Detection\AgriFreshNET Freshness and Shelf-Life Image Datase\AgriFreshNET Freshness and Shelf-Life Image Datase\Processed Data\Processed Data\Fresh Tomato(1-10)\IMG_20251106_160003407_HDR_AE.jpg,Tomato,0,Fresh,Fresh,0.6031,0.6031,0.3926,0.0042,Fresh,0.9258,0.9258,0.0718,0.0024,Fresh,0.9719,0.9719,0.0264,0.0017,Fresh,0.9544,0.9544,0.0407,0.005,Fresh,0.9955,0.9955,0.004,0.0004
D:\ML Project Freshness Detection\AgriFreshNET Freshness and Shelf-Life Image Datase\AgriFreshNET Freshness and Shelf-Life Image Datase\Processed Data\Processed Data\Fresh Bittermelon(1-3)\IMG_20251121_081555.jpg,Bittermelon,0,Fresh,Fresh,0.9649,0.9649,0.0351,0.0,Fresh,0.8823,0.8823,0.1156,0.0021,Fresh,0.9932,0.9932,0.0068,0.0,Fresh,0.9918,0.9918,0.0075,0.0008,Fresh,0.9941,0.9941,0.0057,0.0002
D:\ML Project Freshness Detection\AgriFreshNET Freshness and Shelf-Life Image Datase\AgriFreshNET Freshness and Shelf-Life Image Datase\Processed Data\Processed Data\Rotten Tomato(24-35)\aug_245_IMG_20260126_223658574_HDR.jpg,Tomato,2,Rotten,Rotten,0.9605,0.0002,0.0393,0.9605,Rotten,0.9938,0.0002,0.006,0.9938,Rotten,0.9997,0.0,0.0003,0.9997,Rotten,0.9992,0.0,0.0008,0.9992,Rotten,0.9987,0.0002,0.0011,0.9987
D:\ML Project Freshness Detection\AgriFreshNET Freshness and Shelf-Life Image Datase\AgriFreshNET Freshness and Shelf-Life Image Datase\Processed Data\Processed Data\Semi fresh Orange(9-20)\aug_53_IMG_20251126_191718693_HDR.jpg,Orange,1,Semi-Fresh,Semi-Fresh,0.9815,0.0182,0.9815,0.0003,Semi-Fresh,0.9953,0.0043,0.9953,0.0003,Semi-Fresh,0.9992,0.0006,0.9992,0.0002,Semi-Fresh,0.9986,0.0005,0.9986,0.0009,Semi-Fresh,0.997,0.0026,0.997,0.0004
D:\ML Project Freshness Detection\AgriFreshNET Freshness and Shelf-Life Image Datase\AgriFreshNET Freshness and Shelf-Life Image Datase\Processed Data\Processed Data\Rotten Cucumber(12-20)\aug_89_IMG_20251202_015522.jpg,Cucumber,2,Rotten,Rotten,0.9987,0.0006,0.0007,0.9987,Rotten,0.9924,0.0003,0.0073,0.9924,Rotten,1.0,0.0,0.0,1.0,Rotten,0.9962,0.0017,0.0021,0.9962,Rotten,0.9993,0.0002,0.0005,0.9993
D:\ML Project Freshness Detection\AgriFreshNET Freshness and Shelf-Life Image Datase\AgriFreshNET Freshness and Shelf-Life Image Datase\Processed Data\Processed Data\Semi Fresh Bittermelon ( 3-5)\aug_128_IMG_20260122_003133.jpg,Bittermelon,1,Semi-Fresh,Semi-Fresh,0.9146,0.073,0.9146,0.0125,Semi-Fresh,0.9898,0.0011,0.9898,0.0091,Semi-Fresh,0.9914,0.008,0.9914,0.0006,Semi-Fresh,0.9996,0.0001,0.9996,0.0003,Semi-Fresh,0.998,0.0009,0.998,0.0011
D:\ML Project Freshness Detection\AgriFreshNET Freshness and Shelf-Life Image Datase\AgriFreshNET Freshness and Shelf-Life Image Datase\Processed Data\Processed Data\Rotten Pineapple(25-35)\IMG-20251215-WA0032.jpg,Pineapple,2,Rotten,Rotten,0.9602,0.0005,0.0393,0.9602,Rotten,0.994,0.0012,0.0048,0.994,Rotten,0.9953,0.0,0.0046,0.9953,Rotten,0.9987,0.0002,0.0011,0.9987,Rotten,0.9995,0.0001,0.0004,0.9995
D:\ML Project Freshness Detection\AgriFreshNET Freshness and Shelf-Life Image Datase\AgriFreshNET Freshness and Shelf-Life Image Datase\Processed Data\Processed Data\Fresh Banana(1-4)\aug_384_IMG_20251119_201435680_HDR.jpg,Banana,0,Fresh,Fresh,0.9891,0.9891,0.0109,0.0,Fresh,0.998,0.998,0.002,0.0001,Fresh,0.9971,0.9971,0.0028,0.0001,Fresh,0.9979,0.9979,0.0018,0.0003,Fresh,0.9995,0.9995,0.0004,0.0001
D:\ML Project Freshness Detection\AgriFreshNET Freshness and Shelf-Life Image Datase\AgriFreshNET Freshness and Shelf-Life Image Datase\Processed Data\Processed Data\Semi_Fresh eggplant(4-8)\IMG_20251126_193556107_HDR.jpg,Eggplant,1,Semi-Fresh,Semi-Fresh,0.9349,0.0636,0.9349,0.0016,Semi-Fresh,0.9838,0.0102,0.9838,0.006,Semi-Fresh,0.9436,0.052,0.9436,0.0045,Semi-Fresh,0.9985,0.0005,0.9985,0.001,Semi-Fresh,0.9924,0.0036,0.9924,0.004
D:\ML Project Freshness Detection\AgriFreshNET Freshness and Shelf-Life Image Datase\AgriFreshNET Freshness and Shelf-Life Image Datase\Processed Data\Processed Data\Semi Fresh Bittermelon ( 3-5)\aug_345_IMG_20260116_025928.jpg,Bittermelon,1,Semi-Fresh,Semi-Fresh,0.7757,0.2186,0.7757,0.0057,Semi-Fresh,0.9678,0.0023,0.9678,0.03,Semi-Fresh,0.9875,0.0026,0.9875,0.0099,Semi-Fresh,0.9864,0.0116,0.9864,0.002,Semi-Fresh,0.9894,0.0017,0.9894,0.0089
D:\ML Project Freshness Detection\AgriFreshNET Freshness and Shelf-Life Image Datase\AgriFreshNET Freshness and Shelf-Life Image Datase\Processed Data\Processed Data\Semi Fresh Cucumber(6-12)\IMG_20251112_164805.jpg,Cucumber,1,Semi-Fresh,Semi-Fresh,0.5186,0.1635,0.5186,0.3179,Rotten,0.5601,0.1163,0.3236,0.5601,Semi-Fresh,0.9511,0.0107,0.9511,0.0382,Semi-Fresh,0.7085,0.0027,0.7085,0.2889,Semi-Fresh,0.9882,0.0065,0.9882,0.0053
D:\ML Project Freshness Detection\AgriFreshNET Freshness and Shelf-Life Image Datase\AgriFreshNET Freshness and Shelf-Life Image Datase\Processed Data\Processed Data\Rotten banana(7-13)\IMG_20260124_113124665_HDR_AE.jpg,Banana,2,Rotten,Rotten,0.9531,0.001,0.046,0.9531,Rotten,0.9601,0.0007,0.0392,0.9601,Rotten,0.9929,0.0,0.0071,0.9929,Rotten,0.9826,0.0047,0.0127,0.9826,Rotten,0.9973,0.0001,0.0026,0.9973
D:\ML Project Freshness Detection\AgriFreshNET Freshness and Shelf-Life Image Datase\AgriFreshNET Freshness and Shelf-Life Image Datase\Processed Data\Processed Data\Semi fresh banana(4-7)\aug_363_IMG_20251105_102216514_HDR_AE.jpg,Banana,1,Semi-Fresh,Fresh,0.7475,0.7475,0.2138,0.0387,Semi-Fresh,0.5779,0.4201,0.5779,0.002,Semi-Fresh,0.5165,0.4752,0.5165,0.0084,Semi-Fresh,0.5467,0.4382,0.5467,0.0151,Fresh,0.9267,0.9267,0.0717,0.0016
D:\ML Project Freshness Detection\AgriFreshNET Freshness and Shelf-Life Image Datase\AgriFreshNET Freshness and Shelf-Life Image Datase\Processed Data\Processed Data\Rotten Orange(20-35)\aug_302_IMG-20260128-WA0005.jpg,Orange,2,Rotten,Rotten,0.9987,0.0001,0.0012,0.9987,Rotten,0.9988,0.0,0.0011,0.9988,Rotten,0.9999,0.0,0.0001,0.9999,Rotten,0.9977,0.0011,0.0012,0.9977,Rotten,0.9997,0.0,0.0003,0.9997
D:\ML Project Freshness Detection\AgriFreshNET Freshness and Shelf-Life Image Datase\AgriFreshNET Freshness and Shelf-Life Image Datase\Processed Data\Processed Data\Rotten Papaya(7-12)\aug_99_IMG_20260123_013626.jpg,Papaya,2,Rotten,Semi-Fresh,0.7449,0.1255,0.7449,0.1296,Rotten,0.9319,0.0063,0.0619,0.9319,Rotten,0.9083,0.0029,0.0888,0.9083,Rotten,0.986,0.0019,0.012,0.986,Rotten,0.8757,0.0292,0.0951,0.8757
D:\ML Project Freshness Detection\AgriFreshNET Freshness and Shelf-Life Image Datase\AgriFreshNET Freshness and Shelf-Life Image Datase\Processed Data\Processed Data\Rotten banana(7-13)\aug_184_IMG_20251125_210323235_HDR.jpg,Banana,2,Rotten,Rotten,0.8695,0.0029,0.1276,0.8695,Rotten,0.9732,0.0003,0.0265,0.9732,Rotten,0.9803,0.0001,0.0196,0.9803,Rotten,0.9887,0.0008,0.0104,0.9887,Rotten,0.99,0.0004,0.0096,0.99
D:\ML Project Freshness Detection\AgriFreshNET Freshness and Shelf-Life Image Datase\AgriFreshNET Freshness and Shelf-Life Image Datase\Processed Data\Processed Data\Semi fresh banana(4-7)\IMG_20251107_113717675_HDR_AE.jpg,Banana,1,Semi-Fresh,Semi-Fresh,0.9235,0.014,0.9235,0.0626,Semi-Fresh,0.9717,0.0143,0.9717,0.014,Semi-Fresh,0.9607,0.0318,0.9607,0.0076,Semi-Fresh,0.9939,0.0038,0.9939,0.0024,Semi-Fresh,0.9988,0.001,0.9988,0.0001
D:\ML Project Freshness Detection\AgriFreshNET Freshness and Shelf-Life Image Datase\AgriFreshNET Freshness and Shelf-Life Image Datase\Processed Data\Processed Data\Rotten eggplant(8-15)\aug_160_IMG_20251118_165225733_HDR.jpg,Eggplant,2,Rotten,Rotten,0.9713,0.0034,0.0253,0.9713,Rotten,0.9978,0.0003,0.0019,0.9978,Rotten,0.9979,0.0001,0.002,0.9979,Rotten,0.9987,0.0001,0.0012,0.9987,Rotten,0.9995,0.0,0.0004,0.9995
D:\ML Project Freshness Detection\AgriFreshNET Freshness and Shelf-Life Image Datase\AgriFreshNET Freshness and Shelf-Life Image Datase\Processed Data\Processed Data\Rotten Cucumber(12-20)\aug_43_IMG_20251123_012455.jpg,Cucumber,2,Rotten,Rotten,0.9736,0.0043,0.0221,0.9736,Rotten,0.9985,0.0002,0.0013,0.9985,Rotten,0.9979,0.0,0.0021,0.9979,Rotten,0.994,0.0028,0.0032,0.994,Rotten,0.9985,0.0002,0.0013,0.9985
D:\ML Project Freshness Detection\AgriFreshNET Freshness and Shelf-Life Image Datase\AgriFreshNET Freshness and Shelf-Life Image Datase\Processed Data\Processed Data\Fresh eggplant(1-4)\IMG_20251119_195626724_HDR.jpg,Eggplant,0,Fresh,Fresh,0.5329,0.5329,0.4663,0.0008,Fresh,0.8798,0.8798,0.1184,0.0018,Fresh,0.9533,0.9533,0.0462,0.0006,Fresh,0.9651,0.9651,0.0324,0.0025,Fresh,0.9774,0.9774,0.0201,0.0024
D:\ML Project Freshness Detection\AgriFreshNET Freshness and Shelf-Life Image Datase\AgriFreshNET Freshness and Shelf-Life Image Datase\Processed Data\Processed Data\Semi_Fresh eggplant(4-8)\IMG_20251124_193304735_HDR.jpg,Eggplant,1,Semi-Fresh,Semi-Fresh,0.698,0.2988,0.698,0.0032,Semi-Fresh,0.9062,0.0633,0.9062,0.0304,Semi-Fresh,0.7953,0.0932,0.7953,0.1115,Semi-Fresh,0.7731,0.0931,0.7731,0.1338,Semi-Fresh,0.9854,0.0077,0.9854,0.0069
D:\ML Project Freshness Detection\AgriFreshNET Freshness and Shelf-Life Image Datase\AgriFreshNET Freshness and Shelf-Life Image Datase\Processed Data\Processed Data\Rotten eggplant(8-15)\aug_28_IMG_20251110_094445423_HDR_AE.jpg,Eggplant,2,Rotten,Rotten,0.9792,0.0033,0.0175,0.9792,Rotten,0.984,0.0032,0.0128,0.984,Rotten,0.9982,0.0001,0.0018,0.9982,Rotten,0.9944,0.001,0.0046,0.9944,Rotten,0.9986,0.0004,0.0009,0.9986
D:\ML Project Freshness Detection\AgriFreshNET Freshness and Shelf-Life Image Datase\AgriFreshNET Freshness and Shelf-Life Image Datase\Processed Data\Processed Data\Rotten Tomato(24-35)\aug_75_IMG_20260124_112940751_HDR_AE.jpg,Tomato,2,Rotten,Rotten,0.8543,0.0775,0.0682,0.8543,Fresh,0.5079,0.5079,0.0999,0.3923,Rotten,0.8584,0.134,0.0075,0.8584,Rotten,0.966,0.0115,0.0225,0.966,Rotten,0.9301,0.0525,0.0174,0.9301
D:\ML Project Freshness Detection\AgriFreshNET Freshness and Shelf-Life Image Datase\AgriFreshNET Freshness and Shelf-Life Image Datase\Processed Data\Processed Data\Fresh pineapple(1-15)\IMG_20251102_081437212_HDR_AE.jpg,Pineapple,0,Fresh,Fresh,0.8401,0.8401,0.1354,0.0245,Fresh,0.8138,0.8138,0.1591,0.0271,Fresh,0.9825,0.9825,0.0168,0.0007,Fresh,0.9968,0.9968,0.0029,0.0003,Fresh,0.9989,0.9989,0.0008,0.0004
D:\ML Project Freshness Detection\AgriFreshNET Freshness and Shelf-Life Image Datase\AgriFreshNET Freshness and Shelf-Life Image Datase\Processed Data\Processed Data\Fresh Cucumber(1-6)\aug_433_IMG_20260204_152039.jpg,Cucumber,0,Fresh,Fresh,0.8897,0.8897,0.1101,0.0001,Fresh,0.9731,0.9731,0.0262,0.0006,Fresh,0.9561,0.9561,0.0345,0.0093,Fresh,0.9145,0.9145,0.0833,0.0022,Fresh,0.9988,0.9988,0.001,0.0001
D:\ML Project Freshness Detection\AgriFreshNET Freshness and Shelf-Life Image Datase\AgriFreshNET Freshness and Shelf-Life Image Datase\Processed Data\Processed Data\Rotten banana(7-13)\IMG_20251201_132639625_HDR.jpg,Banana,2,Rotten,Rotten,0.9965,0.0004,0.003,0.9965,Rotten,0.9997,0.0001,0.0003,0.9997,Rotten,0.9961,0.0005,0.0035,0.9961,Rotten,0.9967,0.0018,0.0016,0.9967,Rotten,0.9986,0.0004,0.001,0.9986
D:\ML Project Freshness Detection\AgriFreshNET Freshness and Shelf-Life Image Datase\AgriFreshNET Freshness and Shelf-Life Image Datase\Processed Data\Processed Data\Rotten Orange(20-35)\aug_325_IMG-20260130-WA0100.jpg,Orange,2,Rotten,Rotten,0.8661,0.0011,0.1327,0.8661,Rotten,0.9984,0.0001,0.0014,0.9984,Rotten,0.9901,0.0001,0.0098,0.9901,Rotten,0.995,0.0017,0.0033,0.995,Rotten,0.9972,0.0001,0.0027,0.9972
D:\ML Project Freshness Detection\AgriFreshNET Freshness and Shelf-Life Image Datase\AgriFreshNET Freshness and Shelf-Life Image Datase\Processed Data\Processed Data\Rotten Tomato(24-35)\IMG_20260123_182140463_HDR.jpg,Tomato,2,Rotten,Rotten,0.8264,0.0808,0.0929,0.8264,Rotten,0.8432,0.0892,0.0676,0.8432,Rotten,0.9457,0.0009,0.0534,0.9457,Rotten,0.9916,0.0014,0.007,0.9916,Rotten,0.986,0.0086,0.0054,0.986
D:\ML Project Freshness Detection\AgriFreshNET Freshness and Shelf-Life Image Datase\AgriFreshNET Freshness and Shelf-Life Image Datase\Processed Data\Processed Data\Fresh Papaya(1-4)\IMG_20260116_030643.jpg,Papaya,0,Fresh,Fresh,0.8349,0.8349,0.1649,0.0002,Fresh,0.6627,0.6627,0.3294,0.0079,Fresh,0.9978,0.9978,0.0014,0.0008,Fresh,0.9961,0.9961,0.0036,0.0003,Fresh,0.9981,0.9981,0.0016,0.0002
D:\ML Project Freshness Detection\AgriFreshNET Freshness and Shelf-Life Image Datase\AgriFreshNET Freshness and Shelf-Life Image Datase\Processed Data\Processed Data\Rotten Pineapple(25-35)\aug_116_IMG-20251215-WA0033.jpg,Pineapple,2,Rotten,Rotten,0.7551,0.0059,0.2389,0.7551,Rotten,0.9962,0.0006,0.0033,0.9962,Rotten,0.9918,0.0001,0.0082,0.9918,Rotten,0.9992,0.0002,0.0006,0.9992,Rotten,0.9978,0.0015,0.0007,0.9978
D:\ML Project Freshness Detection\AgriFreshNET Freshness and Shelf-Life Image Datase\AgriFreshNET Freshness and Shelf-Life Image Datase\Processed Data\Processed Data\Rotten banana(7-13)\IMG_20251112_112653105_HDR_AE.jpg,Banana,2,Rotten,Rotten,0.9956,0.0001,0.0043,0.9956,Rotten,0.9968,0.0002,0.0029,0.9968,Rotten,0.9923,0.0,0.0077,0.9923,Rotten,0.9981,0.0004,0.0015,0.9981,Rotten,0.997,0.0001,0.0029,0.997
D:\ML Project Freshness Detection\AgriFreshNET Freshness and Shelf-Life Image Datase\AgriFreshNET Freshness and Shelf-Life Image Datase\Processed Data\Processed Data\Semi Fresh Papaya(4-7)\aug_150_IMG_20260120_004456.jpg,Papaya,1,Semi-Fresh,Semi-Fresh,0.7894,0.1665,0.7894,0.0441,Semi-Fresh,0.9166,0.0443,0.9166,0.0391,Semi-Fresh,0.9691,0.0301,0.9691,0.0008,Semi-Fresh,0.9933,0.0031,0.9933,0.0035,Semi-Fresh,0.9971,0.0019,0.9971,0.001
D:\ML Project Freshness Detection\AgriFreshNET Freshness and Shelf-Life Image Datase\AgriFreshNET Freshness and Shelf-Life Image Datase\Processed Data\Processed Data\Semi Fresh Papaya(4-7)\aug_249_IMG_20260214_025244.jpg,Papaya,1,Semi-Fresh,Fresh,0.7439,0.7439,0.2339,0.0222,Semi-Fresh,0.7618,0.1252,0.7618,0.1129,Semi-Fresh,0.9874,0.0096,0.9874,0.003,Semi-Fresh,0.9923,0.0058,0.9923,0.002,Semi-Fresh,0.9957,0.0024,0.9957,0.0019
D:\ML Project Freshness Detection\AgriFreshNET Freshness and Shelf-Life Image Datase\AgriFreshNET Freshness and Shelf-Life Image Datase\Processed Data\Processed Data\Semi fresh Tomato(10-24)\aug_39_IMG_20251115_121609496_HDR_AE.jpg,Tomato,1,Semi-Fresh,Semi-Fresh,0.6892,0.3077,0.6892,0.0032,Semi-Fresh,0.9637,0.034,0.9637,0.0023,Semi-Fresh,0.6033,0.3961,0.6033,0.0006,Semi-Fresh,0.9762,0.0226,0.9762,0.0012,Semi-Fresh,0.9971,0.0024,0.9971,0.0005
D:\ML Project Freshness Detection\AgriFreshNET Freshness and Shelf-Life Image Datase\AgriFreshNET Freshness and Shelf-Life Image Datase\Processed Data\Processed Data\Rotten Cucumber(12-20)\aug_169_IMG_20260122_003107.jpg,Cucumber,2,Rotten,Semi-Fresh,0.5964,0.0054,0.5964,0.3982,Rotten,0.5485,0.0097,0.4418,0.5485,Rotten,0.8099,0.0093,0.1808,0.8099,Rotten,0.9422,0.011,0.0468,0.9422,Rotten,0.9838,0.0007,0.0155,0.9838
D:\ML Project Freshness Detection\AgriFreshNET Freshness and Shelf-Life Image Datase\AgriFreshNET Freshness and Shelf-Life Image Datase\Processed Data\Processed Data\Fresh Orange(1-9)\IMG-20251118-WA0018.jpg,Orange,0,Fresh,Fresh,0.9694,0.9694,0.0305,0.0,Fresh,0.972,0.972,0.0279,0.0001,Fresh,0.9944,0.9944,0.0056,0.0,Fresh,0.9573,0.9573,0.0423,0.0004,Fresh,0.9562,0.9562,0.0429,0.0009
D:\ML Project Freshness Detection\AgriFreshNET Freshness and Shelf-Life Image Datase\AgriFreshNET Freshness and Shelf-Life Image Datase\Processed Data\Processed Data\Semi fresh Tomato(10-24)\aug_21_IMG_20251113_123833228_HDR_AE.jpg,Tomato,1,Semi-Fresh,Rotten,0.7811,0.0052,0.2137,0.7811,Rotten,0.8167,0.0163,0.167,0.8167,Semi-Fresh,0.6458,0.0599,0.6458,0.2943,Rotten,0.6863,0.0548,0.2589,0.6863,Rotten,0.9021,0.0101,0.0878,0.9021
D:\ML Project Freshness Detection\AgriFreshNET Freshness and Shelf-Life Image Datase\AgriFreshNET Freshness and Shelf-Life Image Datase\Processed Data\Processed Data\Semi Fresh Papaya(4-7)\aug_285_IMG_20260125_005125.jpg,Papaya,1,Semi-Fresh,Semi-Fresh,0.6519,0.3336,0.6519,0.0145,Semi-Fresh,0.9606,0.0198,0.9606,0.0196,Semi-Fresh,0.939,0.0304,0.939,0.0306,Semi-Fresh,0.998,0.0014,0.998,0.0006,Semi-Fresh,0.9879,0.0062,0.9879,0.0059
D:\ML Project Freshness Detection\AgriFreshNET Freshness and Shelf-Life Image Datase\AgriFreshNET Freshness and Shelf-Life Image Datase\Processed Data\Processed Data\Fresh Tomato(1-10)\IMG_20260120_095630402_HDR_AE.jpg,Tomato,0,Fresh,Fresh,0.5418,0.5418,0.2528,0.2054,Rotten,0.5998,0.0826,0.3177,0.5998,Fresh,0.5365,0.5365,0.0928,0.3707,Fresh,0.9053,0.9053,0.0593,0.0354,Semi-Fresh,0.5231,0.4525,0.5231,0.0245
D:\ML Project Freshness Detection\AgriFreshNET Freshness and Shelf-Life Image Datase\AgriFreshNET Freshness and Shelf-Life Image Datase\Processed Data\Processed Data\Rotten Papaya(7-12)\IMG_20251202_021145.jpg,Papaya,2,Rotten,Rotten,0.7079,0.1188,0.1732,0.7079,Rotten,0.7122,0.0694,0.2184,0.7122,Rotten,0.9837,0.0031,0.0132,0.9837,Rotten,0.5276,0.0222,0.4502,0.5276,Rotten,0.9988,0.0001,0.0012,0.9988
D:\ML Project Freshness Detection\AgriFreshNET Freshness and Shelf-Life Image Datase\AgriFreshNET Freshness and Shelf-Life Image Datase\Processed Data\Processed Data\Semi fresh Orange(9-20)\aug_26_IMG_20251121_144606292_HDR_AE.jpg,Orange,1,Semi-Fresh,Semi-Fresh,0.9004,0.0625,0.9004,0.037,Semi-Fresh,0.9959,0.0003,0.9959,0.0037,Semi-Fresh,0.9964,0.0015,0.9964,0.0021,Semi-Fresh,0.9965,0.0005,0.9965,0.003,Semi-Fresh,0.9996,0.0002,0.9996,0.0003
D:\ML Project Freshness Detection\AgriFreshNET Freshness and Shelf-Life Image Datase\AgriFreshNET Freshness and Shelf-Life Image Datase\Processed Data\Processed Data\Fresh Bittermelon(1-3)\aug_255_IMG_20260114_005350.jpg,Bittermelon,0,Fresh,Fresh,0.9987,0.9987,0.0013,0.0,Fresh,0.9987,0.9987,0.0012,0.0,Fresh,0.9998,0.9998,0.0002,0.0,Fresh,0.9923,0.9923,0.0055,0.0022,Fresh,0.9994,0.9994,0.0004,0.0002
D:\ML Project Freshness Detection\AgriFreshNET Freshness and Shelf-Life Image Datase\AgriFreshNET Freshness and Shelf-Life Image Datase\Processed Data\Processed Data\Fresh pineapple(1-15)\IMG_20251109_113051400_HDR_AE.jpg,Pineapple,0,Fresh,Fresh,0.9019,0.9019,0.0976,0.0005,Fresh,0.957,0.957,0.0406,0.0024,Fresh,0.9914,0.9914,0.0086,0.0001,Fresh,0.9981,0.9981,0.0018,0.0001,Fresh,0.9989,0.9989,0.001,0.0001
D:\ML Project Freshness Detection\AgriFreshNET Freshness and Shelf-Life Image Datase\AgriFreshNET Freshness and Shelf-Life Image Datase\Processed Data\Processed Data\Fresh Orange(1-9)\aug_57_IMG_20251106_160140327_HDR_AE.jpg,Orange,0,Fresh,Fresh,0.7354,0.7354,0.2585,0.006,Fresh,0.9297,0.9297,0.0693,0.001,Fresh,0.9161,0.9161,0.0836,0.0003,Fresh,0.9648,0.9648,0.0347,0.0005,Fresh,0.9967,0.9967,0.003,0.0002
D:\ML Project Freshness Detection\AgriFreshNET Freshness and Shelf-Life Image Datase\AgriFreshNET Freshness and Shelf-Life Image Datase\Processed Data\Processed Data\Rotten Tomato(24-35)\IMG-20260207-WA0035.jpg,Tomato,2,Rotten,Rotten,0.9915,0.0007,0.0079,0.9915,Rotten,0.9924,0.0013,0.0063,0.9924,Rotten,0.9999,0.0,0.0001,0.9999,Rotten,0.9971,0.0018,0.0011,0.9971,Rotten,0.998,0.0003,0.0017,0.998
D:\ML Project Freshness Detection\AgriFreshNET Freshness and Shelf-Life Image Datase\AgriFreshNET Freshness and Shelf-Life Image Datase\Processed Data\Processed Data\Semi Fresh Cucumber(6-12)\aug_150_IMG_20260212_155642.jpg,Cucumber,1,Semi-Fresh,Semi-Fresh,0.9523,0.0472,0.9523,0.0005,Semi-Fresh,0.9984,0.0011,0.9984,0.0006,Semi-Fresh,0.9997,0.0001,0.9997,0.0002,Semi-Fresh,0.9978,0.0004,0.9978,0.0018,Semi-Fresh,0.998,0.0017,0.998,0.0003
D:\ML Project Freshness Detection\AgriFreshNET Freshness and Shelf-Life Image Datase\AgriFreshNET Freshness and Shelf-Life Image Datase\Processed Data\Processed Data\Semi fresh Tomato(10-24)\IMG_20251123_222248182_HDR.jpg,Tomato,1,Semi-Fresh,Semi-Fresh,0.9584,0.0299,0.9584,0.0118,Semi-Fresh,0.9298,0.0004,0.9298,0.0698,Semi-Fresh,0.9977,0.0002,0.9977,0.002,Semi-Fresh,0.9982,0.0009,0.9982,0.0009,Semi-Fresh,0.9994,0.0003,0.9994,0.0004
D:\ML Project Freshness Detection\AgriFreshNET Freshness and Shelf-Life Image Datase\AgriFreshNET Freshness and Shelf-Life Image Datase\Processed Data\Processed Data\Rotten Papaya(7-12)\IMG_20251202_021741.jpg,Papaya,2,Rotten,Rotten,0.984,0.0016,0.0145,0.984,Rotten,0.9978,0.0006,0.0016,0.9978,Rotten,0.9993,0.0,0.0007,0.9993,Rotten,0.9916,0.0015,0.0068,0.9916,Rotten,0.9993,0.0001,0.0006,0.9993
D:\ML Project Freshness Detection\AgriFreshNET Freshness and Shelf-Life Image Datase\AgriFreshNET Freshness and Shelf-Life Image Datase\Processed Data\Processed Data\Semi_Fresh eggplant(4-8)\IMG_20251130_182315601_HDR.jpg,Eggplant,1,Semi-Fresh,Semi-Fresh,0.5604,0.0411,0.5604,0.3985,Semi-Fresh,0.9336,0.0072,0.9336,0.0592,Semi-Fresh,0.8591,0.0202,0.8591,0.1206,Semi-Fresh,0.9315,0.0169,0.9315,0.0516,Semi-Fresh,0.9952,0.0038,0.9952,0.001
D:\ML Project Freshness Detection\AgriFreshNET Freshness and Shelf-Life Image Datase\AgriFreshNET Freshness and Shelf-Life Image Datase\Processed Data\Processed Data\Rotten Orange(20-35)\aug_283_IMG-20260128-WA0005.jpg,Orange,2,Rotten,Rotten,0.9956,0.0007,0.0037,0.9956,Rotten,0.9979,0.0001,0.002,0.9979,Rotten,0.9997,0.0,0.0003,0.9997,Rotten,0.9962,0.0017,0.0021,0.9962,Rotten,0.9995,0.0001,0.0004,0.9995
D:\ML Project Freshness Detection\AgriFreshNET Freshness and Shelf-Life Image Datase\AgriFreshNET Freshness and Shelf-Life Image Datase\Processed Data\Processed Data\Rotten Cucumber(12-20)\aug_27_IMG_20251202_015434.jpg,Cucumber,2,Rotten,Rotten,0.9848,0.0046,0.0106,0.9848,Rotten,0.9956,0.0006,0.0038,0.9956,Rotten,0.9999,0.0,0.0001,0.9999,Rotten,0.9888,0.0059,0.0053,0.9888,Rotten,0.9988,0.0005,0.0007,0.9988
D:\ML Project Freshness Detection\AgriFreshNET Freshness and Shelf-Life Image Datase\AgriFreshNET Freshness and Shelf-Life Image Datase\Processed Data\Processed Data\Rotten Cucumber(12-20)\aug_514_IMG_20251123_012415.jpg,Cucumber,2,Rotten,Rotten,0.9849,0.003,0.012,0.9849,Rotten,0.9957,0.0003,0.004,0.9957,Rotten,0.9996,0.0,0.0004,0.9996,Rotten,0.9939,0.0024,0.0037,0.9939,Rotten,0.9995,0.0001,0.0004,0.9995
D:\ML Project Freshness Detection\AgriFreshNET Freshness and Shelf-Life Image Datase\AgriFreshNET Freshness and Shelf-Life Image Datase\Processed Data\Processed Data\Rotten Pineapple(25-35)\aug_66_IMG-20260128-WA0053.jpg,Pineapple,2,Rotten,Rotten,0.8122,0.0133,0.1745,0.8122,Rotten,0.9886,0.0005,0.0109,0.9886,Rotten,0.9573,0.0001,0.0426,0.9573,Rotten,0.9947,0.0003,0.0049,0.9947,Rotten,0.9975,0.0011,0.0014,0.9975
D:\ML Project Freshness Detection\AgriFreshNET Freshness and Shelf-Life Image Datase\AgriFreshNET Freshness and Shelf-Life Image Datase\Processed Data\Processed Data\Rotten Pineapple(25-35)\aug_251_IMG_20251130_182542931_HDR.jpg,Pineapple,2,Rotten,Rotten,0.6272,0.0042,0.3686,0.6272,Rotten,0.9807,0.0021,0.0171,0.9807,Rotten,0.9981,0.0003,0.0016,0.9981,Rotten,0.9942,0.0002,0.0056,0.9942,Rotten,0.9998,0.0001,0.0001,0.9998
D:\ML Project Freshness Detection\AgriFreshNET Freshness and Shelf-Life Image Datase\AgriFreshNET Freshness and Shelf-Life Image Datase\Processed Data\Processed Data\Fresh pineapple(1-15)\aug_218_IMG-20251127-WA0034.jpg,Pineapple,0,Fresh,Fresh,0.8417,0.8417,0.1394,0.0189,Fresh,0.9856,0.9856,0.0136,0.0008,Fresh,0.998,0.998,0.002,0.0,Fresh,0.9929,0.9929,0.0069,0.0001,Fresh,0.9902,0.9902,0.0096,0.0003
D:\ML Project Freshness Detection\AgriFreshNET Freshness and Shelf-Life Image Datase\AgriFreshNET Freshness and Shelf-Life Image Datase\Processed Data\Processed Data\Fresh Banana(1-4)\IMG_20251121_143901589_HDR_AE.jpg,Banana,0,Fresh,Fresh,0.7911,0.7911,0.2081,0.0008,Fresh,0.8905,0.8905,0.1086,0.0009,Fresh,0.9953,0.9953,0.0046,0.0001,Fresh,0.9935,0.9935,0.006,0.0006,Fresh,0.8449,0.8449,0.1547,0.0004
D:\ML Project Freshness Detection\AgriFreshNET Freshness and Shelf-Life Image Datase\AgriFreshNET Freshness and Shelf-Life Image Datase\Processed Data\Processed Data\Rotten Pineapple(25-35)\IMG-20251227-WA0028.jpg,Pineapple,2,Rotten,Rotten,0.9955,0.0003,0.0043,0.9955,Rotten,0.9998,0.0002,0.0001,0.9998,Rotten,0.9997,0.0001,0.0002,0.9997,Rotten,0.9989,0.0005,0.0005,0.9989,Rotten,0.9998,0.0,0.0002,0.9998
D:\ML Project Freshness Detection\AgriFreshNET Freshness and Shelf-Life Image Datase\AgriFreshNET Freshness and Shelf-Life Image Datase\Processed Data\Processed Data\Fresh pineapple(1-15)\aug_255_IMG-20251127-WA0031.jpg,Pineapple,0,Fresh,Fresh,0.9969,0.9969,0.003,0.0001,Fresh,0.9963,0.9963,0.0031,0.0006,Fresh,0.9993,0.9993,0.0007,0.0001,Fresh,0.997,0.997,0.0027,0.0003,Fresh,0.9993,0.9993,0.0005,0.0002
D:\ML Project Freshness Detection\AgriFreshNET Freshness and Shelf-Life Image Datase\AgriFreshNET Freshness and Shelf-Life Image Datase\Processed Data\Processed Data\Fresh Orange(1-9)\IMG-20251118-WA0009.jpg,Orange,0,Fresh,Fresh,0.9483,0.9483,0.0517,0.0001,Fresh,0.9666,0.9666,0.0332,0.0002,Fresh,0.9969,0.9969,0.003,0.0001,Fresh,0.9827,0.9827,0.0166,0.0007,Fresh,0.9799,0.9799,0.0186,0.0016
D:\ML Project Freshness Detection\AgriFreshNET Freshness and Shelf-Life Image Datase\AgriFreshNET Freshness and Shelf-Life Image Datase\Processed Data\Processed Data\Rotten Bittermelon(5-8)\aug_176_IMG_20251202_020010.jpg,Bittermelon,2,Rotten,Rotten,0.9919,0.0009,0.0071,0.9919,Rotten,0.9987,0.0001,0.0012,0.9987,Rotten,0.9999,0.0,0.0001,0.9999,Rotten,0.9839,0.0073,0.0088,0.9839,Rotten,0.9999,0.0,0.0001,0.9999
D:\ML Project Freshness Detection\AgriFreshNET Freshness and Shelf-Life Image Datase\AgriFreshNET Freshness and Shelf-Life Image Datase\Processed Data\Processed Data\Semi_Fresh eggplant(4-8)\IMG_20251125_212239984_HDR.jpg,Eggplant,1,Semi-Fresh,Fresh,0.4981,0.4981,0.4211,0.0808,Semi-Fresh,0.5886,0.1777,0.5886,0.2337,Semi-Fresh,0.8742,0.1203,0.8742,0.0055,Semi-Fresh,0.6288,0.3634,0.6288,0.0078,Fresh,0.9756,0.9756,0.0223,0.0021
D:\ML Project Freshness Detection\AgriFreshNET Freshness and Shelf-Life Image Datase\AgriFreshNET Freshness and Shelf-Life Image Datase\Processed Data\Processed Data\Semi_Fresh eggplant(4-8)\IMG_20251124_193412741_HDR.jpg,Eggplant,1,Semi-Fresh,Fresh,0.4998,0.4998,0.497,0.0032,Fresh,0.8247,0.8247,0.1735,0.0018,Fresh,0.7897,0.7897,0.2099,0.0004,Fresh,0.8949,0.8949,0.103,0.0021,Fresh,0.9975,0.9975,0.0023,0.0001
D:\ML Project Freshness Detection\AgriFreshNET Freshness and Shelf-Life Image Datase\AgriFreshNET Freshness and Shelf-Life Image Datase\Processed Data\Processed Data\Fresh Papaya(1-4)\aug_302_IMG_20251121_081106.jpg,Papaya,0,Fresh,Fresh,0.8537,0.8537,0.1457,0.0006,Fresh,0.7844,0.7844,0.2148,0.0008,Fresh,0.9872,0.9872,0.0127,0.0,Fresh,0.996,0.996,0.0039,0.0001,Fresh,0.9838,0.9838,0.0155,0.0007
D:\ML Project Freshness Detection\AgriFreshNET Freshness and Shelf-Life Image Datase\AgriFreshNET Freshness and Shelf-Life Image Datase\Processed Data\Processed Data\Rotten Bittermelon(5-8)\IMG_20260125_005706.jpg,Bittermelon,2,Rotten,Rotten,0.8005,0.0002,0.1993,0.8005,Rotten,0.9665,0.0001,0.0334,0.9665,Semi-Fresh,0.6465,0.0006,0.6465,0.3528,Rotten,0.9874,0.0016,0.011,0.9874,Rotten,0.9997,0.0,0.0003,0.9997
D:\ML Project Freshness Detection\AgriFreshNET Freshness and Shelf-Life Image Datase\AgriFreshNET Freshness and Shelf-Life Image Datase\Processed Data\Processed Data\Fresh Banana(1-4)\aug_282_IMG_20251102_075704488_HDR_AE.jpg,Banana,0,Fresh,Fresh,0.851,0.851,0.1405,0.0085,Fresh,0.9799,0.9799,0.0188,0.0013,Fresh,0.9272,0.9272,0.0644,0.0084,Fresh,0.9973,0.9973,0.0018,0.0009,Fresh,0.9995,0.9995,0.0004,0.0001
D:\ML Project Freshness Detection\AgriFreshNET Freshness and Shelf-Life Image Datase\AgriFreshNET Freshness and Shelf-Life Image Datase\Processed Data\Processed Data\Rotten Tomato(24-35)\IMG_20260123_182121235_HDR.jpg,Tomato,2,Rotten,Semi-Fresh,0.5289,0.3474,0.5289,0.1237,Rotten,0.559,0.235,0.206,0.559,Semi-Fresh,0.5161,0.4575,0.5161,0.0264,Rotten,0.6479,0.3071,0.045,0.6479,Fresh,0.7974,0.7974,0.0496,0.153
D:\ML Project Freshness Detection\AgriFreshNET Freshness and Shelf-Life Image Datase\AgriFreshNET Freshness and Shelf-Life Image Datase\Processed Data\Processed Data\Semi fresh Pineapple (15-25)\aug_348_IMG_20251117_141238562_HDR_AE.jpg,Pineapple,1,Semi-Fresh,Fresh,0.6128,0.6128,0.3786,0.0086,Semi-Fresh,0.7728,0.214,0.7728,0.0133,Semi-Fresh,0.8462,0.1524,0.8462,0.0014,Semi-Fresh,0.8594,0.1392,0.8594,0.0014,Semi-Fresh,0.9916,0.0077,0.9916,0.0007
D:\ML Project Freshness Detection\AgriFreshNET Freshness and Shelf-Life Image Datase\AgriFreshNET Freshness and Shelf-Life Image Datase\Processed Data\Processed Data\Rotten Papaya(7-12)\aug_191_IMG_20260130_163553.jpg,Papaya,2,Rotten,Rotten,0.9324,0.0144,0.0531,0.9324,Rotten,0.9993,0.0001,0.0006,0.9993,Rotten,0.9994,0.0,0.0006,0.9994,Rotten,0.9902,0.006,0.0038,0.9902,Rotten,0.9994,0.0,0.0005,0.9994
D:\ML Project Freshness Detection\AgriFreshNET Freshness and Shelf-Life Image Datase\AgriFreshNET Freshness and Shelf-Life Image Datase\Processed Data\Processed Data\Semi fresh Pineapple (15-25)\aug_323_IMG-20251207-WA0032.jpg,Pineapple,1,Semi-Fresh,Semi-Fresh,0.9558,0.0398,0.9558,0.0044,Semi-Fresh,0.983,0.0149,0.983,0.0021,Semi-Fresh,0.9947,0.0048,0.9947,0.0005,Semi-Fresh,0.9883,0.0115,0.9883,0.0003,Semi-Fresh,0.9949,0.0044,0.9949,0.0007
D:\ML Project Freshness Detection\AgriFreshNET Freshness and Shelf-Life Image Datase\AgriFreshNET Freshness and Shelf-Life Image Datase\Processed Data\Processed Data\Rotten banana(7-13)\IMG_20260126_223355951_HDR.jpg,Banana,2,Rotten,Rotten,0.6376,0.0182,0.3442,0.6376,Rotten,0.9888,0.0005,0.0107,0.9888,Rotten,0.9903,0.0001,0.0096,0.9903,Rotten,0.9943,0.0016,0.0041,0.9943,Rotten,0.9968,0.0008,0.0024,0.9968
D:\ML Project Freshness Detection\AgriFreshNET Freshness and Shelf-Life Image Datase\AgriFreshNET Freshness and Shelf-Life Image Datase\Processed Data\Processed Data\Fresh Tomato(1-10)\IMG_20251110_094001864_HDR_AE.jpg,Tomato,0,Fresh,Fresh,0.5525,0.5525,0.4402,0.0072,Fresh,0.8361,0.8361,0.1632,0.0007,Fresh,0.9917,0.9917,0.0083,0.0,Fresh,0.713,0.713,0.2856,0.0014,Fresh,0.909,0.909,0.0897,0.0013
D:\ML Project Freshness Detection\AgriFreshNET Freshness and Shelf-Life Image Datase\AgriFreshNET Freshness and Shelf-Life Image Datase\Processed Data\Processed Data\Rotten banana(7-13)\aug_186_IMG_20251125_210456444_HDR.jpg,Banana,2,Rotten,Semi-Fresh,0.8005,0.0663,0.8005,0.1332,Semi-Fresh,0.8498,0.0222,0.8498,0.128,Rotten,0.4837,0.0351,0.4811,0.4837,Rotten,0.5798,0.0048,0.4154,0.5798,Semi-Fresh,0.8243,0.0022,0.8243,0.1735
D:\ML Project Freshness Detection\AgriFreshNET Freshness and Shelf-Life Image Datase\AgriFreshNET Freshness and Shelf-Life Image Datase\Processed Data\Processed Data\Semi fresh Orange(9-20)\IMG_20251115_121728379_HDR_AE.jpg,Orange,1,Semi-Fresh,Semi-Fresh,0.9121,0.0771,0.9121,0.0108,Semi-Fresh,0.997,0.0022,0.997,0.0008,Semi-Fresh,0.9802,0.0196,0.9802,0.0002,Semi-Fresh,0.9962,0.0032,0.9962,0.0006,Semi-Fresh,0.9987,0.0011,0.9987,0.0002
D:\ML Project Freshness Detection\AgriFreshNET Freshness and Shelf-Life Image Datase\AgriFreshNET Freshness and Shelf-Life Image Datase\Processed Data\Processed Data\Rotten Papaya(7-12)\aug_157_IMG_20260123_013600.jpg,Papaya,2,Rotten,Rotten,0.9473,0.0233,0.0294,0.9473,Rotten,0.9992,0.0001,0.0006,0.9992,Rotten,0.9999,0.0,0.0001,0.9999,Rotten,0.9934,0.0026,0.004,0.9934,Rotten,0.9996,0.0001,0.0003,0.9996
D:\ML Project Freshness Detection\AgriFreshNET Freshness and Shelf-Life Image Datase\AgriFreshNET Freshness and Shelf-Life Image Datase\Processed Data\Processed Data\Semi Fresh Cucumber(6-12)\IMG_20260212_155302.jpg,Cucumber,1,Semi-Fresh,Semi-Fresh,0.9192,0.0674,0.9192,0.0134,Semi-Fresh,0.9956,0.0033,0.9956,0.0011,Semi-Fresh,0.9847,0.012,0.9847,0.0033,Semi-Fresh,0.999,0.0007,0.999,0.0003,Semi-Fresh,0.9953,0.0043,0.9953,0.0004
D:\ML Project Freshness Detection\AgriFreshNET Freshness and Shelf-Life Image Datase\AgriFreshNET Freshness and Shelf-Life Image Datase\Processed Data\Processed Data\Fresh Papaya(1-4)\aug_322_IMG_20260116_030658.jpg,Papaya,0,Fresh,Fresh,0.966,0.966,0.0157,0.0183,Fresh,0.9449,0.9449,0.0484,0.0067,Fresh,0.996,0.996,0.0024,0.0016,Fresh,0.9932,0.9932,0.0049,0.002,Fresh,0.9905,0.9905,0.0085,0.001
D:\ML Project Freshness Detection\AgriFreshNET Freshness and Shelf-Life Image Datase\AgriFreshNET Freshness and Shelf-Life Image Datase\Processed Data\Processed Data\Semi Fresh Papaya(4-7)\aug_408_IMG_20260214_025253.jpg,Papaya,1,Semi-Fresh,Semi-Fresh,0.8674,0.1238,0.8674,0.0087,Semi-Fresh,0.9555,0.008,0.9555,0.0365,Semi-Fresh,0.9806,0.0163,0.9806,0.0031,Semi-Fresh,0.9898,0.0072,0.9898,0.003,Semi-Fresh,0.9978,0.0017,0.9978,0.0005
D:\ML Project Freshness Detection\AgriFreshNET Freshness and Shelf-Life Image Datase\AgriFreshNET Freshness and Shelf-Life Image Datase\Processed Data\Processed Data\Fresh eggplant(1-4)\IMG_20251122_205835812_HDR.jpg,Eggplant,0,Fresh,Fresh,0.6663,0.6663,0.3335,0.0003,Fresh,0.8281,0.8281,0.1711,0.0008,Fresh,0.8711,0.8711,0.1285,0.0004,Fresh,0.9868,0.9868,0.0126,0.0006,Fresh,0.9888,0.9888,0.0107,0.0005
D:\ML Project Freshness Detection\AgriFreshNET Freshness and Shelf-Life Image Datase\AgriFreshNET Freshness and Shelf-Life Image Datase\Processed Data\Processed Data\Semi fresh banana(4-7)\IMG_20251105_102142333_HDR_AE.jpg,Banana,1,Semi-Fresh,Fresh,0.5645,0.5645,0.4197,0.0158,Semi-Fresh,0.7186,0.2789,0.7186,0.0025,Semi-Fresh,0.8579,0.1407,0.8579,0.0014,Semi-Fresh,0.6541,0.3433,0.6541,0.0026,Semi-Fresh,0.9776,0.0219,0.9776,0.0005
D:\ML Project Freshness Detection\AgriFreshNET Freshness and Shelf-Life Image Datase\AgriFreshNET Freshness and Shelf-Life Image Datase\Processed Data\Processed Data\Rotten Bittermelon(5-8)\IMG_20251103_090802.jpg,Bittermelon,2,Rotten,Rotten,0.885,0.0045,0.1106,0.885,Rotten,0.9839,0.0034,0.0127,0.9839,Rotten,0.9973,0.0001,0.0026,0.9973,Rotten,0.9931,0.0033,0.0036,0.9931,Rotten,0.9984,0.0003,0.0012,0.9984
D:\ML Project Freshness Detection\AgriFreshNET Freshness and Shelf-Life Image Datase\AgriFreshNET Freshness and Shelf-Life Image Datase\Processed Data\Processed Data\Semi Fresh Cucumber(6-12)\IMG_20260120_005040.jpg,Cucumber,1,Semi-Fresh,Semi-Fresh,0.8851,0.0744,0.8851,0.0405,Semi-Fresh,0.979,0.0008,0.979,0.0201,Semi-Fresh,0.857,0.1269,0.857,0.016,Semi-Fresh,0.9884,0.0021,0.9884,0.0096,Semi-Fresh,0.9987,0.0002,0.9987,0.0011
D:\ML Project Freshness Detection\AgriFreshNET Freshness and Shelf-Life Image Datase\AgriFreshNET Freshness and Shelf-Life Image Datase\Processed Data\Processed Data\Semi fresh Pineapple (15-25)\aug_67_IMG_20251125_210643408_HDR.jpg,Pineapple,1,Semi-Fresh,Semi-Fresh,0.8947,0.0056,0.8947,0.0997,Semi-Fresh,0.9549,0.0037,0.9549,0.0413,Semi-Fresh,0.9936,0.001,0.9936,0.0053,Semi-Fresh,0.9953,0.0028,0.9953,0.0019,Semi-Fresh,0.9876,0.0017,0.9876,0.0107
D:\ML Project Freshness Detection\AgriFreshNET Freshness and Shelf-Life Image Datase\AgriFreshNET Freshness and Shelf-Life Image Datase\Processed Data\Processed Data\Rotten banana(7-13)\IMG_20251115_121011444_HDR_AE.jpg,Banana,2,Rotten,Rotten,0.9785,0.0025,0.019,0.9785,Rotten,0.9841,0.0043,0.0116,0.9841,Rotten,0.9975,0.0002,0.0023,0.9975,Rotten,0.999,0.0001,0.0008,0.999,Rotten,0.9992,0.0003,0.0006,0.9992
D:\ML Project Freshness Detection\AgriFreshNET Freshness and Shelf-Life Image Datase\AgriFreshNET Freshness and Shelf-Life Image Datase\Processed Data\Processed Data\Semi fresh Orange(9-20)\IMG_20251201_132942529_HDR.jpg,Orange,1,Semi-Fresh,Semi-Fresh,0.9075,0.0853,0.9075,0.0072,Semi-Fresh,0.9911,0.0049,0.9911,0.004,Semi-Fresh,0.9823,0.0132,0.9823,0.0045,Semi-Fresh,0.9935,0.0015,0.9935,0.0051,Semi-Fresh,0.9878,0.0112,0.9878,0.001
D:\ML Project Freshness Detection\AgriFreshNET Freshness and Shelf-Life Image Datase\AgriFreshNET Freshness and Shelf-Life Image Datase\Processed Data\Processed Data\Fresh pineapple(1-15)\IMG-20251127-WA0003.jpg,Pineapple,0,Fresh,Fresh,0.9883,0.9883,0.0104,0.0013,Fresh,0.9957,0.9957,0.004,0.0003,Fresh,0.9997,0.9997,0.0003,0.0,Fresh,0.9995,0.9995,0.0004,0.0,Fresh,0.9997,0.9997,0.0003,0.0
D:\ML Project Freshness Detection\AgriFreshNET Freshness and Shelf-Life Image Datase\AgriFreshNET Freshness and Shelf-Life Image Datase\Processed Data\Processed Data\Rotten Bittermelon(5-8)\aug_99_IMG_20260125_005740.jpg,Bittermelon,2,Rotten,Rotten,0.9989,0.0,0.0011,0.9989,Rotten,0.9996,0.0,0.0003,0.9996,Rotten,0.9998,0.0,0.0002,0.9998,Rotten,0.9989,0.0002,0.001,0.9989,Rotten,0.9996,0.0001,0.0003,0.9996
D:\ML Project Freshness Detection\AgriFreshNET Freshness and Shelf-Life Image Datase\AgriFreshNET Freshness and Shelf-Life Image Datase\Processed Data\Processed Data\Fresh Banana(1-4)\aug_90_IMG_20251120_203630376_HDR.jpg,Banana,0,Fresh,Fresh,0.8913,0.8913,0.0882,0.0205,Fresh,0.9936,0.9936,0.0061,0.0003,Fresh,0.994,0.994,0.0058,0.0002,Fresh,0.965,0.965,0.033,0.0021,Fresh,0.9987,0.9987,0.0011,0.0002
D:\ML Project Freshness Detection\AgriFreshNET Freshness and Shelf-Life Image Datase\AgriFreshNET Freshness and Shelf-Life Image Datase\Processed Data\Processed Data\Semi fresh Tomato(10-24)\IMG_20251120_204510742_HDR.jpg,Tomato,1,Semi-Fresh,Semi-Fresh,0.5054,0.4891,0.5054,0.0055,Semi-Fresh,0.9042,0.0717,0.9042,0.0241,Semi-Fresh,0.7851,0.2031,0.7851,0.0118,Semi-Fresh,0.9818,0.0115,0.9818,0.0067,Semi-Fresh,0.9827,0.0155,0.9827,0.0019
D:\ML Project Freshness Detection\AgriFreshNET Freshness and Shelf-Life Image Datase\AgriFreshNET Freshness and Shelf-Life Image Datase\Processed Data\Processed Data\Rotten Orange(20-35)\aug_171_IMG-20251215-WA0022.jpg,Orange,2,Rotten,Rotten,0.9859,0.0028,0.0113,0.9859,Rotten,0.9947,0.0002,0.0052,0.9947,Rotten,0.9936,0.0002,0.0061,0.9936,Rotten,0.9978,0.0006,0.0017,0.9978,Rotten,0.9981,0.0005,0.0014,0.9981
D:\ML Project Freshness Detection\AgriFreshNET Freshness and Shelf-Life Image Datase\AgriFreshNET Freshness and Shelf-Life Image Datase\Processed Data\Processed Data\Rotten eggplant(8-15)\aug_393_IMG_20251110_094439924_HDR_AE.jpg,Eggplant,2,Rotten,Rotten,0.9613,0.0047,0.034,0.9613,Rotten,0.9984,0.0004,0.0013,0.9984,Rotten,0.9955,0.0006,0.0039,0.9955,Rotten,0.9959,0.0011,0.003,0.9959,Rotten,0.999,0.0003,0.0007,0.999
D:\ML Project Freshness Detection\AgriFreshNET Freshness and Shelf-Life Image Datase\AgriFreshNET Freshness and Shelf-Life Image Datase\Processed Data\Processed Data\Rotten Cucumber(12-20)\aug_486_IMG_20251124_021839.jpg,Cucumber,2,Rotten,Rotten,0.9971,0.0006,0.0023,0.9971,Rotten,0.9976,0.0001,0.0023,0.9976,Rotten,0.9968,0.0,0.0031,0.9968,Rotten,0.9946,0.003,0.0024,0.9946,Rotten,0.9989,0.0001,0.001,0.9989
D:\ML Project Freshness Detection\AgriFreshNET Freshness and Shelf-Life Image Datase\AgriFreshNET Freshness and Shelf-Life Image Datase\Processed Data\Processed Data\Semi fresh Tomato(10-24)\aug_30_IMG_20260121_230536462_HDR.jpg,Tomato,1,Semi-Fresh,Fresh,0.6995,0.6995,0.2566,0.044,Fresh,0.5077,0.5077,0.3596,0.1327,Fresh,0.739,0.739,0.2081,0.0529,Semi-Fresh,0.9676,0.0114,0.9676,0.021,Fresh,0.7026,0.7026,0.2839,0.0135
D:\ML Project Freshness Detection\AgriFreshNET Freshness and Shelf-Life Image Datase\AgriFreshNET Freshness and Shelf-Life Image Datase\Processed Data\Processed Data\Rotten eggplant(8-15)\IMG_20251109_112511227_HDR_AE.jpg,Eggplant,2,Rotten,Rotten,0.9401,0.0089,0.051,0.9401,Rotten,0.9985,0.0002,0.0013,0.9985,Rotten,0.9945,0.0001,0.0054,0.9945,Rotten,0.9966,0.0013,0.0021,0.9966,Rotten,0.9979,0.0002,0.0019,0.9979
D:\ML Project Freshness Detection\AgriFreshNET Freshness and Shelf-Life Image Datase\AgriFreshNET Freshness and Shelf-Life Image Datase\Processed Data\Processed Data\Rotten Papaya(7-12)\aug_66_IMG_20251202_021732.jpg,Papaya,2,Rotten,Fresh,0.5907,0.5907,0.2601,0.1493,Rotten,0.5741,0.0642,0.3616,0.5741,Rotten,0.8874,0.0628,0.0497,0.8874,Rotten,0.6598,0.0192,0.321,0.6598,Rotten,0.9954,0.0004,0.0041,0.9954
D:\ML Project Freshness Detection\AgriFreshNET Freshness and Shelf-Life Image Datase\AgriFreshNET Freshness and Shelf-Life Image Datase\Processed Data\Processed Data\Rotten Pineapple(25-35)\aug_297_IMG-20251230-WA0006.jpg,Pineapple,2,Rotten,Rotten,0.9833,0.004,0.0126,0.9833,Rotten,0.9988,0.0007,0.0005,0.9988,Rotten,0.9623,0.0009,0.0368,0.9623,Rotten,0.9965,0.0014,0.0021,0.9965,Rotten,0.9997,0.0001,0.0002,0.9997
D:\ML Project Freshness Detection\AgriFreshNET Freshness and Shelf-Life Image Datase\AgriFreshNET Freshness and Shelf-Life Image Datase\Processed Data\Processed Data\Fresh Banana(1-4)\aug_286_IMG_20251119_201526954_HDR.jpg,Banana,0,Fresh,Fresh,0.9872,0.9872,0.0124,0.0004,Fresh,0.9957,0.9957,0.0038,0.0005,Fresh,0.9999,0.9999,0.0001,0.0,Fresh,0.9975,0.9975,0.0015,0.001,Fresh,0.9994,0.9994,0.0003,0.0003
D:\ML Project Freshness Detection\AgriFreshNET Freshness and Shelf-Life Image Datase\AgriFreshNET Freshness and Shelf-Life Image Datase\Processed Data\Processed Data\Rotten Pineapple(25-35)\IMG-20251227-WA0020.jpg,Pineapple,2,Rotten,Rotten,0.7706,0.0045,0.2248,0.7706,Rotten,0.9959,0.0015,0.0027,0.9959,Rotten,0.988,0.0033,0.0087,0.988,Rotten,0.9859,0.0027,0.0114,0.9859,Rotten,0.9998,0.0001,0.0001,0.9998
D:\ML Project Freshness Detection\AgriFreshNET Freshness and Shelf-Life Image Datase\AgriFreshNET Freshness and Shelf-Life Image Datase\Processed Data\Processed Data\Fresh eggplant(1-4)\eggplant(3).jpeg,Eggplant,0,Fresh,Rotten,0.7062,0.0742,0.2195,0.7062,Rotten,0.3952,0.2163,0.3885,0.3952,Semi-Fresh,0.5876,0.2583,0.5876,0.1542,Fresh,0.9059,0.9059,0.0423,0.0518,Semi-Fresh,0.5096,0.4542,0.5096,0.0361
D:\ML Project Freshness Detection\AgriFreshNET Freshness and Shelf-Life Image Datase\AgriFreshNET Freshness and Shelf-Life Image Datase\Processed Data\Processed Data\Rotten banana(7-13)\IMG_20251130_175441112_HDR.jpg,Banana,2,Rotten,Rotten,0.8472,0.0217,0.1311,0.8472,Rotten,0.9903,0.0005,0.0091,0.9903,Rotten,0.9828,0.0012,0.016,0.9828,Rotten,0.9944,0.0022,0.0034,0.9944,Rotten,0.9965,0.0015,0.002,0.9965
D:\ML Project Freshness Detection\AgriFreshNET Freshness and Shelf-Life Image Datase\AgriFreshNET Freshness and Shelf-Life Image Datase\Processed Data\Processed Data\Fresh Bittermelon(1-3)\aug_335_IMG_20251118_161015.jpg,Bittermelon,0,Fresh,Fresh,0.9959,0.9959,0.0041,0.0,Fresh,0.9967,0.9967,0.0032,0.0002,Fresh,0.9991,0.9991,0.0008,0.0001,Fresh,0.9956,0.9956,0.0039,0.0005,Fresh,0.999,0.999,0.0007,0.0003
D:\ML Project Freshness Detection\AgriFreshNET Freshness and Shelf-Life Image Datase\AgriFreshNET Freshness and Shelf-Life Image Datase\Processed Data\Processed Data\Semi Fresh Papaya(4-7)\aug_193_IMG_20260123_013740.jpg,Papaya,1,Semi-Fresh,Semi-Fresh,0.8444,0.0365,0.8444,0.119,Semi-Fresh,0.9922,0.0018,0.9922,0.006,Semi-Fresh,0.9893,0.0042,0.9893,0.0065,Semi-Fresh,0.9967,0.0004,0.9967,0.0029,Semi-Fresh,0.9965,0.0013,0.9965,0.0023
D:\ML Project Freshness Detection\AgriFreshNET Freshness and Shelf-Life Image Datase\AgriFreshNET Freshness and Shelf-Life Image Datase\Processed Data\Processed Data\Fresh Tomato(1-10)\IMG_20251120_203815684_HDR.jpg,Tomato,0,Fresh,Fresh,0.9618,0.9618,0.0381,0.0001,Fresh,0.9973,0.9973,0.0025,0.0002,Fresh,0.9964,0.9964,0.0035,0.0001,Fresh,0.9975,0.9975,0.0021,0.0003,Fresh,0.9973,0.9973,0.0021,0.0006
D:\ML Project Freshness Detection\AgriFreshNET Freshness and Shelf-Life Image Datase\AgriFreshNET Freshness and Shelf-Life Image Datase\Processed Data\Processed Data\Rotten Cucumber(12-20)\aug_483_IMG_20251124_021837.jpg,Cucumber,2,Rotten,Rotten,0.9951,0.0007,0.0041,0.9951,Rotten,0.9955,0.0003,0.0042,0.9955,Rotten,1.0,0.0,0.0,1.0,Rotten,0.9944,0.0031,0.0025,0.9944,Rotten,0.999,0.0003,0.0007,0.999
D:\ML Project Freshness Detection\AgriFreshNET Freshness and Shelf-Life Image Datase\AgriFreshNET Freshness and Shelf-Life Image Datase\Processed Data\Processed Data\Fresh eggplant(1-4)\aug_117_IMG_20251121_143428391_HDR_AE.jpg,Eggplant,0,Fresh,Fresh,0.9057,0.9057,0.0926,0.0017,Fresh,0.8433,0.8433,0.1525,0.0042,Fresh,0.9997,0.9997,0.0003,0.0,Fresh,0.9985,0.9985,0.0012,0.0002,Fresh,0.9989,0.9989,0.0009,0.0002
D:\ML Project Freshness Detection\AgriFreshNET Freshness and Shelf-Life Image Datase\AgriFreshNET Freshness and Shelf-Life Image Datase\Processed Data\Processed Data\Fresh Tomato(1-10)\IMG_20251120_203803581_HDR.jpg,Tomato,0,Fresh,Fresh,0.956,0.956,0.0437,0.0003,Fresh,0.9812,0.9812,0.0168,0.002,Fresh,0.995,0.995,0.0047,0.0002,Fresh,0.9988,0.9988,0.0009,0.0003,Fresh,0.9993,0.9993,0.0005,0.0002
D:\ML Project Freshness Detection\AgriFreshNET Freshness and Shelf-Life Image Datase\AgriFreshNET Freshness and Shelf-Life Image Datase\Processed Data\Processed Data\Fresh Papaya(1-4)\aug_333_IMG_20260116_030529.jpg,Papaya,0,Fresh,Fresh,0.698,0.698,0.3015,0.0005,Fresh,0.9729,0.9729,0.027,0.0001,Fresh,0.9178,0.9178,0.0805,0.0018,Fresh,0.976,0.976,0.0237,0.0003,Fresh,0.9451,0.9451,0.0537,0.0012
D:\ML Project Freshness Detection\AgriFreshNET Freshness and Shelf-Life Image Datase\AgriFreshNET Freshness and Shelf-Life Image Datase\Processed Data\Processed Data\Fresh Orange(1-9)\aug_303_IMG_20251109_112249514_HDR_AE.jpg,Orange,0,Fresh,Fresh,0.7749,0.7749,0.1698,0.0553,Fresh,0.822,0.822,0.1661,0.0119,Fresh,0.9879,0.9879,0.0098,0.0023,Fresh,0.9313,0.9313,0.0582,0.0105,Fresh,0.9992,0.9992,0.0007,0.0001
D:\ML Project Freshness Detection\AgriFreshNET Freshness and Shelf-Life Image Datase\AgriFreshNET Freshness and Shelf-Life Image Datase\Processed Data\Processed Data\Semi Fresh Papaya(4-7)\IMG_20260120_004459.jpg,Papaya,1,Semi-Fresh,Semi-Fresh,0.7545,0.1898,0.7545,0.0557,Semi-Fresh,0.9598,0.0103,0.9598,0.0298,Semi-Fresh,0.9759,0.0233,0.9759,0.0008,Semi-Fresh,0.9986,0.0002,0.9986,0.0012,Semi-Fresh,0.9983,0.0009,0.9983,0.0008
D:\ML Project Freshness Detection\AgriFreshNET Freshness and Shelf-Life Image Datase\AgriFreshNET Freshness and Shelf-Life Image Datase\Processed Data\Processed Data\Fresh Cucumber(1-6)\aug_198_IMG_20260114_005531.jpg,Cucumber,0,Fresh,Fresh,0.665,0.665,0.3346,0.0004,Fresh,0.9969,0.9969,0.003,0.0001,Fresh,0.9872,0.9872,0.0126,0.0002,Fresh,0.9533,0.9533,0.0459,0.0007,Fresh,0.9943,0.9943,0.0053,0.0004
D:\ML Project Freshness Detection\AgriFreshNET Freshness and Shelf-Life Image Datase\AgriFreshNET Freshness and Shelf-Life Image Datase\Processed Data\Processed Data\Rotten Orange(20-35)\IMG-20251215-WA0016.jpg,Orange,2,Rotten,Rotten,0.8966,0.0054,0.0981,0.8966,Rotten,0.993,0.0002,0.0068,0.993,Rotten,0.992,0.0012,0.0069,0.992,Rotten,0.9971,0.0007,0.0022,0.9971,Rotten,0.9989,0.0001,0.001,0.9989
D:\ML Project Freshness Detection\AgriFreshNET Freshness and Shelf-Life Image Datase\AgriFreshNET Freshness and Shelf-Life Image Datase\Processed Data\Processed Data\Semi Fresh Cucumber(6-12)\aug_341_IMG_20260212_155608.jpg,Cucumber,1,Semi-Fresh,Semi-Fresh,0.7958,0.1817,0.7958,0.0225,Semi-Fresh,0.9886,0.0068,0.9886,0.0045,Semi-Fresh,0.9813,0.015,0.9813,0.0037,Semi-Fresh,0.9889,0.0101,0.9889,0.001,Semi-Fresh,0.9971,0.0027,0.9971,0.0002
D:\ML Project Freshness Detection\AgriFreshNET Freshness and Shelf-Life Image Datase\AgriFreshNET Freshness and Shelf-Life Image Datase\Processed Data\Processed Data\Fresh Banana(1-4)\IMG_20251102_075733465_HDR_AE.jpg,Banana,0,Fresh,Fresh,0.8153,0.8153,0.1815,0.0032,Fresh,0.9332,0.9332,0.063,0.0038,Fresh,0.9987,0.9987,0.0013,0.0001,Fresh,0.9756,0.9756,0.0239,0.0005,Fresh,0.9962,0.9962,0.0031,0.0007
D:\ML Project Freshness Detection\AgriFreshNET Freshness and Shelf-Life Image Datase\AgriFreshNET Freshness and Shelf-Life Image Datase\Processed Data\Processed Data\Semi fresh Orange(9-20)\IMG_20251123_221426192_HDR.jpg,Orange,1,Semi-Fresh,Semi-Fresh,0.8934,0.1063,0.8934,0.0003,Semi-Fresh,0.99,0.0095,0.99,0.0005,Semi-Fresh,0.9854,0.0144,0.9854,0.0002,Semi-Fresh,0.9981,0.0015,0.9981,0.0004,Semi-Fresh,0.9897,0.01,0.9897,0.0002
D:\ML Project Freshness Detection\AgriFreshNET Freshness and Shelf-Life Image Datase\AgriFreshNET Freshness and Shelf-Life Image Datase\Processed Data\Processed Data\Fresh Banana(1-4)\aug_394_IMG_20251120_203225275_HDR.jpg,Banana,0,Fresh,Fresh,0.7927,0.7927,0.1152,0.0921,Fresh,0.6952,0.6952,0.3036,0.0012,Fresh,0.996,0.996,0.0039,0.0001,Fresh,0.9973,0.9973,0.0017,0.001,Fresh,0.9974,0.9974,0.0024,0.0002
D:\ML Project Freshness Detection\AgriFreshNET Freshness and Shelf-Life Image Datase\AgriFreshNET Freshness and Shelf-Life Image Datase\Processed Data\Processed Data\Semi_Fresh eggplant(4-8)\IMG_20251109_112557276_HDR_AE.jpg,Eggplant,1,Semi-Fresh,Semi-Fresh,0.5325,0.299,0.5325,0.1685,Semi-Fresh,0.6679,0.275,0.6679,0.0572,Semi-Fresh,0.9312,0.033,0.9312,0.0357,Semi-Fresh,0.7092,0.2845,0.7092,0.0063,Semi-Fresh,0.9621,0.0262,0.9621,0.0117
D:\ML Project Freshness Detection\AgriFreshNET Freshness and Shelf-Life Image Datase\AgriFreshNET Freshness and Shelf-Life Image Datase\Processed Data\Processed Data\Semi Fresh Cucumber(6-12)\IMG_20260125_005547.jpg,Cucumber,1,Semi-Fresh,Semi-Fresh,0.5593,0.0726,0.5593,0.3681,Semi-Fresh,0.8912,0.0091,0.8912,0.0997,Semi-Fresh,0.8954,0.0025,0.8954,0.1022,Semi-Fresh,0.9681,0.0034,0.9681,0.0285,Semi-Fresh,0.9942,0.0005,0.9942,0.0053
D:\ML Project Freshness Detection\AgriFreshNET Freshness and Shelf-Life Image Datase\AgriFreshNET Freshness and Shelf-Life Image Datase\Processed Data\Processed Data\Semi Fresh Papaya(4-7)\aug_431_IMG_20251124_021917.jpg,Papaya,1,Semi-Fresh,Fresh,0.5099,0.5099,0.4543,0.0358,Semi-Fresh,0.9482,0.0417,0.9482,0.0101,Semi-Fresh,0.9768,0.0196,0.9768,0.0036,Semi-Fresh,0.9815,0.0109,0.9815,0.0076,Semi-Fresh,0.9969,0.0022,0.9969,0.0009
D:\ML Project Freshness Detection\AgriFreshNET Freshness and Shelf-Life Image Datase\AgriFreshNET Freshness and Shelf-Life Image Datase\Processed Data\Processed Data\Rotten Bittermelon(5-8)\aug_106_IMG_20260123_014000_1.jpg,Bittermelon,2,Rotten,Rotten,0.7441,0.0006,0.2553,0.7441,Rotten,0.9313,0.0003,0.0684,0.9313,Rotten,0.9516,0.0002,0.0482,0.9516,Rotten,0.998,0.0003,0.0017,0.998,Rotten,0.996,0.0001,0.0039,0.996
D:\ML Project Freshness Detection\AgriFreshNET Freshness and Shelf-Life Image Datase\AgriFreshNET Freshness and Shelf-Life Image Datase\Processed Data\Processed Data\Fresh Papaya(1-4)\aug_141_IMG_20260114_004412.jpg,Papaya,0,Fresh,Fresh,0.9957,0.9957,0.0038,0.0005,Fresh,0.9895,0.9895,0.0096,0.0009,Fresh,0.9999,0.9999,0.0001,0.0,Fresh,0.9958,0.9958,0.004,0.0002,Fresh,0.9989,0.9989,0.0009,0.0001
D:\ML Project Freshness Detection\AgriFreshNET Freshness and Shelf-Life Image Datase\AgriFreshNET Freshness and Shelf-Life Image Datase\Processed Data\Processed Data\Semi fresh Pineapple (15-25)\aug_56_IMG-20251205-WA0040.jpg,Pineapple,1,Semi-Fresh,Semi-Fresh,0.9438,0.0047,0.9438,0.0515,Semi-Fresh,0.9905,0.0048,0.9905,0.0047,Semi-Fresh,0.988,0.001,0.988,0.011,Semi-Fresh,0.9993,0.0003,0.9993,0.0004,Semi-Fresh,0.9986,0.0009,0.9986,0.0005
D:\ML Project Freshness Detection\AgriFreshNET Freshness and Shelf-Life Image Datase\AgriFreshNET Freshness and Shelf-Life Image Datase\Processed Data\Processed Data\Semi fresh banana(4-7)\IMG_20251123_110010767_HDR_AE.jpg,Banana,1,Semi-Fresh,Semi-Fresh,0.9069,0.0046,0.9069,0.0885,Semi-Fresh,0.9419,0.0058,0.9419,0.0523,Semi-Fresh,0.9981,0.0006,0.9981,0.0013,Semi-Fresh,0.9911,0.0013,0.9911,0.0076,Semi-Fresh,0.9985,0.0002,0.9985,0.0013
D:\ML Project Freshness Detection\AgriFreshNET Freshness and Shelf-Life Image Datase\AgriFreshNET Freshness and Shelf-Life Image Datase\Processed Data\Processed Data\Rotten Orange(20-35)\aug_472_IMG-20251114-WA0005.jpg,Orange,2,Rotten,Rotten,0.885,0.0234,0.0916,0.885,Rotten,0.9909,0.0009,0.0082,0.9909,Rotten,0.9979,0.0001,0.002,0.9979,Rotten,0.9982,0.001,0.0009,0.9982,Rotten,0.9996,0.0002,0.0003,0.9996
D:\ML Project Freshness Detection\AgriFreshNET Freshness and Shelf-Life Image Datase\AgriFreshNET Freshness and Shelf-Life Image Datase\Processed Data\Processed Data\Rotten Orange(20-35)\aug_163_IMG-20251230-WA0037.jpg,Orange,2,Rotten,Rotten,0.9495,0.0062,0.0443,0.9495,Rotten,0.9888,0.0012,0.01,0.9888,Rotten,0.977,0.002,0.021,0.977,Rotten,0.9959,0.0018,0.0023,0.9959,Rotten,0.9994,0.0001,0.0005,0.9994
D:\ML Project Freshness Detection\AgriFreshNET Freshness and Shelf-Life Image Datase\AgriFreshNET Freshness and Shelf-Life Image Datase\Processed Data\Processed Data\Rotten Tomato(24-35)\aug_12_IMG_20260122_220816072_HDR.jpg,Tomato,2,Rotten,Semi-Fresh,0.6207,0.2225,0.6207,0.1569,Rotten,0.937,0.0089,0.0541,0.937,Rotten,0.8322,0.0229,0.1449,0.8322,Rotten,0.9547,0.017,0.0283,0.9547,Rotten,0.9041,0.0135,0.0823,0.9041
D:\ML Project Freshness Detection\AgriFreshNET Freshness and Shelf-Life Image Datase\AgriFreshNET Freshness and Shelf-Life Image Datase\Processed Data\Processed Data\Semi Fresh Cucumber(6-12)\aug_119_IMG_20260120_005038.jpg,Cucumber,1,Semi-Fresh,Semi-Fresh,0.8163,0.0745,0.8163,0.1092,Semi-Fresh,0.9784,0.0038,0.9784,0.0178,Semi-Fresh,0.9957,0.0023,0.9957,0.002,Semi-Fresh,0.9793,0.0177,0.9793,0.003,Semi-Fresh,0.9946,0.0005,0.9946,0.0049
D:\ML Project Freshness Detection\AgriFreshNET Freshness and Shelf-Life Image Datase\AgriFreshNET Freshness and Shelf-Life Image Datase\Processed Data\Processed Data\Semi Fresh Cucumber(6-12)\IMG_20260212_155531.jpg,Cucumber,1,Semi-Fresh,Semi-Fresh,0.8636,0.1361,0.8636,0.0003,Semi-Fresh,0.9965,0.0031,0.9965,0.0005,Semi-Fresh,0.9969,0.003,0.9969,0.0002,Semi-Fresh,0.9985,0.0008,0.9985,0.0006,Semi-Fresh,0.9986,0.001,0.9986,0.0004
D:\ML Project Freshness Detection\AgriFreshNET Freshness and Shelf-Life Image Datase\AgriFreshNET Freshness and Shelf-Life Image Datase\Processed Data\Processed Data\Semi fresh Pineapple (15-25)\aug_322_IMG-20251207-WA0036.jpg,Pineapple,1,Semi-Fresh,Semi-Fresh,0.9373,0.0568,0.9373,0.0058,Semi-Fresh,0.9832,0.0139,0.9832,0.0029,Semi-Fresh,0.9825,0.0149,0.9825,0.0026,Semi-Fresh,0.9941,0.0048,0.9941,0.0011,Semi-Fresh,0.9968,0.0022,0.9968,0.001
D:\ML Project Freshness Detection\AgriFreshNET Freshness and Shelf-Life Image Datase\AgriFreshNET Freshness and Shelf-Life Image Datase\Processed Data\Processed Data\Fresh Orange(1-9)\aug_170_IMG_20251105_102342529_HDR_AE.jpg,Orange,0,Fresh,Fresh,0.8494,0.8494,0.1479,0.0027,Fresh,0.9774,0.9774,0.0225,0.0001,Fresh,0.9678,0.9678,0.032,0.0002,Fresh,0.8922,0.8922,0.1074,0.0004,Fresh,0.998,0.998,0.0017,0.0003
D:\ML Project Freshness Detection\AgriFreshNET Freshness and Shelf-Life Image Datase\AgriFreshNET Freshness and Shelf-Life Image Datase\Processed Data\Processed Data\Rotten Orange(20-35)\aug_229_IMG-20251113-WA0028.jpg,Orange,2,Rotten,Rotten,0.9744,0.0139,0.0117,0.9744,Rotten,0.9561,0.0083,0.0356,0.9561,Rotten,0.9987,0.0007,0.0006,0.9987,Rotten,0.9979,0.0014,0.0008,0.9979,Rotten,0.9993,0.0004,0.0003,0.9993
D:\ML Project Freshness Detection\AgriFreshNET Freshness and Shelf-Life Image Datase\AgriFreshNET Freshness and Shelf-Life Image Datase\Processed Data\Processed Data\Semi fresh Pineapple (15-25)\IMG_20251122_211151624_HDR.jpg,Pineapple,1,Semi-Fresh,Semi-Fresh,0.972,0.0193,0.972,0.0087,Semi-Fresh,0.9905,0.0036,0.9905,0.006,Semi-Fresh,0.994,0.003,0.994,0.0031,Semi-Fresh,0.9837,0.0147,0.9837,0.0016,Semi-Fresh,0.9965,0.0025,0.9965,0.001
D:\ML Project Freshness Detection\AgriFreshNET Freshness and Shelf-Life Image Datase\AgriFreshNET Freshness and Shelf-Life Image Datase\Processed Data\Processed Data\Semi Fresh Cucumber(6-12)\aug_246_IMG_20260212_155639.jpg,Cucumber,1,Semi-Fresh,Semi-Fresh,0.983,0.0141,0.983,0.003,Semi-Fresh,0.9965,0.0002,0.9965,0.0033,Semi-Fresh,0.9999,0.0,0.9999,0.0001,Semi-Fresh,0.9988,0.0002,0.9988,0.0011,Semi-Fresh,0.9993,0.0003,0.9993,0.0004
D:\ML Project Freshness Detection\AgriFreshNET Freshness and Shelf-Life Image Datase\AgriFreshNET Freshness and Shelf-Life Image Datase\Processed Data\Processed Data\Rotten Tomato(24-35)\aug_13_IMG-20260207-WA0031.jpg,Tomato,2,Rotten,Rotten,0.9869,0.0017,0.0114,0.9869,Rotten,0.9979,0.0007,0.0014,0.9979,Rotten,0.9981,0.0001,0.0018,0.9981,Rotten,0.9975,0.0005,0.002,0.9975,Rotten,0.9987,0.0002,0.0011,0.9987
D:\ML Project Freshness Detection\AgriFreshNET Freshness and Shelf-Life Image Datase\AgriFreshNET Freshness and Shelf-Life Image Datase\Processed Data\Processed Data\Rotten Cucumber(12-20)\aug_159_IMG_20251202_015448.jpg,Cucumber,2,Rotten,Rotten,0.9838,0.005,0.0111,0.9838,Rotten,0.9962,0.0004,0.0035,0.9962,Rotten,0.9999,0.0,0.0001,0.9999,Rotten,0.992,0.0047,0.0033,0.992,Rotten,0.9992,0.0002,0.0006,0.9992
D:\ML Project Freshness Detection\AgriFreshNET Freshness and Shelf-Life Image Datase\AgriFreshNET Freshness and Shelf-Life Image Datase\Processed Data\Processed Data\Fresh Banana(1-4)\IMG_20251119_201407916_HDR.jpg,Banana,0,Fresh,Fresh,0.9704,0.9704,0.0292,0.0004,Fresh,0.9757,0.9757,0.0211,0.0032,Fresh,0.9957,0.9957,0.0036,0.0007,Fresh,0.9966,0.9966,0.0029,0.0004,Fresh,0.9993,0.9993,0.0005,0.0001
D:\ML Project Freshness Detection\AgriFreshNET Freshness and Shelf-Life Image Datase\AgriFreshNET Freshness and Shelf-Life Image Datase\Processed Data\Processed Data\Rotten Bittermelon(5-8)\aug_59_IMG_20251202_015835.jpg,Bittermelon,2,Rotten,Rotten,0.9132,0.0075,0.0793,0.9132,Rotten,0.989,0.0036,0.0074,0.989,Rotten,0.9949,0.0016,0.0035,0.9949,Rotten,0.9882,0.0021,0.0097,0.9882,Rotten,0.9877,0.0019,0.0104,0.9877
D:\ML Project Freshness Detection\AgriFreshNET Freshness and Shelf-Life Image Datase\AgriFreshNET Freshness and Shelf-Life Image Datase\Processed Data\Processed Data\Rotten banana(7-13)\IMG_20251125_210154078_HDR.jpg,Banana,2,Rotten,Rotten,0.5572,0.0082,0.4346,0.5572,Rotten,0.8649,0.0025,0.1327,0.8649,Rotten,0.978,0.0001,0.0219,0.978,Rotten,0.9382,0.0036,0.0583,0.9382,Semi-Fresh,0.7861,0.0028,0.7861,0.211
D:\ML Project Freshness Detection\AgriFreshNET Freshness and Shelf-Life Image Datase\AgriFreshNET Freshness and Shelf-Life Image Datase\Processed Data\Processed Data\Fresh eggplant(1-4)\IMG_20251118_164931369_HDR.jpg,Eggplant,0,Fresh,Fresh,0.8393,0.8393,0.1598,0.0009,Fresh,0.7509,0.7509,0.247,0.0021,Fresh,0.9594,0.9594,0.0397,0.0009,Fresh,0.9214,0.9214,0.0749,0.0037,Fresh,0.9755,0.9755,0.0234,0.0011
D:\ML Project Freshness Detection\AgriFreshNET Freshness and Shelf-Life Image Datase\AgriFreshNET Freshness and Shelf-Life Image Datase\Processed Data\Processed Data\Rotten banana(7-13)\IMG_20251109_111849369_HDR_AE.jpg,Banana,2,Rotten,Rotten,0.5354,0.0044,0.4602,0.5354,Rotten,0.9335,0.0017,0.0648,0.9335,Semi-Fresh,0.9132,0.0031,0.9132,0.0837,Rotten,0.9879,0.0015,0.0106,0.9879,Rotten,0.92,0.0021,0.0779,0.92
D:\ML Project Freshness Detection\AgriFreshNET Freshness and Shelf-Life Image Datase\AgriFreshNET Freshness and Shelf-Life Image Datase\Processed Data\Processed Data\Semi fresh Orange(9-20)\IMG_20251112_113158724_HDR_AE.jpg,Orange,1,Semi-Fresh,Semi-Fresh,0.9449,0.0512,0.9449,0.0039,Semi-Fresh,0.9896,0.0096,0.9896,0.0008,Semi-Fresh,0.6254,0.3746,0.6254,0.0,Semi-Fresh,0.9965,0.0034,0.9965,0.0001,Semi-Fresh,0.9763,0.0235,0.9763,0.0002
D:\ML Project Freshness Detection\AgriFreshNET Freshness and Shelf-Life Image Datase\AgriFreshNET Freshness and Shelf-Life Image Datase\Processed Data\Processed Data\Semi Fresh Cucumber(6-12)\IMG_20260212_155627.jpg,Cucumber,1,Semi-Fresh,Semi-Fresh,0.9481,0.0498,0.9481,0.0021,Semi-Fresh,0.9957,0.0017,0.9957,0.0026,Semi-Fresh,0.9989,0.0009,0.9989,0.0002,Semi-Fresh,0.998,0.0003,0.998,0.0016,Semi-Fresh,0.9998,0.0002,0.9998,0.0001
D:\ML Project Freshness Detection\AgriFreshNET Freshness and Shelf-Life Image Datase\AgriFreshNET Freshness and Shelf-Life Image Datase\Processed Data\Processed Data\Rotten Pineapple(25-35)\aug_35_IMG-20251230-WA0019.jpg,Pineapple,2,Rotten,Rotten,0.8398,0.1157,0.0445,0.8398,Rotten,0.9732,0.0169,0.0099,0.9732,Rotten,0.8224,0.0204,0.1573,0.8224,Rotten,0.975,0.0093,0.0158,0.975,Rotten,0.9985,0.0005,0.0011,0.9985
D:\ML Project Freshness Detection\AgriFreshNET Freshness and Shelf-Life Image Datase\AgriFreshNET Freshness and Shelf-Life Image Datase\Processed Data\Processed Data\Fresh Tomato(1-10)\IMG_20251122_210733387_HDR.jpg,Tomato,0,Fresh,Semi-Fresh,0.5555,0.4421,0.5555,0.0023,Fresh,0.6648,0.6648,0.3294,0.0057,Fresh,0.8055,0.8055,0.19,0.0045,Fresh,0.9772,0.9772,0.0219,0.0009,Fresh,0.9819,0.9819,0.017,0.0011
D:\ML Project Freshness Detection\AgriFreshNET Freshness and Shelf-Life Image Datase\AgriFreshNET Freshness and Shelf-Life Image Datase\Processed Data\Processed Data\Fresh Orange(1-9)\aug_236_IMG_20251102_080108437_HDR_AE.jpg,Orange,0,Fresh,Fresh,0.9687,0.9687,0.0306,0.0006,Fresh,0.9964,0.9964,0.0036,0.0,Fresh,0.9982,0.9982,0.0018,0.0,Fresh,0.9907,0.9907,0.0091,0.0002,Fresh,0.9983,0.9983,0.0013,0.0004
D:\ML Project Freshness Detection\AgriFreshNET Freshness and Shelf-Life Image Datase\AgriFreshNET Freshness and Shelf-Life Image Datase\Processed Data\Processed Data\Semi fresh Pineapple (15-25)\IMG_20251122_211223117_HDR.jpg,Pineapple,1,Semi-Fresh,Semi-Fresh,0.9455,0.0127,0.9455,0.0418,Semi-Fresh,0.9181,0.018,0.9181,0.0639,Semi-Fresh,0.9973,0.0001,0.9973,0.0026,Semi-Fresh,0.9687,0.0008,0.9687,0.0304,Semi-Fresh,0.979,0.0191,0.979,0.0019
D:\ML Project Freshness Detection\AgriFreshNET Freshness and Shelf-Life Image Datase\AgriFreshNET Freshness and Shelf-Life Image Datase\Processed Data\Processed Data\Fresh Banana(1-4)\IMG_20251121_143938420_HDR_AE.jpg,Banana,0,Fresh,Fresh,0.7347,0.7347,0.2312,0.0341,Fresh,0.8825,0.8825,0.1158,0.0018,Fresh,0.6526,0.6526,0.3359,0.0115,Fresh,0.9553,0.9553,0.0436,0.0011,Fresh,0.9905,0.9905,0.008,0.0015
D:\ML Project Freshness Detection\AgriFreshNET Freshness and Shelf-Life Image Datase\AgriFreshNET Freshness and Shelf-Life Image Datase\Processed Data\Processed Data\Rotten Tomato(24-35)\aug_263_IMG_20260123_182342338_HDR.jpg,Tomato,2,Rotten,Rotten,0.9776,0.002,0.0204,0.9776,Rotten,0.9952,0.0001,0.0047,0.9952,Rotten,0.9977,0.0,0.0023,0.9977,Rotten,0.9986,0.0003,0.0011,0.9986,Rotten,0.9954,0.0007,0.0039,0.9954
D:\ML Project Freshness Detection\AgriFreshNET Freshness and Shelf-Life Image Datase\AgriFreshNET Freshness and Shelf-Life Image Datase\Processed Data\Processed Data\Semi fresh Tomato(10-24)\IMG_20251112_113526830_HDR_AE.jpg,Tomato,1,Semi-Fresh,Semi-Fresh,0.8842,0.0977,0.8842,0.0181,Semi-Fresh,0.731,0.2611,0.731,0.0078,Fresh,0.5595,0.5595,0.4383,0.0022,Semi-Fresh,0.945,0.0523,0.945,0.0027,Semi-Fresh,0.9969,0.0028,0.9969,0.0004
D:\ML Project Freshness Detection\AgriFreshNET Freshness and Shelf-Life Image Datase\AgriFreshNET Freshness and Shelf-Life Image Datase\Processed Data\Processed Data\Rotten banana(7-13)\IMG_20251126_190556288_HDR.jpg,Banana,2,Rotten,Rotten,0.8969,0.0021,0.101,0.8969,Rotten,0.9985,0.0001,0.0014,0.9985,Rotten,0.9986,0.0001,0.0013,0.9986,Rotten,0.9973,0.001,0.0016,0.9973,Rotten,0.9992,0.0001,0.0007,0.9992
D:\ML Project Freshness Detection\AgriFreshNET Freshness and Shelf-Life Image Datase\AgriFreshNET Freshness and Shelf-Life Image Datase\Processed Data\Processed Data\Fresh Banana(1-4)\aug_203_IMG_20251121_144103499_HDR_AE.jpg,Banana,0,Fresh,Fresh,0.6384,0.6384,0.3571,0.0045,Semi-Fresh,0.5168,0.4826,0.5168,0.0005,Fresh,0.8979,0.8979,0.1014,0.0007,Fresh,0.9825,0.9825,0.0129,0.0046,Fresh,0.984,0.984,0.0159,0.0001
D:\ML Project Freshness Detection\AgriFreshNET Freshness and Shelf-Life Image Datase\AgriFreshNET Freshness and Shelf-Life Image Datase\Processed Data\Processed Data\Semi fresh Tomato(10-24)\IMG_20251122_210936761_HDR.jpg,Tomato,1,Semi-Fresh,Semi-Fresh,0.9136,0.084,0.9136,0.0025,Semi-Fresh,0.9907,0.0018,0.9907,0.0075,Semi-Fresh,0.9972,0.0009,0.9972,0.0019,Semi-Fresh,0.9987,0.0009,0.9987,0.0004,Semi-Fresh,0.9988,0.0009,0.9988,0.0003
D:\ML Project Freshness Detection\AgriFreshNET Freshness and Shelf-Life Image Datase\AgriFreshNET Freshness and Shelf-Life Image Datase\Processed Data\Processed Data\Semi Fresh Cucumber(6-12)\aug_54_IMG_20260212_155228.jpg,Cucumber,1,Semi-Fresh,Semi-Fresh,0.8278,0.1717,0.8278,0.0005,Semi-Fresh,0.9924,0.0072,0.9924,0.0004,Semi-Fresh,0.9908,0.0069,0.9908,0.0023,Semi-Fresh,0.9988,0.0011,0.9988,0.0001,Semi-Fresh,0.9982,0.0015,0.9982,0.0003
D:\ML Project Freshness Detection\AgriFreshNET Freshness and Shelf-Life Image Datase\AgriFreshNET Freshness and Shelf-Life Image Datase\Processed Data\Processed Data\Rotten Orange(20-35)\aug_188_IMG-20251215-WA0016.jpg,Orange,2,Rotten,Rotten,0.8446,0.0088,0.1466,0.8446,Rotten,0.9865,0.0004,0.013,0.9865,Rotten,0.9835,0.0019,0.0146,0.9835,Rotten,0.9963,0.0008,0.0029,0.9963,Rotten,0.998,0.0002,0.0018,0.998
D:\ML Project Freshness Detection\AgriFreshNET Freshness and Shelf-Life Image Datase\AgriFreshNET Freshness and Shelf-Life Image Datase\Processed Data\Processed Data\Rotten Cucumber(12-20)\aug_72_IMG_20251123_012455.jpg,Cucumber,2,Rotten,Rotten,0.9786,0.005,0.0163,0.9786,Rotten,0.9962,0.0002,0.0036,0.9962,Rotten,0.9955,0.0,0.0045,0.9955,Rotten,0.9927,0.0031,0.0042,0.9927,Rotten,0.998,0.0001,0.0019,0.998
D:\ML Project Freshness Detection\AgriFreshNET Freshness and Shelf-Life Image Datase\AgriFreshNET Freshness and Shelf-Life Image Datase\Processed Data\Processed Data\Semi Fresh Cucumber(6-12)\IMG_20260212_155742.jpg,Cucumber,1,Semi-Fresh,Semi-Fresh,0.983,0.0149,0.983,0.0022,Semi-Fresh,0.9993,0.0003,0.9993,0.0004,Semi-Fresh,0.9995,0.0001,0.9995,0.0004,Semi-Fresh,0.9991,0.0,0.9991,0.0009,Semi-Fresh,0.9994,0.0003,0.9994,0.0004
D:\ML Project Freshness Detection\AgriFreshNET Freshness and Shelf-Life Image Datase\AgriFreshNET Freshness and Shelf-Life Image Datase\Processed Data\Processed Data\Rotten Cucumber(12-20)\aug_98_IMG_20251121_080637.jpg,Cucumber,2,Rotten,Rotten,0.7702,0.0611,0.1687,0.7702,Rotten,0.9516,0.001,0.0474,0.9516,Rotten,0.953,0.0,0.047,0.953,Rotten,0.9967,0.0006,0.0027,0.9967,Rotten,0.9645,0.0002,0.0353,0.9645
D:\ML Project Freshness Detection\AgriFreshNET Freshness and Shelf-Life Image Datase\AgriFreshNET Freshness and Shelf-Life Image Datase\Processed Data\Processed Data\Rotten Pineapple(25-35)\aug_303_IMG-20260130-WA0124.jpg,Pineapple,2,Rotten,Rotten,0.9996,0.0001,0.0003,0.9996,Rotten,0.9948,0.0029,0.0023,0.9948,Rotten,0.999,0.0007,0.0004,0.999,Rotten,0.958,0.0165,0.0255,0.958,Rotten,0.9999,0.0,0.0001,0.9999
D:\ML Project Freshness Detection\AgriFreshNET Freshness and Shelf-Life Image Datase\AgriFreshNET Freshness and Shelf-Life Image Datase\Processed Data\Processed Data\Semi fresh Tomato(10-24)\aug_168_IMG_20251114_214031426_HDR.jpg,Tomato,1,Semi-Fresh,Semi-Fresh,0.553,0.4466,0.553,0.0003,Semi-Fresh,0.8804,0.0984,0.8804,0.0211,Semi-Fresh,0.9512,0.0476,0.9512,0.0012,Semi-Fresh,0.9971,0.0014,0.9971,0.0014,Semi-Fresh,0.9957,0.0042,0.9957,0.0002
D:\ML Project Freshness Detection\AgriFreshNET Freshness and Shelf-Life Image Datase\AgriFreshNET Freshness and Shelf-Life Image Datase\Processed Data\Processed Data\Semi Fresh Cucumber(6-12)\aug_350_IMG_20260212_155545.jpg,Cucumber,1,Semi-Fresh,Semi-Fresh,0.9075,0.0924,0.9075,0.0001,Semi-Fresh,0.9963,0.0028,0.9963,0.0009,Semi-Fresh,0.9994,0.0005,0.9994,0.0,Semi-Fresh,0.9996,0.0003,0.9996,0.0001,Semi-Fresh,0.9994,0.0006,0.9994,0.0001
D:\ML Project Freshness Detection\AgriFreshNET Freshness and Shelf-Life Image Datase\AgriFreshNET Freshness and Shelf-Life Image Datase\Processed Data\Processed Data\Fresh Tomato(1-10)\IMG_20251122_210758837_HDR.jpg,Tomato,0,Fresh,Fresh,0.5283,0.5283,0.4676,0.0042,Fresh,0.5768,0.5768,0.3979,0.0253,Fresh,0.5397,0.5397,0.447,0.0134,Fresh,0.8921,0.8921,0.0785,0.0294,Fresh,0.852,0.852,0.1282,0.0198
D:\ML Project Freshness Detection\AgriFreshNET Freshness and Shelf-Life Image Datase\AgriFreshNET Freshness and Shelf-Life Image Datase\Processed Data\Processed Data\Fresh Papaya(1-4)\aug_411_IMG_20251123_012935.jpg,Papaya,0,Fresh,Fresh,0.8225,0.8225,0.1767,0.0008,Fresh,0.9453,0.9453,0.0536,0.001,Fresh,0.9934,0.9934,0.0063,0.0003,Fresh,0.9339,0.9339,0.0647,0.0014,Fresh,0.9299,0.9299,0.0674,0.0028
D:\ML Project Freshness Detection\AgriFreshNET Freshness and Shelf-Life Image Datase\AgriFreshNET Freshness and Shelf-Life Image Datase\Processed Data\Processed Data\Fresh Tomato(1-10)\IMG_20251109_112804773_HDR_AE.jpg,Tomato,0,Fresh,Fresh,0.7838,0.7838,0.2121,0.0041,Fresh,0.955,0.955,0.0351,0.0099,Fresh,0.9916,0.9916,0.0073,0.0011,Fresh,0.9136,0.9136,0.0768,0.0096,Fresh,0.8655,0.8655,0.1291,0.0054
D:\ML Project Freshness Detection\AgriFreshNET Freshness and Shelf-Life Image Datase\AgriFreshNET Freshness and Shelf-Life Image Datase\Processed Data\Processed Data\Rotten Cucumber(12-20)\aug_239_IMG_20251123_012406.jpg,Cucumber,2,Rotten,Rotten,0.9959,0.0011,0.003,0.9959,Rotten,0.9947,0.0002,0.0051,0.9947,Rotten,0.9998,0.0,0.0002,0.9998,Rotten,0.9981,0.001,0.0009,0.9981,Rotten,0.9992,0.0002,0.0006,0.9992
D:\ML Project Freshness Detection\AgriFreshNET Freshness and Shelf-Life Image Datase\AgriFreshNET Freshness and Shelf-Life Image Datase\Processed Data\Processed Data\Semi Fresh Papaya(4-7)\IMG_20251124_021913.jpg,Papaya,1,Semi-Fresh,Semi-Fresh,0.6854,0.3131,0.6854,0.0015,Semi-Fresh,0.8877,0.1113,0.8877,0.001,Semi-Fresh,0.91,0.0687,0.91,0.0212,Semi-Fresh,0.9926,0.0037,0.9926,0.0037,Semi-Fresh,0.9959,0.0037,0.9959,0.0004
D:\ML Project Freshness Detection\AgriFreshNET Freshness and Shelf-Life Image Datase\AgriFreshNET Freshness and Shelf-Life Image Datase\Processed Data\Processed Data\Fresh Papaya(1-4)\IMG_20251123_012940.jpg,Papaya,0,Fresh,Fresh,0.6517,0.6517,0.3481,0.0003,Fresh,0.9541,0.9541,0.0458,0.0001,Fresh,0.9665,0.9665,0.0325,0.001,Fresh,0.8497,0.8497,0.1486,0.0017,Fresh,0.9906,0.9906,0.0089,0.0005
D:\ML Project Freshness Detection\AgriFreshNET Freshness and Shelf-Life Image Datase\AgriFreshNET Freshness and Shelf-Life Image Datase\Processed Data\Processed Data\Semi fresh Orange(9-20)\aug_81_IMG-20251125-WA0030.jpg,Orange,1,Semi-Fresh,Semi-Fresh,0.7087,0.2176,0.7087,0.0737,Semi-Fresh,0.9692,0.0268,0.9692,0.004,Semi-Fresh,0.9324,0.0595,0.9324,0.0081,Semi-Fresh,0.9377,0.0155,0.9377,0.0468,Semi-Fresh,0.7024,0.2948,0.7024,0.0027
D:\ML Project Freshness Detection\AgriFreshNET Freshness and Shelf-Life Image Datase\AgriFreshNET Freshness and Shelf-Life Image Datase\Processed Data\Processed Data\Semi fresh banana(4-7)\aug_42_IMG_20260122_215842474_HDR.jpg,Banana,1,Semi-Fresh,Semi-Fresh,0.937,0.0304,0.937,0.0326,Semi-Fresh,0.9722,0.0009,0.9722,0.0268,Semi-Fresh,0.9977,0.0014,0.9977,0.0009,Semi-Fresh,0.994,0.0006,0.994,0.0054,Semi-Fresh,0.9906,0.0003,0.9906,0.0091
D:\ML Project Freshness Detection\AgriFreshNET Freshness and Shelf-Life Image Datase\AgriFreshNET Freshness and Shelf-Life Image Datase\Processed Data\Processed Data\Fresh Orange(1-9)\IMG-20251122-WA0007.jpg,Orange,0,Fresh,Fresh,0.9182,0.9182,0.0791,0.0027,Fresh,0.9046,0.9046,0.0939,0.0016,Fresh,0.8419,0.8419,0.156,0.0022,Fresh,0.5455,0.5455,0.449,0.0054,Fresh,0.8765,0.8765,0.1178,0.0056
D:\ML Project Freshness Detection\AgriFreshNET Freshness and Shelf-Life Image Datase\AgriFreshNET Freshness and Shelf-Life Image Datase\Processed Data\Processed Data\Rotten Orange(20-35)\aug_234_IMG-20251215-WA0012.jpg,Orange,2,Rotten,Rotten,0.8316,0.0029,0.1655,0.8316,Rotten,0.9943,0.0001,0.0056,0.9943,Rotten,0.9954,0.0001,0.0045,0.9954,Rotten,0.9985,0.0006,0.0008,0.9985,Rotten,0.9986,0.0001,0.0013,0.9986
D:\ML Project Freshness Detection\AgriFreshNET Freshness and Shelf-Life Image Datase\AgriFreshNET Freshness and Shelf-Life Image Datase\Processed Data\Processed Data\Fresh Tomato(1-10)\IMG_20251122_210442580_HDR.jpg,Tomato,0,Fresh,Fresh,0.9725,0.9725,0.0274,0.0001,Fresh,0.9802,0.9802,0.0193,0.0004,Fresh,0.997,0.997,0.0029,0.0001,Fresh,0.9974,0.9974,0.0024,0.0002,Fresh,0.9983,0.9983,0.0012,0.0005
D:\ML Project Freshness Detection\AgriFreshNET Freshness and Shelf-Life Image Datase\AgriFreshNET Freshness and Shelf-Life Image Datase\Processed Data\Processed Data\Rotten banana(7-13)\IMG_20251130_175601254_HDR.jpg,Banana,2,Rotten,Rotten,0.967,0.003,0.03,0.967,Rotten,0.996,0.0001,0.0039,0.996,Rotten,0.9996,0.0,0.0004,0.9996,Rotten,0.9865,0.0082,0.0053,0.9865,Rotten,0.9992,0.0001,0.0006,0.9992
D:\ML Project Freshness Detection\AgriFreshNET Freshness and Shelf-Life Image Datase\AgriFreshNET Freshness and Shelf-Life Image Datase\Processed Data\Processed Data\Rotten Pineapple(25-35)\aug_161_IMG-20251230-WA0019.jpg,Pineapple,2,Rotten,Rotten,0.9199,0.0303,0.0498,0.9199,Rotten,0.9185,0.0453,0.0362,0.9185,Rotten,0.7397,0.0229,0.2374,0.7397,Rotten,0.963,0.0116,0.0254,0.963,Rotten,0.9903,0.0018,0.008,0.9903
D:\ML Project Freshness Detection\AgriFreshNET Freshness and Shelf-Life Image Datase\AgriFreshNET Freshness and Shelf-Life Image Datase\Processed Data\Processed Data\Semi Fresh Bittermelon ( 3-5)\aug_463_IMG_20260116_025859.jpg,Bittermelon,1,Semi-Fresh,Semi-Fresh,0.846,0.0296,0.846,0.1244,Semi-Fresh,0.9168,0.0029,0.9168,0.0802,Semi-Fresh,0.9955,0.0008,0.9955,0.0037,Semi-Fresh,0.9349,0.0127,0.9349,0.0524,Semi-Fresh,0.9835,0.0003,0.9835,0.0162
D:\ML Project Freshness Detection\AgriFreshNET Freshness and Shelf-Life Image Datase\AgriFreshNET Freshness and Shelf-Life Image Datase\Processed Data\Processed Data\Semi_Fresh eggplant(4-8)\aug_299_IMG_20251122_205136713_HDR.jpg,Eggplant,1,Semi-Fresh,Semi-Fresh,0.5877,0.4121,0.5877,0.0002,Semi-Fresh,0.92,0.0791,0.92,0.0009,Semi-Fresh,0.9641,0.0351,0.9641,0.0008,Semi-Fresh,0.5993,0.3983,0.5993,0.0024,Semi-Fresh,0.9596,0.0397,0.9596,0.0007
D:\ML Project Freshness Detection\AgriFreshNET Freshness and Shelf-Life Image Datase\AgriFreshNET Freshness and Shelf-Life Image Datase\Processed Data\Processed Data\Semi fresh banana(4-7)\aug_1_IMG_20251122_112726127_HDR_AE.jpg,Banana,1,Semi-Fresh,Semi-Fresh,0.865,0.0996,0.865,0.0354,Semi-Fresh,0.7797,0.209,0.7797,0.0113,Semi-Fresh,0.9514,0.0461,0.9514,0.0026,Semi-Fresh,0.9651,0.028,0.9651,0.0069,Semi-Fresh,0.993,0.0062,0.993,0.0009
D:\ML Project Freshness Detection\AgriFreshNET Freshness and Shelf-Life Image Datase\AgriFreshNET Freshness and Shelf-Life Image Datase\Processed Data\Processed Data\Fresh eggplant(1-4)\aug_242_IMG_20251127_192857496_HDR.jpg,Eggplant,0,Fresh,Fresh,0.5259,0.5259,0.4201,0.054,Fresh,0.7305,0.7305,0.2596,0.0099,Fresh,0.8703,0.8703,0.1149,0.0149,Fresh,0.9675,0.9675,0.0305,0.002,Fresh,0.9546,0.9546,0.0427,0.0027
D:\ML Project Freshness Detection\AgriFreshNET Freshness and Shelf-Life Image Datase\AgriFreshNET Freshness and Shelf-Life Image Datase\Processed Data\Processed Data\Fresh Cucumber(1-6)\aug_413_IMG_20260114_010402.jpg,Cucumber,0,Fresh,Fresh,0.972,0.972,0.0265,0.0015,Fresh,0.9742,0.9742,0.0237,0.0021,Fresh,0.9962,0.9962,0.0031,0.0007,Fresh,0.9773,0.9773,0.0209,0.0018,Fresh,0.9949,0.9949,0.0043,0.0009
D:\ML Project Freshness Detection\AgriFreshNET Freshness and Shelf-Life Image Datase\AgriFreshNET Freshness and Shelf-Life Image Datase\Processed Data\Processed Data\Semi Fresh Bittermelon ( 3-5)\aug_314_IMG_20260120_004728.jpg,Bittermelon,1,Semi-Fresh,Semi-Fresh,0.9226,0.0575,0.9226,0.0199,Semi-Fresh,0.9338,0.0075,0.9338,0.0587,Semi-Fresh,0.996,0.0008,0.996,0.0032,Semi-Fresh,0.9667,0.0022,0.9667,0.031,Semi-Fresh,0.9956,0.0008,0.9956,0.0036
D:\ML Project Freshness Detection\AgriFreshNET Freshness and Shelf-Life Image Datase\AgriFreshNET Freshness and Shelf-Life Image Datase\Processed Data\Processed Data\Semi fresh Tomato(10-24)\aug_41_IMG_20251121_145635753_HDR_AE.jpg,Tomato,1,Semi-Fresh,Semi-Fresh,0.917,0.0391,0.917,0.0439,Semi-Fresh,0.7404,0.0007,0.7404,0.259,Semi-Fresh,0.9603,0.0246,0.9603,0.0151,Semi-Fresh,0.9072,0.0432,0.9072,0.0496,Semi-Fresh,0.9916,0.0003,0.9916,0.0081
D:\ML Project Freshness Detection\AgriFreshNET Freshness and Shelf-Life Image Datase\AgriFreshNET Freshness and Shelf-Life Image Datase\Processed Data\Processed Data\Semi Fresh Papaya(4-7)\aug_252_IMG_20251124_021905.jpg,Papaya,1,Semi-Fresh,Semi-Fresh,0.9735,0.0215,0.9735,0.005,Semi-Fresh,0.997,0.0017,0.997,0.0013,Semi-Fresh,0.9843,0.0016,0.9843,0.014,Semi-Fresh,0.9973,0.0011,0.9973,0.0016,Semi-Fresh,0.9982,0.0015,0.9982,0.0003
D:\ML Project Freshness Detection\AgriFreshNET Freshness and Shelf-Life Image Datase\AgriFreshNET Freshness and Shelf-Life Image Datase\Processed Data\Processed Data\Fresh pineapple(1-15)\aug_326_IMG-20251127-WA0010.jpg,Pineapple,0,Fresh,Fresh,0.7992,0.7992,0.182,0.0188,Fresh,0.9865,0.9865,0.008,0.0055,Fresh,0.9994,0.9994,0.0003,0.0002,Fresh,0.9899,0.9899,0.0095,0.0006,Fresh,0.9955,0.9955,0.0041,0.0003
D:\ML Project Freshness Detection\AgriFreshNET Freshness and Shelf-Life Image Datase\AgriFreshNET Freshness and Shelf-Life Image Datase\Processed Data\Processed Data\Semi fresh banana(4-7)\aug_195_IMG_20251107_113837338_HDR_AE(1).jpg,Banana,1,Semi-Fresh,Semi-Fresh,0.9557,0.0178,0.9557,0.0266,Semi-Fresh,0.961,0.0139,0.961,0.0251,Semi-Fresh,0.9161,0.0688,0.9161,0.0151,Semi-Fresh,0.9984,0.001,0.9984,0.0006,Semi-Fresh,0.9878,0.0104,0.9878,0.0018
D:\ML Project Freshness Detection\AgriFreshNET Freshness and Shelf-Life Image Datase\AgriFreshNET Freshness and Shelf-Life Image Datase\Processed Data\Processed Data\Rotten eggplant(8-15)\aug_353_IMG_20251109_112511227_HDR_AE.jpg,Eggplant,2,Rotten,Rotten,0.9062,0.0162,0.0775,0.9062,Rotten,0.998,0.0002,0.0018,0.998,Rotten,0.9949,0.0001,0.0051,0.9949,Rotten,0.997,0.001,0.002,0.997,Rotten,0.9984,0.0002,0.0014,0.9984
D:\ML Project Freshness Detection\AgriFreshNET Freshness and Shelf-Life Image Datase\AgriFreshNET Freshness and Shelf-Life Image Datase\Processed Data\Processed Data\Rotten Pineapple(25-35)\aug_90_IMG-20251230-WA0002.jpg,Pineapple,2,Rotten,Rotten,0.9802,0.0005,0.0194,0.9802,Rotten,0.9999,0.0,0.0,0.9999,Rotten,0.9986,0.0009,0.0005,0.9986,Rotten,0.9996,0.0002,0.0002,0.9996,Rotten,0.9996,0.0001,0.0003,0.9996
D:\ML Project Freshness Detection\AgriFreshNET Freshness and Shelf-Life Image Datase\AgriFreshNET Freshness and Shelf-Life Image Datase\Processed Data\Processed Data\Rotten Bittermelon(5-8)\aug_226_IMG_20260125_005755.jpg,Bittermelon,2,Rotten,Rotten,0.9953,0.0,0.0047,0.9953,Rotten,0.9986,0.0003,0.0011,0.9986,Rotten,0.9999,0.0,0.0001,0.9999,Rotten,0.9937,0.0011,0.0052,0.9937,Rotten,0.9998,0.0,0.0002,0.9998
D:\ML Project Freshness Detection\AgriFreshNET Freshness and Shelf-Life Image Datase\AgriFreshNET Freshness and Shelf-Life Image Datase\Processed Data\Processed Data\Rotten eggplant(8-15)\aug_150_IMG_20251115_122002265_HDR_AE.jpg,Eggplant,2,Rotten,Rotten,0.965,0.0043,0.0306,0.965,Rotten,0.9875,0.0043,0.0082,0.9875,Rotten,0.9865,0.0002,0.0133,0.9865,Rotten,0.9987,0.0003,0.0011,0.9987,Rotten,0.9984,0.0001,0.0015,0.9984
D:\ML Project Freshness Detection\AgriFreshNET Freshness and Shelf-Life Image Datase\AgriFreshNET Freshness and Shelf-Life Image Datase\Processed Data\Processed Data\Semi fresh banana(4-7)\aug_311_IMG_20251124_190919888_HDR.jpg,Banana,1,Semi-Fresh,Semi-Fresh,0.931,0.0415,0.931,0.0275,Semi-Fresh,0.9423,0.006,0.9423,0.0517,Semi-Fresh,0.9954,0.0031,0.9954,0.0016,Semi-Fresh,0.8194,0.0871,0.8194,0.0935,Semi-Fresh,0.9805,0.0183,0.9805,0.0011
D:\ML Project Freshness Detection\AgriFreshNET Freshness and Shelf-Life Image Datase\AgriFreshNET Freshness and Shelf-Life Image Datase\Processed Data\Processed Data\Rotten Papaya(7-12)\IMG_20251202_021432.jpg,Papaya,2,Rotten,Rotten,0.977,0.0009,0.0221,0.977,Rotten,0.9992,0.0,0.0007,0.9992,Rotten,0.9965,0.0,0.0035,0.9965,Rotten,0.9981,0.0002,0.0018,0.9981,Rotten,0.9977,0.0001,0.0021,0.9977
D:\ML Project Freshness Detection\AgriFreshNET Freshness and Shelf-Life Image Datase\AgriFreshNET Freshness and Shelf-Life Image Datase\Processed Data\Processed Data\Fresh Tomato(1-10)\IMG_20251125_212030760_HDR.jpg,Tomato,0,Fresh,Semi-Fresh,0.5702,0.4153,0.5702,0.0146,Fresh,0.5794,0.5794,0.3737,0.0469,Semi-Fresh,0.7584,0.1919,0.7584,0.0497,Fresh,0.4786,0.4786,0.3556,0.1658,Semi-Fresh,0.9355,0.0587,0.9355,0.0058
D:\ML Project Freshness Detection\AgriFreshNET Freshness and Shelf-Life Image Datase\AgriFreshNET Freshness and Shelf-Life Image Datase\Processed Data\Processed Data\Rotten Bittermelon(5-8)\aug_5_IMG_20251123_013251.jpg,Bittermelon,2,Rotten,Rotten,0.9616,0.0004,0.038,0.9616,Rotten,0.8442,0.0035,0.1523,0.8442,Rotten,0.766,0.0,0.2339,0.766,Rotten,0.9913,0.0007,0.008,0.9913,Rotten,0.9993,0.0001,0.0007,0.9993
D:\ML Project Freshness Detection\AgriFreshNET Freshness and Shelf-Life Image Datase\AgriFreshNET Freshness and Shelf-Life Image Datase\Processed Data\Processed Data\Rotten Tomato(24-35)\IMG_20251116_220231934_HDR.jpg,Tomato,2,Rotten,Fresh,0.7897,0.7897,0.197,0.0133,Semi-Fresh,0.412,0.2902,0.412,0.2978,Fresh,0.8512,0.8512,0.1133,0.0355,Fresh,0.4185,0.4185,0.3121,0.2693,Fresh,0.7199,0.7199,0.2082,0.0718
D:\ML Project Freshness Detection\AgriFreshNET Freshness and Shelf-Life Image Datase\AgriFreshNET Freshness and Shelf-Life Image Datase\Processed Data\Processed Data\Rotten Tomato(24-35)\aug_121_IMG_20260128_095454679_HDR_AE.jpg,Tomato,2,Rotten,Rotten,0.9892,0.0003,0.0105,0.9892,Rotten,0.9843,0.0031,0.0126,0.9843,Rotten,0.9954,0.0007,0.0038,0.9954,Rotten,0.9992,0.0002,0.0005,0.9992,Rotten,0.9993,0.0002,0.0005,0.9993
D:\ML Project Freshness Detection\AgriFreshNET Freshness and Shelf-Life Image Datase\AgriFreshNET Freshness and Shelf-Life Image Datase\Processed Data\Processed Data\Fresh Orange(1-9)\aug_28_IMG-20251112-WA0014.jpg,Orange,0,Fresh,Fresh,0.7308,0.7308,0.2577,0.0115,Fresh,0.6464,0.6464,0.3511,0.0025,Fresh,0.9149,0.9149,0.0849,0.0003,Fresh,0.8896,0.8896,0.106,0.0044,Fresh,0.9838,0.9838,0.0156,0.0006
D:\ML Project Freshness Detection\AgriFreshNET Freshness and Shelf-Life Image Datase\AgriFreshNET Freshness and Shelf-Life Image Datase\Processed Data\Processed Data\Semi_Fresh eggplant(4-8)\IMG_20251201_190537811_HDR.jpg,Eggplant,1,Semi-Fresh,Semi-Fresh,0.719,0.2805,0.719,0.0004,Semi-Fresh,0.9856,0.0111,0.9856,0.0032,Semi-Fresh,0.9893,0.0088,0.9893,0.0019,Semi-Fresh,0.9953,0.0027,0.9953,0.002,Semi-Fresh,0.994,0.0023,0.994,0.0037
D:\ML Project Freshness Detection\AgriFreshNET Freshness and Shelf-Life Image Datase\AgriFreshNET Freshness and Shelf-Life Image Datase\Processed Data\Processed Data\Fresh pineapple(1-15)\aug_284_IMG-20251127-WA0027.jpg,Pineapple,0,Fresh,Fresh,0.9468,0.9468,0.0499,0.0033,Fresh,0.9931,0.9931,0.0061,0.0008,Fresh,0.9983,0.9983,0.0017,0.0001,Fresh,0.9977,0.9977,0.0022,0.0001,Fresh,0.9989,0.9989,0.0009,0.0002
D:\ML Project Freshness Detection\AgriFreshNET Freshness and Shelf-Life Image Datase\AgriFreshNET Freshness and Shelf-Life Image Datase\Processed Data\Processed Data\Rotten Papaya(7-12)\aug_7_IMG_20251202_021710.jpg,Papaya,2,Rotten,Rotten,0.9219,0.0031,0.075,0.9219,Rotten,0.9984,0.0001,0.0015,0.9984,Rotten,0.9959,0.0001,0.004,0.9959,Rotten,0.9842,0.0003,0.0155,0.9842,Rotten,0.9985,0.0001,0.0014,0.9985
D:\ML Project Freshness Detection\AgriFreshNET Freshness and Shelf-Life Image Datase\AgriFreshNET Freshness and Shelf-Life Image Datase\Processed Data\Processed Data\Semi fresh Tomato(10-24)\aug_164_IMG_20251124_191845073_HDR.jpg,Tomato,1,Semi-Fresh,Semi-Fresh,0.9358,0.0594,0.9358,0.0049,Semi-Fresh,0.9925,0.0026,0.9925,0.0048,Semi-Fresh,0.9994,0.0001,0.9994,0.0005,Semi-Fresh,0.999,0.0003,0.999,0.0007,Semi-Fresh,0.9989,0.0008,0.9989,0.0002
D:\ML Project Freshness Detection\AgriFreshNET Freshness and Shelf-Life Image Datase\AgriFreshNET Freshness and Shelf-Life Image Datase\Processed Data\Processed Data\Rotten Pineapple(25-35)\IMG-20251230-WA0019.jpg,Pineapple,2,Rotten,Rotten,0.8642,0.098,0.0379,0.8642,Rotten,0.9791,0.014,0.0069,0.9791,Rotten,0.8398,0.0206,0.1396,0.8398,Rotten,0.9755,0.0097,0.0148,0.9755,Rotten,0.9985,0.0005,0.0009,0.9985
D:\ML Project Freshness Detection\AgriFreshNET Freshness and Shelf-Life Image Datase\AgriFreshNET Freshness and Shelf-Life Image Datase\Processed Data\Processed Data\Semi fresh Orange(9-20)\IMG_20251127_191208828_HDR.jpg,Orange,1,Semi-Fresh,Semi-Fresh,0.9968,0.0024,0.9968,0.0008,Semi-Fresh,0.9995,0.0002,0.9995,0.0003,Semi-Fresh,0.9993,0.0004,0.9993,0.0003,Semi-Fresh,0.999,0.0002,0.999,0.0008,Semi-Fresh,0.9985,0.0006,0.9985,0.0009
D:\ML Project Freshness Detection\AgriFreshNET Freshness and Shelf-Life Image Datase\AgriFreshNET Freshness and Shelf-Life Image Datase\Processed Data\Processed Data\Fresh Orange(1-9)\IMG_20251109_112319582_HDR_AE.jpg,Orange,0,Fresh,Semi-Fresh,0.6012,0.3957,0.6012,0.0031,Fresh,0.676,0.676,0.3224,0.0016,Fresh,0.9947,0.9947,0.0051,0.0001,Fresh,0.9071,0.9071,0.0913,0.0016,Fresh,0.9923,0.9923,0.0073,0.0004
D:\ML Project Freshness Detection\AgriFreshNET Freshness and Shelf-Life Image Datase\AgriFreshNET Freshness and Shelf-Life Image Datase\Processed Data\Processed Data\Rotten banana(7-13)\aug_265_IMG_20251201_132824880_HDR.jpg,Banana,2,Rotten,Rotten,0.7578,0.1505,0.0917,0.7578,Rotten,0.962,0.0159,0.0221,0.962,Rotten,0.9991,0.0005,0.0004,0.9991,Rotten,0.9994,0.0002,0.0004,0.9994,Rotten,0.9996,0.0001,0.0003,0.9996
D:\ML Project Freshness Detection\AgriFreshNET Freshness and Shelf-Life Image Datase\AgriFreshNET Freshness and Shelf-Life Image Datase\Processed Data\Processed Data\Fresh eggplant(1-4)\IMG_20251120_201541341_HDR.jpg,Eggplant,0,Fresh,Fresh,0.8886,0.8886,0.111,0.0003,Fresh,0.9695,0.9695,0.0298,0.0007,Fresh,0.999,0.999,0.0009,0.0001,Fresh,0.9957,0.9957,0.003,0.0013,Fresh,0.9992,0.9992,0.0006,0.0002
D:\ML Project Freshness Detection\AgriFreshNET Freshness and Shelf-Life Image Datase\AgriFreshNET Freshness and Shelf-Life Image Datase\Processed Data\Processed Data\Rotten eggplant(8-15)\IMG_20251123_222348778_HDR.jpg,Eggplant,2,Rotten,Rotten,0.9887,0.0008,0.0105,0.9887,Rotten,0.9958,0.0003,0.0039,0.9958,Rotten,1.0,0.0,0.0,1.0,Rotten,0.9993,0.0002,0.0005,0.9993,Rotten,0.9996,0.0001,0.0003,0.9996
D:\ML Project Freshness Detection\AgriFreshNET Freshness and Shelf-Life Image Datase\AgriFreshNET Freshness and Shelf-Life Image Datase\Processed Data\Processed Data\Fresh Tomato(1-10)\IMG_20251107_114103709_HDR_AE.jpg,Tomato,0,Fresh,Fresh,0.7446,0.7446,0.2525,0.0029,Fresh,0.927,0.927,0.0542,0.0188,Fresh,0.9965,0.9965,0.0028,0.0007,Fresh,0.9306,0.9306,0.0668,0.0026,Fresh,0.8176,0.8176,0.1749,0.0075
D:\ML Project Freshness Detection\AgriFreshNET Freshness and Shelf-Life Image Datase\AgriFreshNET Freshness and Shelf-Life Image Datase\Processed Data\Processed Data\Rotten Bittermelon(5-8)\IMG_20251202_020455.jpg,Bittermelon,2,Rotten,Rotten,0.9991,0.0,0.0008,0.9991,Rotten,0.9999,0.0,0.0001,0.9999,Rotten,0.9994,0.0002,0.0004,0.9994,Rotten,0.9978,0.0008,0.0014,0.9978,Rotten,0.9991,0.0002,0.0007,0.9991
D:\ML Project Freshness Detection\AgriFreshNET Freshness and Shelf-Life Image Datase\AgriFreshNET Freshness and Shelf-Life Image Datase\Processed Data\Processed Data\Rotten eggplant(8-15)\IMG_20251107_114428743_HDR_AE.jpg,Eggplant,2,Rotten,Rotten,0.3911,0.3682,0.2407,0.3911,Rotten,0.9351,0.0037,0.0612,0.9351,Rotten,0.9866,0.002,0.0113,0.9866,Rotten,0.9037,0.0572,0.0391,0.9037,Rotten,0.8879,0.0324,0.0797,0.8879
D:\ML Project Freshness Detection\AgriFreshNET Freshness and Shelf-Life Image Datase\AgriFreshNET Freshness and Shelf-Life Image Datase\Processed Data\Processed Data\Fresh eggplant(1-4)\eggplant(5).jpeg,Eggplant,0,Fresh,Fresh,0.6154,0.6154,0.292,0.0926,Semi-Fresh,0.4665,0.3339,0.4665,0.1997,Fresh,0.9015,0.9015,0.077,0.0214,Fresh,0.8734,0.8734,0.0888,0.0378,Semi-Fresh,0.6914,0.2764,0.6914,0.0322
D:\ML Project Freshness Detection\AgriFreshNET Freshness and Shelf-Life Image Datase\AgriFreshNET Freshness and Shelf-Life Image Datase\Processed Data\Processed Data\Rotten eggplant(8-15)\aug_201_IMG_20251120_204424239_HDR.jpg,Eggplant,2,Rotten,Rotten,0.9171,0.021,0.0619,0.9171,Rotten,0.7725,0.0496,0.1779,0.7725,Rotten,0.9287,0.0406,0.0307,0.9287,Rotten,0.9758,0.0102,0.014,0.9758,Rotten,0.9879,0.0036,0.0085,0.9879
D:\ML Project Freshness Detection\AgriFreshNET Freshness and Shelf-Life Image Datase\AgriFreshNET Freshness and Shelf-Life Image Datase\Processed Data\Processed Data\Rotten Bittermelon(5-8)\IMG_20251202_020046.jpg,Bittermelon,2,Rotten,Rotten,0.9996,0.0,0.0004,0.9996,Rotten,0.9995,0.0002,0.0004,0.9995,Rotten,1.0,0.0,0.0,1.0,Rotten,0.9969,0.0015,0.0016,0.9969,Rotten,0.9998,0.0,0.0001,0.9998
D:\ML Project Freshness Detection\AgriFreshNET Freshness and Shelf-Life Image Datase\AgriFreshNET Freshness and Shelf-Life Image Datase\Processed Data\Processed Data\Rotten eggplant(8-15)\aug_273_IMG_20251123_222348778_HDR.jpg,Eggplant,2,Rotten,Rotten,0.9932,0.0006,0.0063,0.9932,Rotten,0.9965,0.0003,0.0032,0.9965,Rotten,1.0,0.0,0.0,1.0,Rotten,0.999,0.0003,0.0007,0.999,Rotten,0.9996,0.0001,0.0004,0.9996
D:\ML Project Freshness Detection\AgriFreshNET Freshness and Shelf-Life Image Datase\AgriFreshNET Freshness and Shelf-Life Image Datase\Processed Data\Processed Data\Semi Fresh Cucumber(6-12)\aug_252_IMG_20260125_005533.jpg,Cucumber,1,Semi-Fresh,Semi-Fresh,0.7339,0.0733,0.7339,0.1928,Semi-Fresh,0.94,0.0275,0.94,0.0325,Semi-Fresh,0.8954,0.0405,0.8954,0.064,Semi-Fresh,0.9468,0.0093,0.9468,0.0439,Semi-Fresh,0.9653,0.0024,0.9653,0.0323
D:\ML Project Freshness Detection\AgriFreshNET Freshness and Shelf-Life Image Datase\AgriFreshNET Freshness and Shelf-Life Image Datase\Processed Data\Processed Data\Fresh Bittermelon(1-3)\IMG_20251121_081542.jpg,Bittermelon,0,Fresh,Fresh,0.829,0.829,0.1703,0.0007,Fresh,0.996,0.996,0.0039,0.0001,Fresh,0.9853,0.9853,0.0146,0.0,Fresh,0.9657,0.9657,0.0324,0.0019,Fresh,0.9977,0.9977,0.0021,0.0001
D:\ML Project Freshness Detection\AgriFreshNET Freshness and Shelf-Life Image Datase\AgriFreshNET Freshness and Shelf-Life Image Datase\Processed Data\Processed Data\Semi Fresh Bittermelon ( 3-5)\aug_262_IMG_20251123_013023.jpg,Bittermelon,1,Semi-Fresh,Semi-Fresh,0.9271,0.0693,0.9271,0.0036,Semi-Fresh,0.9348,0.0154,0.9348,0.0498,Semi-Fresh,0.8701,0.0152,0.8701,0.1148,Semi-Fresh,0.9793,0.0008,0.9793,0.02,Semi-Fresh,0.9749,0.0007,0.9749,0.0244
D:\ML Project Freshness Detection\AgriFreshNET Freshness and Shelf-Life Image Datase\AgriFreshNET Freshness and Shelf-Life Image Datase\Processed Data\Processed Data\Rotten eggplant(8-15)\aug_401_IMG_20251126_194116624_HDR.jpg,Eggplant,2,Rotten,Fresh,0.3672,0.3672,0.2955,0.3373,Rotten,0.9183,0.0045,0.0772,0.9183,Rotten,0.854,0.027,0.119,0.854,Rotten,0.9372,0.0263,0.0365,0.9372,Rotten,0.9958,0.0003,0.0038,0.9958
D:\ML Project Freshness Detection\AgriFreshNET Freshness and Shelf-Life Image Datase\AgriFreshNET Freshness and Shelf-Life Image Datase\Processed Data\Processed Data\Rotten Papaya(7-12)\aug_143_IMG_20260130_163549_1.jpg,Papaya,2,Rotten,Rotten,0.7811,0.092,0.1269,0.7811,Rotten,0.9968,0.0005,0.0028,0.9968,Rotten,0.9934,0.0003,0.0063,0.9934,Rotten,0.9819,0.0084,0.0097,0.9819,Rotten,0.9984,0.0001,0.0016,0.9984
D:\ML Project Freshness Detection\AgriFreshNET Freshness and Shelf-Life Image Datase\AgriFreshNET Freshness and Shelf-Life Image Datase\Processed Data\Processed Data\Semi_Fresh eggplant(4-8)\aug_36_eggplant(5).jpeg,Eggplant,1,Semi-Fresh,Semi-Fresh,0.392,0.2516,0.392,0.3564,Semi-Fresh,0.7475,0.0839,0.7475,0.1686,Semi-Fresh,0.8269,0.1468,0.8269,0.0262,Semi-Fresh,0.6898,0.2915,0.6898,0.0187,Semi-Fresh,0.7023,0.2747,0.7023,0.023
D:\ML Project Freshness Detection\AgriFreshNET Freshness and Shelf-Life Image Datase\AgriFreshNET Freshness and Shelf-Life Image Datase\Processed Data\Processed Data\Fresh Cucumber(1-6)\aug_356_IMG_20260116_030059.jpg,Cucumber,0,Fresh,Fresh,0.9245,0.9245,0.0744,0.0011,Fresh,0.9576,0.9576,0.0318,0.0106,Fresh,0.983,0.983,0.0166,0.0005,Fresh,0.9063,0.9063,0.0911,0.0026,Fresh,0.9705,0.9705,0.0287,0.0008
D:\ML Project Freshness Detection\AgriFreshNET Freshness and Shelf-Life Image Datase\AgriFreshNET Freshness and Shelf-Life Image Datase\Processed Data\Processed Data\Rotten banana(7-13)\aug_205_IMG_20251113_123330916_HDR_AE.jpg,Banana,2,Rotten,Rotten,0.9996,0.0,0.0004,0.9996,Rotten,0.9994,0.0001,0.0005,0.9994,Rotten,0.9743,0.0025,0.0231,0.9743,Rotten,0.9995,0.0001,0.0004,0.9995,Rotten,0.9997,0.0,0.0003,0.9997
D:\ML Project Freshness Detection\AgriFreshNET Freshness and Shelf-Life Image Datase\AgriFreshNET Freshness and Shelf-Life Image Datase\Processed Data\Processed Data\Fresh Banana(1-4)\aug_342_IMG_20251103_192001476_HDR.jpg,Banana,0,Fresh,Fresh,0.6698,0.6698,0.3256,0.0046,Fresh,0.9114,0.9114,0.0837,0.0049,Fresh,0.9378,0.9378,0.0594,0.0028,Fresh,0.9956,0.9956,0.0023,0.0021,Fresh,0.9934,0.9934,0.0064,0.0002
D:\ML Project Freshness Detection\AgriFreshNET Freshness and Shelf-Life Image Datase\AgriFreshNET Freshness and Shelf-Life Image Datase\Processed Data\Processed Data\Semi fresh banana(4-7)\IMG_20251105_102216514_HDR_AE.jpg,Banana,1,Semi-Fresh,Fresh,0.6908,0.6908,0.266,0.0433,Semi-Fresh,0.5106,0.4877,0.5106,0.0017,Semi-Fresh,0.5457,0.4412,0.5457,0.0131,Semi-Fresh,0.4964,0.4822,0.4964,0.0213,Fresh,0.7438,0.7438,0.2542,0.0021
D:\ML Project Freshness Detection\AgriFreshNET Freshness and Shelf-Life Image Datase\AgriFreshNET Freshness and Shelf-Life Image Datase\Processed Data\Processed Data\Rotten eggplant(8-15)\aug_314_IMG_20251106_160433969_HDR_AE.jpg,Eggplant,2,Rotten,Rotten,0.9664,0.0184,0.0152,0.9664,Rotten,0.9661,0.0089,0.025,0.9661,Rotten,0.7397,0.0821,0.1782,0.7397,Rotten,0.9763,0.0113,0.0125,0.9763,Rotten,0.9724,0.0005,0.0271,0.9724
D:\ML Project Freshness Detection\AgriFreshNET Freshness and Shelf-Life Image Datase\AgriFreshNET Freshness and Shelf-Life Image Datase\Processed Data\Processed Data\Fresh Cucumber(1-6)\aug_88_IMG_20260204_152017.jpg,Cucumber,0,Fresh,Fresh,0.9913,0.9913,0.0086,0.0001,Fresh,0.9377,0.9377,0.0614,0.0009,Fresh,0.984,0.984,0.0119,0.004,Fresh,0.9972,0.9972,0.0023,0.0005,Fresh,0.9948,0.9948,0.0039,0.0013
D:\ML Project Freshness Detection\AgriFreshNET Freshness and Shelf-Life Image Datase\AgriFreshNET Freshness and Shelf-Life Image Datase\Processed Data\Processed Data\Semi_Fresh eggplant(4-8)\IMG_20251123_110345252_HDR_AE.jpg,Eggplant,1,Semi-Fresh,Semi-Fresh,0.92,0.0793,0.92,0.0008,Semi-Fresh,0.9405,0.0552,0.9405,0.0043,Semi-Fresh,0.9821,0.0133,0.9821,0.0046,Semi-Fresh,0.8991,0.0945,0.8991,0.0065,Semi-Fresh,0.9957,0.0039,0.9957,0.0004
D:\ML Project Freshness Detection\AgriFreshNET Freshness and Shelf-Life Image Datase\AgriFreshNET Freshness and Shelf-Life Image Datase\Processed Data\Processed Data\Semi fresh Orange(9-20)\IMG_20251119_200454786_HDR.jpg,Orange,1,Semi-Fresh,Semi-Fresh,0.9019,0.098,0.9019,0.0001,Semi-Fresh,0.9989,0.001,0.9989,0.0001,Semi-Fresh,0.9924,0.0076,0.9924,0.0001,Semi-Fresh,0.9983,0.0014,0.9983,0.0003,Semi-Fresh,0.9991,0.0007,0.9991,0.0002
D:\ML Project Freshness Detection\AgriFreshNET Freshness and Shelf-Life Image Datase\AgriFreshNET Freshness and Shelf-Life Image Datase\Processed Data\Processed Data\Rotten Pineapple(25-35)\IMG-20251227-WA0039.jpg,Pineapple,2,Rotten,Rotten,0.9482,0.0074,0.0444,0.9482,Rotten,0.9982,0.0013,0.0006,0.9982,Rotten,0.9978,0.0003,0.0019,0.9978,Rotten,0.9937,0.0012,0.005,0.9937,Rotten,0.9987,0.0002,0.0011,0.9987
D:\ML Project Freshness Detection\AgriFreshNET Freshness and Shelf-Life Image Datase\AgriFreshNET Freshness and Shelf-Life Image Datase\Processed Data\Processed Data\Semi fresh Tomato(10-24)\IMG_20251113_123912794_HDR_AE.jpg,Tomato,1,Semi-Fresh,Fresh,0.5663,0.5663,0.4243,0.0094,Semi-Fresh,0.8244,0.0544,0.8244,0.1212,Fresh,0.7853,0.7853,0.2026,0.0121,Semi-Fresh,0.9815,0.013,0.9815,0.0055,Semi-Fresh,0.9345,0.0589,0.9345,0.0066
D:\ML Project Freshness Detection\AgriFreshNET Freshness and Shelf-Life Image Datase\AgriFreshNET Freshness and Shelf-Life Image Datase\Processed Data\Processed Data\Fresh pineapple(1-15)\aug_278_IMG-20251128-WA0022.jpg,Pineapple,0,Fresh,Fresh,0.9419,0.9419,0.041,0.0171,Fresh,0.9929,0.9929,0.0054,0.0017,Fresh,0.9914,0.9914,0.0045,0.0041,Fresh,0.9954,0.9954,0.0037,0.0008,Fresh,0.9943,0.9943,0.0051,0.0007
D:\ML Project Freshness Detection\AgriFreshNET Freshness and Shelf-Life Image Datase\AgriFreshNET Freshness and Shelf-Life Image Datase\Processed Data\Processed Data\Semi fresh Tomato(10-24)\IMG_20251113_124047434_HDR_AE.jpg,Tomato,1,Semi-Fresh,Semi-Fresh,0.7908,0.2027,0.7908,0.0064,Semi-Fresh,0.859,0.1373,0.859,0.0038,Semi-Fresh,0.9166,0.083,0.9166,0.0004,Semi-Fresh,0.7844,0.2087,0.7844,0.0069,Semi-Fresh,0.9957,0.0036,0.9957,0.0007
D:\ML Project Freshness Detection\AgriFreshNET Freshness and Shelf-Life Image Datase\AgriFreshNET Freshness and Shelf-Life Image Datase\Processed Data\Processed Data\Fresh Papaya(1-4)\aug_376_IMG_20260116_030536.jpg,Papaya,0,Fresh,Fresh,0.9186,0.9186,0.0796,0.0018,Fresh,0.9596,0.9596,0.0403,0.0,Fresh,0.6487,0.6487,0.3497,0.0016,Fresh,0.8259,0.8259,0.1731,0.001,Fresh,0.9801,0.9801,0.0196,0.0003
D:\ML Project Freshness Detection\AgriFreshNET Freshness and Shelf-Life Image Datase\AgriFreshNET Freshness and Shelf-Life Image Datase\Processed Data\Processed Data\Semi fresh banana(4-7)\IMG_20251107_113643875_HDR_AE.jpg,Banana,1,Semi-Fresh,Semi-Fresh,0.8544,0.0341,0.8544,0.1114,Semi-Fresh,0.9839,0.0047,0.9839,0.0114,Semi-Fresh,0.9906,0.0029,0.9906,0.0065,Semi-Fresh,0.9949,0.0018,0.9949,0.0033,Semi-Fresh,0.9993,0.0005,0.9993,0.0002
D:\ML Project Freshness Detection\AgriFreshNET Freshness and Shelf-Life Image Datase\AgriFreshNET Freshness and Shelf-Life Image Datase\Processed Data\Processed Data\Fresh Bittermelon(1-3)\aug_272_IMG_20251117_155908.jpg,Bittermelon,0,Fresh,Fresh,0.9216,0.9216,0.0741,0.0042,Fresh,0.9834,0.9834,0.0157,0.0009,Fresh,0.9998,0.9998,0.0001,0.0,Fresh,0.9963,0.9963,0.0035,0.0002,Fresh,0.9954,0.9954,0.0023,0.0023
D:\ML Project Freshness Detection\AgriFreshNET Freshness and Shelf-Life Image Datase\AgriFreshNET Freshness and Shelf-Life Image Datase\Processed Data\Processed Data\Semi Fresh Cucumber(6-12)\aug_323_IMG_20260212_155627.jpg,Cucumber,1,Semi-Fresh,Semi-Fresh,0.9239,0.0744,0.9239,0.0017,Semi-Fresh,0.9944,0.0033,0.9944,0.0023,Semi-Fresh,0.997,0.0022,0.997,0.0008,Semi-Fresh,0.9979,0.0005,0.9979,0.0016,Semi-Fresh,0.9995,0.0004,0.9995,0.0001
D:\ML Project Freshness Detection\AgriFreshNET Freshness and Shelf-Life Image Datase\AgriFreshNET Freshness and Shelf-Life Image Datase\Processed Data\Processed Data\Rotten Papaya(7-12)\aug_181_IMG_20260202_032512.jpg,Papaya,2,Rotten,Rotten,0.9923,0.0001,0.0075,0.9923,Rotten,0.9981,0.0001,0.0018,0.9981,Rotten,0.9995,0.0,0.0004,0.9995,Rotten,0.9986,0.0004,0.0011,0.9986,Rotten,0.9995,0.0001,0.0004,0.9995
D:\ML Project Freshness Detection\AgriFreshNET Freshness and Shelf-Life Image Datase\AgriFreshNET Freshness and Shelf-Life Image Datase\Processed Data\Processed Data\Semi fresh banana(4-7)\aug_298_IMG_20251107_113625103_HDR_AE.jpg,Banana,1,Semi-Fresh,Semi-Fresh,0.8755,0.0509,0.8755,0.0737,Semi-Fresh,0.6972,0.0368,0.6972,0.2661,Semi-Fresh,0.8729,0.0048,0.8729,0.1223,Semi-Fresh,0.9714,0.0046,0.9714,0.024,Semi-Fresh,0.987,0.0052,0.987,0.0078
D:\ML Project Freshness Detection\AgriFreshNET Freshness and Shelf-Life Image Datase\AgriFreshNET Freshness and Shelf-Life Image Datase\Processed Data\Processed Data\Semi Fresh Cucumber(6-12)\aug_142_IMG_20260212_155359.jpg,Cucumber,1,Semi-Fresh,Semi-Fresh,0.9465,0.0533,0.9465,0.0001,Semi-Fresh,0.9948,0.0019,0.9948,0.0034,Semi-Fresh,0.9998,0.0002,0.9998,0.0,Semi-Fresh,0.9998,0.0001,0.9998,0.0001,Semi-Fresh,0.998,0.0014,0.998,0.0006
D:\ML Project Freshness Detection\AgriFreshNET Freshness and Shelf-Life Image Datase\AgriFreshNET Freshness and Shelf-Life Image Datase\Processed Data\Processed Data\Fresh Bittermelon(1-3)\IMG_20260114_005309.jpg,Bittermelon,0,Fresh,Fresh,0.9966,0.9966,0.0034,0.0,Fresh,0.9964,0.9964,0.0034,0.0002,Fresh,0.9999,0.9999,0.0001,0.0,Fresh,0.9987,0.9987,0.001,0.0002,Fresh,0.999,0.999,0.0005,0.0006
D:\ML Project Freshness Detection\AgriFreshNET Freshness and Shelf-Life Image Datase\AgriFreshNET Freshness and Shelf-Life Image Datase\Processed Data\Processed Data\Rotten Pineapple(25-35)\aug_296_IMG-20260128-WA0069.jpg,Pineapple,2,Rotten,Rotten,0.9986,0.0001,0.0013,0.9986,Rotten,0.9999,0.0,0.0,0.9999,Rotten,0.9999,0.0001,0.0001,0.9999,Rotten,0.9996,0.0003,0.0001,0.9996,Rotten,0.9998,0.0001,0.0001,0.9998
D:\ML Project Freshness Detection\AgriFreshNET Freshness and Shelf-Life Image Datase\AgriFreshNET Freshness and Shelf-Life Image Datase\Processed Data\Processed Data\Fresh Cucumber(1-6)\aug_302_IMG_20260114_010402.jpg,Cucumber,0,Fresh,Fresh,0.9773,0.9773,0.0216,0.001,Fresh,0.9811,0.9811,0.017,0.0019,Fresh,0.9946,0.9946,0.0038,0.0016,Fresh,0.9788,0.9788,0.0194,0.0018,Fresh,0.9959,0.9959,0.0034,0.0007
D:\ML Project Freshness Detection\AgriFreshNET Freshness and Shelf-Life Image Datase\AgriFreshNET Freshness and Shelf-Life Image Datase\Processed Data\Processed Data\Rotten Papaya(7-12)\IMG_20260202_032500.jpg,Papaya,2,Rotten,Rotten,0.9998,0.0,0.0002,0.9998,Rotten,0.9994,0.0001,0.0005,0.9994,Rotten,1.0,0.0,0.0,1.0,Rotten,0.9991,0.0003,0.0005,0.9991,Rotten,0.9999,0.0,0.0001,0.9999
D:\ML Project Freshness Detection\AgriFreshNET Freshness and Shelf-Life Image Datase\AgriFreshNET Freshness and Shelf-Life Image Datase\Processed Data\Processed Data\Rotten Bittermelon(5-8)\aug_211_IMG_20251202_020421.jpg,Bittermelon,2,Rotten,Rotten,0.9827,0.0004,0.0169,0.9827,Rotten,0.9914,0.0012,0.0074,0.9914,Rotten,0.9975,0.0017,0.0009,0.9975,Rotten,0.9974,0.0008,0.0018,0.9974,Rotten,0.9984,0.0001,0.0015,0.9984
D:\ML Project Freshness Detection\AgriFreshNET Freshness and Shelf-Life Image Datase\AgriFreshNET Freshness and Shelf-Life Image Datase\Processed Data\Processed Data\Semi fresh Pineapple (15-25)\IMG_20251122_211235094_HDR.jpg,Pineapple,1,Semi-Fresh,Semi-Fresh,0.4839,0.3667,0.4839,0.1494,Semi-Fresh,0.652,0.2218,0.652,0.1262,Semi-Fresh,0.9172,0.0274,0.9172,0.0553,Semi-Fresh,0.7232,0.2437,0.7232,0.0331,Semi-Fresh,0.9492,0.0044,0.9492,0.0464
D:\ML Project Freshness Detection\AgriFreshNET Freshness and Shelf-Life Image Datase\AgriFreshNET Freshness and Shelf-Life Image Datase\Processed Data\Processed Data\Rotten Papaya(7-12)\IMG_20260209_011157.jpg,Papaya,2,Rotten,Rotten,0.9997,0.0,0.0002,0.9997,Rotten,1.0,0.0,0.0,1.0,Rotten,1.0,0.0,0.0,1.0,Rotten,0.9993,0.0005,0.0002,0.9993,Rotten,0.9998,0.0001,0.0002,0.9998
D:\ML Project Freshness Detection\AgriFreshNET Freshness and Shelf-Life Image Datase\AgriFreshNET Freshness and Shelf-Life Image Datase\Processed Data\Processed Data\Fresh Cucumber(1-6)\aug_320_IMG_20260116_030124.jpg,Cucumber,0,Fresh,Fresh,0.9976,0.9976,0.0024,0.0,Fresh,0.9994,0.9994,0.0005,0.0001,Fresh,0.9999,0.9999,0.0001,0.0,Fresh,0.9952,0.9952,0.0041,0.0007,Fresh,0.9983,0.9983,0.0014,0.0004
D:\ML Project Freshness Detection\AgriFreshNET Freshness and Shelf-Life Image Datase\AgriFreshNET Freshness and Shelf-Life Image Datase\Processed Data\Processed Data\Semi Fresh Bittermelon ( 3-5)\aug_75_IMG_20260120_004752.jpg,Bittermelon,1,Semi-Fresh,Semi-Fresh,0.8934,0.0891,0.8934,0.0175,Semi-Fresh,0.9122,0.0274,0.9122,0.0605,Semi-Fresh,0.9993,0.0007,0.9993,0.0001,Semi-Fresh,0.9989,0.0005,0.9989,0.0006,Semi-Fresh,0.9926,0.0042,0.9926,0.0032
D:\ML Project Freshness Detection\AgriFreshNET Freshness and Shelf-Life Image Datase\AgriFreshNET Freshness and Shelf-Life Image Datase\Processed Data\Processed Data\Semi fresh Orange(9-20)\aug_99_IMG-20251128-WA0006.jpg,Orange,1,Semi-Fresh,Semi-Fresh,0.6533,0.0732,0.6533,0.2734,Semi-Fresh,0.5373,0.003,0.5373,0.4598,Semi-Fresh,0.9768,0.0084,0.9768,0.0149,Semi-Fresh,0.9579,0.0017,0.9579,0.0405,Semi-Fresh,0.9953,0.0036,0.9953,0.0011
D:\ML Project Freshness Detection\AgriFreshNET Freshness and Shelf-Life Image Datase\AgriFreshNET Freshness and Shelf-Life Image Datase\Processed Data\Processed Data\Fresh Cucumber(1-6)\aug_21_IMG_20251103_090442.jpg,Cucumber,0,Fresh,Fresh,0.7131,0.7131,0.1379,0.149,Fresh,0.6764,0.6764,0.2987,0.0249,Fresh,0.937,0.937,0.0434,0.0196,Fresh,0.8144,0.8144,0.1368,0.0489,Fresh,0.9824,0.9824,0.0143,0.0032
D:\ML Project Freshness Detection\AgriFreshNET Freshness and Shelf-Life Image Datase\AgriFreshNET Freshness and Shelf-Life Image Datase\Processed Data\Processed Data\Rotten Papaya(7-12)\aug_132_IMG_20260130_163417.jpg,Papaya,2,Rotten,Rotten,0.9082,0.0448,0.047,0.9082,Rotten,0.9978,0.0003,0.0019,0.9978,Rotten,0.9838,0.0001,0.0161,0.9838,Rotten,0.9944,0.0028,0.0028,0.9944,Rotten,0.9986,0.0001,0.0013,0.9986
D:\ML Project Freshness Detection\AgriFreshNET Freshness and Shelf-Life Image Datase\AgriFreshNET Freshness and Shelf-Life Image Datase\Processed Data\Processed Data\Rotten Pineapple(25-35)\aug_281_IMG-20251215-WA0053.jpg,Pineapple,2,Rotten,Rotten,0.8712,0.0785,0.0504,0.8712,Rotten,0.96,0.0324,0.0076,0.96,Rotten,0.9941,0.0019,0.004,0.9941,Rotten,0.999,0.0006,0.0004,0.999,Rotten,0.9987,0.0007,0.0005,0.9987
D:\ML Project Freshness Detection\AgriFreshNET Freshness and Shelf-Life Image Datase\AgriFreshNET Freshness and Shelf-Life Image Datase\Processed Data\Processed Data\Rotten Bittermelon(5-8)\aug_91_IMG_20251123_013307.jpg,Bittermelon,2,Rotten,Semi-Fresh,0.5772,0.0031,0.5772,0.4197,Rotten,0.9634,0.0001,0.0365,0.9634,Rotten,0.7367,0.0002,0.2632,0.7367,Rotten,0.9957,0.0007,0.0036,0.9957,Rotten,0.9919,0.0002,0.0079,0.9919
D:\ML Project Freshness Detection\AgriFreshNET Freshness and Shelf-Life Image Datase\AgriFreshNET Freshness and Shelf-Life Image Datase\Processed Data\Processed Data\Semi Fresh Papaya(4-7)\aug_417_IMG_20251124_022602.jpg,Papaya,1,Semi-Fresh,Semi-Fresh,0.7955,0.2043,0.7955,0.0002,Semi-Fresh,0.9928,0.0071,0.9928,0.0001,Semi-Fresh,0.9918,0.0079,0.9918,0.0003,Semi-Fresh,0.9957,0.0037,0.9957,0.0006,Semi-Fresh,0.9977,0.0015,0.9977,0.0008
D:\ML Project Freshness Detection\AgriFreshNET Freshness and Shelf-Life Image Datase\AgriFreshNET Freshness and Shelf-Life Image Datase\Processed Data\Processed Data\Fresh eggplant(1-4)\aug_307_eggplant(5).jpeg,Eggplant,0,Fresh,Fresh,0.6236,0.6236,0.2988,0.0776,Semi-Fresh,0.5322,0.3084,0.5322,0.1594,Fresh,0.8968,0.8968,0.0782,0.025,Fresh,0.9029,0.9029,0.0737,0.0233,Semi-Fresh,0.5231,0.4533,0.5231,0.0236
D:\ML Project Freshness Detection\AgriFreshNET Freshness and Shelf-Life Image Datase\AgriFreshNET Freshness and Shelf-Life Image Datase\Processed Data\Processed Data\Fresh Cucumber(1-6)\aug_426_IMG_20260204_152046.jpg,Cucumber,0,Fresh,Fresh,0.9903,0.9903,0.0094,0.0003,Fresh,0.9592,0.9592,0.0399,0.0009,Fresh,0.9433,0.9433,0.0549,0.0018,Fresh,0.9937,0.9937,0.0057,0.0006,Fresh,0.9957,0.9957,0.0037,0.0007
D:\ML Project Freshness Detection\AgriFreshNET Freshness and Shelf-Life Image Datase\AgriFreshNET Freshness and Shelf-Life Image Datase\Processed Data\Processed Data\Rotten Bittermelon(5-8)\IMG_20260122_003510.jpg,Bittermelon,2,Rotten,Rotten,0.99,0.0001,0.01,0.99,Rotten,0.9977,0.0001,0.0023,0.9977,Rotten,0.994,0.0001,0.0059,0.994,Rotten,0.9974,0.0003,0.0022,0.9974,Rotten,0.999,0.0001,0.0009,0.999
D:\ML Project Freshness Detection\AgriFreshNET Freshness and Shelf-Life Image Datase\AgriFreshNET Freshness and Shelf-Life Image Datase\Processed Data\Processed Data\Rotten Tomato(24-35)\aug_7_IMG_20251203_101108191_HDR.jpg,Tomato,2,Rotten,Rotten,0.9942,0.0002,0.0056,0.9942,Rotten,0.997,0.0001,0.003,0.997,Rotten,0.9957,0.0001,0.0042,0.9957,Rotten,0.9942,0.0011,0.0047,0.9942,Rotten,0.9992,0.0002,0.0007,0.9992
D:\ML Project Freshness Detection\AgriFreshNET Freshness and Shelf-Life Image Datase\AgriFreshNET Freshness and Shelf-Life Image Datase\Processed Data\Processed Data\Fresh Papaya(1-4)\aug_347_IMG_20251029_095751.jpg,Papaya,0,Fresh,Fresh,0.9806,0.9806,0.0192,0.0002,Fresh,0.8511,0.8511,0.1472,0.0017,Fresh,0.9986,0.9986,0.0013,0.0001,Fresh,0.989,0.989,0.0101,0.0008,Fresh,0.8685,0.8685,0.1305,0.001
D:\ML Project Freshness Detection\AgriFreshNET Freshness and Shelf-Life Image Datase\AgriFreshNET Freshness and Shelf-Life Image Datase\Processed Data\Processed Data\Rotten Pineapple(25-35)\aug_133_IMG-20251230-WA0017.jpg,Pineapple,2,Rotten,Rotten,0.9798,0.0039,0.0163,0.9798,Rotten,0.9997,0.0003,0.0001,0.9997,Rotten,0.9987,0.0002,0.0011,0.9987,Rotten,0.9997,0.0001,0.0002,0.9997,Rotten,0.9989,0.0007,0.0004,0.9989
D:\ML Project Freshness Detection\AgriFreshNET Freshness and Shelf-Life Image Datase\AgriFreshNET Freshness and Shelf-Life Image Datase\Processed Data\Processed Data\Semi fresh Tomato(10-24)\IMG_20251114_214038627_HDR.jpg,Tomato,1,Semi-Fresh,Semi-Fresh,0.8492,0.1441,0.8492,0.0067,Semi-Fresh,0.8828,0.0373,0.8828,0.0799,Fresh,0.4955,0.4955,0.4531,0.0513,Semi-Fresh,0.7325,0.2139,0.7325,0.0536,Semi-Fresh,0.9207,0.0783,0.9207,0.001
D:\ML Project Freshness Detection\AgriFreshNET Freshness and Shelf-Life Image Datase\AgriFreshNET Freshness and Shelf-Life Image Datase\Processed Data\Processed Data\Semi Fresh Papaya(4-7)\aug_493_IMG_20260214_025301.jpg,Papaya,1,Semi-Fresh,Semi-Fresh,0.8149,0.1819,0.8149,0.0031,Semi-Fresh,0.8497,0.1368,0.8497,0.0134,Semi-Fresh,0.9357,0.02,0.9357,0.0444,Semi-Fresh,0.9945,0.0024,0.9945,0.0031,Semi-Fresh,0.998,0.0015,0.998,0.0005
D:\ML Project Freshness Detection\AgriFreshNET Freshness and Shelf-Life Image Datase\AgriFreshNET Freshness and Shelf-Life Image Datase\Processed Data\Processed Data\Rotten eggplant(8-15)\IMG_20251201_133322354_HDR.jpg,Eggplant,2,Rotten,Rotten,0.9225,0.0053,0.0721,0.9225,Rotten,0.8056,0.028,0.1665,0.8056,Rotten,0.9368,0.0063,0.0569,0.9368,Rotten,0.9756,0.0059,0.0185,0.9756,Rotten,0.9298,0.0038,0.0664,0.9298
D:\ML Project Freshness Detection\AgriFreshNET Freshness and Shelf-Life Image Datase\AgriFreshNET Freshness and Shelf-Life Image Datase\Processed Data\Processed Data\Semi Fresh Bittermelon ( 3-5)\IMG_20251121_081446.jpg,Bittermelon,1,Semi-Fresh,Semi-Fresh,0.6736,0.0475,0.6736,0.2788,Semi-Fresh,0.9569,0.0083,0.9569,0.0348,Semi-Fresh,0.9997,0.0,0.9997,0.0003,Semi-Fresh,0.8296,0.0124,0.8296,0.158,Semi-Fresh,0.9828,0.0013,0.9828,0.0158
D:\ML Project Freshness Detection\AgriFreshNET Freshness and Shelf-Life Image Datase\AgriFreshNET Freshness and Shelf-Life Image Datase\Processed Data\Processed Data\Fresh Banana(1-4)\IMG_20251121_144323831_HDR_AE.jpg,Banana,0,Fresh,Semi-Fresh,0.7273,0.2138,0.7273,0.0589,Fresh,0.749,0.749,0.2481,0.0029,Fresh,0.8863,0.8863,0.1132,0.0005,Fresh,0.9835,0.9835,0.0152,0.0012,Semi-Fresh,0.7075,0.291,0.7075,0.0016
D:\ML Project Freshness Detection\AgriFreshNET Freshness and Shelf-Life Image Datase\AgriFreshNET Freshness and Shelf-Life Image Datase\Processed Data\Processed Data\Semi fresh Pineapple (15-25)\aug_439_IMG-20251205-WA0015.jpg,Pineapple,1,Semi-Fresh,Semi-Fresh,0.9494,0.0492,0.9494,0.0014,Semi-Fresh,0.9735,0.0188,0.9735,0.0078,Semi-Fresh,0.9944,0.0055,0.9944,0.0001,Semi-Fresh,0.9992,0.0007,0.9992,0.0001,Semi-Fresh,0.9989,0.0008,0.9989,0.0002
D:\ML Project Freshness Detection\AgriFreshNET Freshness and Shelf-Life Image Datase\AgriFreshNET Freshness and Shelf-Life Image Datase\Processed Data\Processed Data\Semi fresh banana(4-7)\aug_237_IMG_20251124_191314063_HDR.jpg,Banana,1,Semi-Fresh,Semi-Fresh,0.8577,0.0796,0.8577,0.0627,Semi-Fresh,0.9825,0.0035,0.9825,0.014,Semi-Fresh,0.9801,0.0132,0.9801,0.0067,Semi-Fresh,0.9784,0.0112,0.9784,0.0104,Semi-Fresh,0.9742,0.0251,0.9742,0.0007
D:\ML Project Freshness Detection\AgriFreshNET Freshness and Shelf-Life Image Datase\AgriFreshNET Freshness and Shelf-Life Image Datase\Processed Data\Processed Data\Fresh Cucumber(1-6)\aug_340_IMG_20260114_010151.jpg,Cucumber,0,Fresh,Fresh,0.959,0.959,0.04,0.001,Fresh,0.9947,0.9947,0.0042,0.0011,Fresh,0.9953,0.9953,0.0038,0.0009,Fresh,0.9981,0.9981,0.0015,0.0004,Fresh,0.9972,0.9972,0.0025,0.0003
D:\ML Project Freshness Detection\AgriFreshNET Freshness and Shelf-Life Image Datase\AgriFreshNET Freshness and Shelf-Life Image Datase\Processed Data\Processed Data\Fresh Cucumber(1-6)\aug_41_IMG_20260116_030115.jpg,Cucumber,0,Fresh,Fresh,0.9676,0.9676,0.0323,0.0001,Fresh,0.9984,0.9984,0.0016,0.0,Fresh,0.9985,0.9985,0.0015,0.0,Fresh,0.964,0.964,0.0345,0.0014,Fresh,0.9932,0.9932,0.0061,0.0007
D:\ML Project Freshness Detection\AgriFreshNET Freshness and Shelf-Life Image Datase\AgriFreshNET Freshness and Shelf-Life Image Datase\Processed Data\Processed Data\Rotten Tomato(24-35)\aug_257_IMG_20260128_095252659_HDR_AE.jpg,Tomato,2,Rotten,Rotten,0.8434,0.003,0.1536,0.8434,Rotten,0.9043,0.0103,0.0854,0.9043,Rotten,0.8372,0.0108,0.152,0.8372,Rotten,0.9949,0.0004,0.0047,0.9949,Rotten,0.9896,0.0022,0.0082,0.9896
D:\ML Project Freshness Detection\AgriFreshNET Freshness and Shelf-Life Image Datase\AgriFreshNET Freshness and Shelf-Life Image Datase\Processed Data\Processed Data\Rotten banana(7-13)\IMG_20251125_210229106_HDR.jpg,Banana,2,Rotten,Semi-Fresh,0.8109,0.1447,0.8109,0.0444,Semi-Fresh,0.6386,0.0161,0.6386,0.3453,Semi-Fresh,0.5837,0.007,0.5837,0.4093,Rotten,0.8198,0.0088,0.1714,0.8198,Semi-Fresh,0.8085,0.0023,0.8085,0.1892
D:\ML Project Freshness Detection\AgriFreshNET Freshness and Shelf-Life Image Datase\AgriFreshNET Freshness and Shelf-Life Image Datase\Processed Data\Processed Data\Semi Fresh Cucumber(6-12)\IMG_20260212_155432.jpg,Cucumber,1,Semi-Fresh,Semi-Fresh,0.6259,0.3678,0.6259,0.0062,Semi-Fresh,0.9823,0.0143,0.9823,0.0035,Semi-Fresh,0.9979,0.0018,0.9979,0.0004,Semi-Fresh,0.9992,0.0006,0.9992,0.0002,Semi-Fresh,0.9904,0.0083,0.9904,0.0013
D:\ML Project Freshness Detection\AgriFreshNET Freshness and Shelf-Life Image Datase\AgriFreshNET Freshness and Shelf-Life Image Datase\Processed Data\Processed Data\Semi fresh Pineapple (15-25)\aug_220_IMG-20251205-WA0016.jpg,Pineapple,1,Semi-Fresh,Semi-Fresh,0.9216,0.0767,0.9216,0.0017,Semi-Fresh,0.9856,0.01,0.9856,0.0044,Semi-Fresh,0.9887,0.0111,0.9887,0.0002,Semi-Fresh,0.9992,0.0006,0.9992,0.0001,Semi-Fresh,0.9986,0.0013,0.9986,0.0001
D:\ML Project Freshness Detection\AgriFreshNET Freshness and Shelf-Life Image Datase\AgriFreshNET Freshness and Shelf-Life Image Datase\Processed Data\Processed Data\Rotten Papaya(7-12)\IMG_20260209_011056.jpg,Papaya,2,Rotten,Rotten,0.9967,0.0002,0.0031,0.9967,Rotten,0.9993,0.0001,0.0005,0.9993,Rotten,0.9953,0.0011,0.0036,0.9953,Rotten,0.9993,0.0004,0.0003,0.9993,Rotten,0.999,0.0004,0.0006,0.999
D:\ML Project Freshness Detection\AgriFreshNET Freshness and Shelf-Life Image Datase\AgriFreshNET Freshness and Shelf-Life Image Datase\Processed Data\Processed Data\Fresh Banana(1-4)\aug_398_IMG_20251120_203314318_HDR.jpg,Banana,0,Fresh,Fresh,0.7388,0.7388,0.2499,0.0113,Fresh,0.7739,0.7739,0.2252,0.0009,Fresh,0.9975,0.9975,0.0025,0.0,Fresh,0.9939,0.9939,0.0056,0.0005,Fresh,0.9966,0.9966,0.0031,0.0003
D:\ML Project Freshness Detection\AgriFreshNET Freshness and Shelf-Life Image Datase\AgriFreshNET Freshness and Shelf-Life Image Datase\Processed Data\Processed Data\Rotten banana(7-13)\aug_260_IMG_20251127_190735428_HDR.jpg,Banana,2,Rotten,Rotten,0.7985,0.0677,0.1338,0.7985,Rotten,0.9935,0.0002,0.0063,0.9935,Rotten,0.9934,0.0002,0.0064,0.9934,Rotten,0.999,0.0003,0.0007,0.999,Rotten,0.9988,0.0,0.0012,0.9988
D:\ML Project Freshness Detection\AgriFreshNET Freshness and Shelf-Life Image Datase\AgriFreshNET Freshness and Shelf-Life Image Datase\Processed Data\Processed Data\Fresh Banana(1-4)\aug_386_IMG_20251104_131644355_HDR_AE.jpg,Banana,0,Fresh,Fresh,0.6381,0.6381,0.3541,0.0079,Fresh,0.9522,0.9522,0.0476,0.0002,Semi-Fresh,0.7186,0.2785,0.7186,0.0029,Fresh,0.9814,0.9814,0.0163,0.0023,Fresh,0.986,0.986,0.0137,0.0002
D:\ML Project Freshness Detection\AgriFreshNET Freshness and Shelf-Life Image Datase\AgriFreshNET Freshness and Shelf-Life Image Datase\Processed Data\Processed Data\Fresh eggplant(1-4)\aug_98_IMG_20251118_164847485_HDR.jpg,Eggplant,0,Fresh,Fresh,0.6128,0.6128,0.368,0.0192,Fresh,0.8791,0.8791,0.1057,0.0152,Fresh,0.9808,0.9808,0.0185,0.0007,Fresh,0.9816,0.9816,0.018,0.0004,Fresh,0.7253,0.7253,0.2679,0.0068
D:\ML Project Freshness Detection\AgriFreshNET Freshness and Shelf-Life Image Datase\AgriFreshNET Freshness and Shelf-Life Image Datase\Processed Data\Processed Data\Rotten Pineapple(25-35)\IMG-20251215-WA0042.jpg,Pineapple,2,Rotten,Rotten,0.9612,0.0017,0.0371,0.9612,Rotten,0.9953,0.0016,0.0031,0.9953,Rotten,0.9413,0.001,0.0578,0.9413,Rotten,0.9946,0.0022,0.0033,0.9946,Rotten,0.9993,0.0003,0.0004,0.9993
D:\ML Project Freshness Detection\AgriFreshNET Freshness and Shelf-Life Image Datase\AgriFreshNET Freshness and Shelf-Life Image Datase\Processed Data\Processed Data\Semi fresh Orange(9-20)\aug_8_IMG_20251130_180357481_HDR.jpg,Orange,1,Semi-Fresh,Semi-Fresh,0.9824,0.0153,0.9824,0.0023,Semi-Fresh,0.9958,0.0004,0.9958,0.0038,Semi-Fresh,0.9991,0.0002,0.9991,0.0007,Semi-Fresh,0.9978,0.0003,0.9978,0.0019,Semi-Fresh,0.9989,0.0007,0.9989,0.0004
D:\ML Project Freshness Detection\AgriFreshNET Freshness and Shelf-Life Image Datase\AgriFreshNET Freshness and Shelf-Life Image Datase\Processed Data\Processed Data\Fresh Tomato(1-10)\IMG_20251118_165935671_HDR.jpg,Tomato,0,Fresh,Fresh,0.8057,0.8057,0.1877,0.0066,Fresh,0.9954,0.9954,0.0042,0.0004,Fresh,0.9885,0.9885,0.0111,0.0004,Fresh,0.9988,0.9988,0.0011,0.0001,Fresh,0.9988,0.9988,0.0009,0.0002
D:\ML Project Freshness Detection\AgriFreshNET Freshness and Shelf-Life Image Datase\AgriFreshNET Freshness and Shelf-Life Image Datase\Processed Data\Processed Data\Semi fresh Pineapple (15-25)\aug_430_IMG-20251207-WA0034.jpg,Pineapple,1,Semi-Fresh,Semi-Fresh,0.9131,0.0542,0.9131,0.0327,Semi-Fresh,0.9551,0.0372,0.9551,0.0078,Semi-Fresh,0.9842,0.0136,0.9842,0.0022,Semi-Fresh,0.9995,0.0004,0.9995,0.0002,Semi-Fresh,0.9984,0.0015,0.9984,0.0001
D:\ML Project Freshness Detection\AgriFreshNET Freshness and Shelf-Life Image Datase\AgriFreshNET Freshness and Shelf-Life Image Datase\Processed Data\Processed Data\Semi fresh banana(4-7)\aug_8_IMG_20251122_112735757_HDR_AE.jpg,Banana,1,Semi-Fresh,Semi-Fresh,0.7703,0.1637,0.7703,0.066,Semi-Fresh,0.7457,0.2518,0.7457,0.0025,Semi-Fresh,0.9791,0.0206,0.9791,0.0003,Semi-Fresh,0.9705,0.0146,0.9705,0.0149,Semi-Fresh,0.8824,0.1174,0.8824,0.0002
D:\ML Project Freshness Detection\AgriFreshNET Freshness and Shelf-Life Image Datase\AgriFreshNET Freshness and Shelf-Life Image Datase\Processed Data\Processed Data\Semi fresh Pineapple (15-25)\aug_111_IMG_20251124_193038659_HDR.jpg,Pineapple,1,Semi-Fresh,Semi-Fresh,0.9055,0.0122,0.9055,0.0822,Semi-Fresh,0.9598,0.0062,0.9598,0.034,Semi-Fresh,0.9333,0.0012,0.9333,0.0655,Semi-Fresh,0.991,0.0009,0.991,0.0081,Semi-Fresh,0.9602,0.0006,0.9602,0.0392
D:\ML Project Freshness Detection\AgriFreshNET Freshness and Shelf-Life Image Datase\AgriFreshNET Freshness and Shelf-Life Image Datase\Processed Data\Processed Data\Fresh Bittermelon(1-3)\aug_245_IMG_20251121_081550.jpg,Bittermelon,0,Fresh,Fresh,0.7728,0.7728,0.2188,0.0084,Fresh,0.7965,0.7965,0.1877,0.0157,Fresh,0.8754,0.8754,0.1228,0.0018,Fresh,0.9296,0.9296,0.0664,0.004,Fresh,0.9982,0.9982,0.0015,0.0003
D:\ML Project Freshness Detection\AgriFreshNET Freshness and Shelf-Life Image Datase\AgriFreshNET Freshness and Shelf-Life Image Datase\Processed Data\Processed Data\Rotten banana(7-13)\aug_85_IMG_20251112_112828361_HDR_AE.jpg,Banana,2,Rotten,Rotten,0.9739,0.0082,0.0179,0.9739,Rotten,0.9909,0.0014,0.0076,0.9909,Rotten,0.9926,0.003,0.0044,0.9926,Rotten,0.9907,0.0029,0.0064,0.9907,Rotten,0.999,0.0002,0.0008,0.999
D:\ML Project Freshness Detection\AgriFreshNET Freshness and Shelf-Life Image Datase\AgriFreshNET Freshness and Shelf-Life Image Datase\Processed Data\Processed Data\Fresh Banana(1-4)\IMG_20251103_192434127_HDR.jpg,Banana,0,Fresh,Fresh,0.9058,0.9058,0.0929,0.0013,Fresh,0.9168,0.9168,0.0823,0.0009,Fresh,0.9667,0.9667,0.0316,0.0018,Fresh,0.9965,0.9965,0.003,0.0005,Fresh,0.9897,0.9897,0.0102,0.0002
D:\ML Project Freshness Detection\AgriFreshNET Freshness and Shelf-Life Image Datase\AgriFreshNET Freshness and Shelf-Life Image Datase\Processed Data\Processed Data\Fresh Bittermelon(1-3)\aug_219_IMG_20260114_010532.jpg,Bittermelon,0,Fresh,Fresh,0.9015,0.9015,0.0893,0.0092,Fresh,0.9977,0.9977,0.0021,0.0002,Fresh,0.9998,0.9998,0.0001,0.0,Fresh,0.9976,0.9976,0.0018,0.0005,Fresh,0.9996,0.9996,0.0002,0.0001
D:\ML Project Freshness Detection\AgriFreshNET Freshness and Shelf-Life Image Datase\AgriFreshNET Freshness and Shelf-Life Image Datase\Processed Data\Processed Data\Fresh Tomato(1-10)\IMG_20251123_222732521_HDR.jpg,Tomato,0,Fresh,Fresh,0.9691,0.9691,0.0309,0.0,Fresh,0.9878,0.9878,0.0117,0.0005,Fresh,0.9897,0.9897,0.0101,0.0002,Fresh,0.9965,0.9965,0.003,0.0005,Fresh,0.9932,0.9932,0.0055,0.0013
D:\ML Project Freshness Detection\AgriFreshNET Freshness and Shelf-Life Image Datase\AgriFreshNET Freshness and Shelf-Life Image Datase\Processed Data\Processed Data\Semi fresh Pineapple (15-25)\aug_139_IMG-20251205-WA0028.jpg,Pineapple,1,Semi-Fresh,Semi-Fresh,0.9538,0.0361,0.9538,0.0101,Semi-Fresh,0.9915,0.0045,0.9915,0.004,Semi-Fresh,0.9894,0.0103,0.9894,0.0003,Semi-Fresh,0.9958,0.0031,0.9958,0.0011,Semi-Fresh,0.9988,0.001,0.9988,0.0002
D:\ML Project Freshness Detection\AgriFreshNET Freshness and Shelf-Life Image Datase\AgriFreshNET Freshness and Shelf-Life Image Datase\Processed Data\Processed Data\Fresh Orange(1-9)\IMG_20251106_160057912_HDR_AE.jpg,Orange,0,Fresh,Fresh,0.8818,0.8818,0.1147,0.0035,Fresh,0.7293,0.7293,0.2686,0.002,Fresh,0.9962,0.9962,0.0037,0.0001,Fresh,0.9861,0.9861,0.0136,0.0003,Fresh,0.9991,0.9991,0.0007,0.0002
D:\ML Project Freshness Detection\AgriFreshNET Freshness and Shelf-Life Image Datase\AgriFreshNET Freshness and Shelf-Life Image Datase\Processed Data\Processed Data\Fresh Cucumber(1-6)\aug_374_IMG_20260204_152131.jpg,Cucumber,0,Fresh,Fresh,0.995,0.995,0.005,0.0001,Fresh,0.999,0.999,0.001,0.0001,Fresh,0.9977,0.9977,0.0022,0.0,Fresh,0.9989,0.9989,0.0011,0.0,Fresh,0.9983,0.9983,0.0014,0.0003
D:\ML Project Freshness Detection\AgriFreshNET Freshness and Shelf-Life Image Datase\AgriFreshNET Freshness and Shelf-Life Image Datase\Processed Data\Processed Data\Rotten Pineapple(25-35)\aug_27_IMG-20260128-WA0065.jpg,Pineapple,2,Rotten,Rotten,0.9935,0.0003,0.0063,0.9935,Rotten,0.9998,0.0001,0.0,0.9998,Rotten,0.9996,0.0,0.0004,0.9996,Rotten,0.9985,0.0004,0.0011,0.9985,Rotten,0.9999,0.0,0.0001,0.9999
D:\ML Project Freshness Detection\AgriFreshNET Freshness and Shelf-Life Image Datase\AgriFreshNET Freshness and Shelf-Life Image Datase\Processed Data\Processed Data\Semi fresh Orange(9-20)\IMG-20251205-WA0007.jpg,Orange,1,Semi-Fresh,Semi-Fresh,0.8747,0.087,0.8747,0.0383,Semi-Fresh,0.9662,0.0061,0.9662,0.0276,Semi-Fresh,0.9083,0.0597,0.9083,0.032,Semi-Fresh,0.9901,0.0014,0.9901,0.0084,Semi-Fresh,0.974,0.0196,0.974,0.0063
D:\ML Project Freshness Detection\AgriFreshNET Freshness and Shelf-Life Image Datase\AgriFreshNET Freshness and Shelf-Life Image Datase\Processed Data\Processed Data\Semi Fresh Papaya(4-7)\aug_68_IMG_20251031_164023.jpg,Papaya,1,Semi-Fresh,Semi-Fresh,0.5227,0.3588,0.5227,0.1185,Semi-Fresh,0.9282,0.0592,0.9282,0.0127,Fresh,0.5152,0.5152,0.4763,0.0085,Semi-Fresh,0.9807,0.017,0.9807,0.0023,Semi-Fresh,0.9881,0.0114,0.9881,0.0004
D:\ML Project Freshness Detection\AgriFreshNET Freshness and Shelf-Life Image Datase\AgriFreshNET Freshness and Shelf-Life Image Datase\Processed Data\Processed Data\Semi fresh Tomato(10-24)\IMG_20260121_230546421_HDR.jpg,Tomato,1,Semi-Fresh,Fresh,0.8915,0.8915,0.104,0.0046,Fresh,0.9043,0.9043,0.0704,0.0253,Fresh,0.7415,0.7415,0.2324,0.0262,Fresh,0.8937,0.8937,0.071,0.0353,Fresh,0.9893,0.9893,0.0074,0.0032
D:\ML Project Freshness Detection\AgriFreshNET Freshness and Shelf-Life Image Datase\AgriFreshNET Freshness and Shelf-Life Image Datase\Processed Data\Processed Data\Fresh Banana(1-4)\Banana (16).jpeg,Banana,0,Fresh,Fresh,0.9461,0.9461,0.0474,0.0065,Fresh,0.9657,0.9657,0.0313,0.003,Fresh,0.9699,0.9699,0.0184,0.0116,Fresh,0.996,0.996,0.0034,0.0006,Fresh,0.9971,0.9971,0.0023,0.0006
D:\ML Project Freshness Detection\AgriFreshNET Freshness and Shelf-Life Image Datase\AgriFreshNET Freshness and Shelf-Life Image Datase\Processed Data\Processed Data\Fresh Banana(1-4)\aug_69_IMG_20251119_201401592_HDR.jpg,Banana,0,Fresh,Fresh,0.9875,0.9875,0.0122,0.0003,Fresh,0.989,0.989,0.0107,0.0003,Fresh,0.9994,0.9994,0.0006,0.0,Fresh,0.9982,0.9982,0.0014,0.0004,Fresh,0.9995,0.9995,0.0003,0.0002
D:\ML Project Freshness Detection\AgriFreshNET Freshness and Shelf-Life Image Datase\AgriFreshNET Freshness and Shelf-Life Image Datase\Processed Data\Processed Data\Semi Fresh Papaya(4-7)\aug_151_IMG_20260214_025211.jpg,Papaya,1,Semi-Fresh,Semi-Fresh,0.6382,0.3617,0.6382,0.0001,Semi-Fresh,0.9274,0.0495,0.9274,0.0231,Semi-Fresh,0.9884,0.007,0.9884,0.0045,Semi-Fresh,0.9994,0.0003,0.9994,0.0003,Semi-Fresh,0.9954,0.004,0.9954,0.0006
D:\ML Project Freshness Detection\AgriFreshNET Freshness and Shelf-Life Image Datase\AgriFreshNET Freshness and Shelf-Life Image Datase\Processed Data\Processed Data\Rotten Pineapple(25-35)\aug_351_IMG-20260128-WA0029.jpg,Pineapple,2,Rotten,Rotten,0.9404,0.0159,0.0437,0.9404,Rotten,0.9924,0.0026,0.005,0.9924,Rotten,0.9884,0.0019,0.0097,0.9884,Rotten,0.9932,0.0017,0.0051,0.9932,Rotten,0.9976,0.0002,0.0022,0.9976
D:\ML Project Freshness Detection\AgriFreshNET Freshness and Shelf-Life Image Datase\AgriFreshNET Freshness and Shelf-Life Image Datase\Processed Data\Processed Data\Rotten banana(7-13)\aug_185_IMG_20260124_113256403_HDR_AE.jpg,Banana,2,Rotten,Rotten,0.5157,0.006,0.4784,0.5157,Rotten,0.5299,0.0088,0.4613,0.5299,Rotten,0.9637,0.0046,0.0317,0.9637,Rotten,0.9899,0.0014,0.0087,0.9899,Rotten,0.9872,0.0005,0.0123,0.9872
D:\ML Project Freshness Detection\AgriFreshNET Freshness and Shelf-Life Image Datase\AgriFreshNET Freshness and Shelf-Life Image Datase\Processed Data\Processed Data\Rotten Papaya(7-12)\IMG_20251103_090333.jpg,Papaya,2,Rotten,Rotten,0.5905,0.1327,0.2767,0.5905,Rotten,0.9877,0.0023,0.01,0.9877,Rotten,0.9251,0.0101,0.0648,0.9251,Rotten,0.9839,0.0055,0.0106,0.9839,Rotten,0.9927,0.0003,0.007,0.9927
D:\ML Project Freshness Detection\AgriFreshNET Freshness and Shelf-Life Image Datase\AgriFreshNET Freshness and Shelf-Life Image Datase\Processed Data\Processed Data\Fresh eggplant(1-4)\aug_348_IMG_20251118_164807662_HDR.jpg,Eggplant,0,Fresh,Fresh,0.9016,0.9016,0.0947,0.0038,Fresh,0.8878,0.8878,0.0978,0.0144,Fresh,0.9962,0.9962,0.0037,0.0001,Fresh,0.9947,0.9947,0.004,0.0013,Fresh,0.9991,0.9991,0.0008,0.0001
D:\ML Project Freshness Detection\AgriFreshNET Freshness and Shelf-Life Image Datase\AgriFreshNET Freshness and Shelf-Life Image Datase\Processed Data\Processed Data\Semi fresh Tomato(10-24)\aug_240_IMG_20260121_230501334_HDR.jpg,Tomato,1,Semi-Fresh,Semi-Fresh,0.6715,0.24,0.6715,0.0885,Semi-Fresh,0.8811,0.039,0.8811,0.0799,Semi-Fresh,0.9554,0.0099,0.9554,0.0347,Semi-Fresh,0.7168,0.0119,0.7168,0.2712,Semi-Fresh,0.9643,0.0191,0.9643,0.0166
D:\ML Project Freshness Detection\AgriFreshNET Freshness and Shelf-Life Image Datase\AgriFreshNET Freshness and Shelf-Life Image Datase\Processed Data\Processed Data\Semi_Fresh eggplant(4-8)\IMG_20251124_193344557_HDR.jpg,Eggplant,1,Semi-Fresh,Fresh,0.8592,0.8592,0.1407,0.0001,Fresh,0.7831,0.7831,0.216,0.001,Fresh,0.9369,0.9369,0.0627,0.0004,Fresh,0.9584,0.9584,0.0387,0.0029,Fresh,0.9576,0.9576,0.0403,0.0021
D:\ML Project Freshness Detection\AgriFreshNET Freshness and Shelf-Life Image Datase\AgriFreshNET Freshness and Shelf-Life Image Datase\Processed Data\Processed Data\Rotten Tomato(24-35)\aug_214_IMG-20260219-WA0002.jpg,Tomato,2,Rotten,Rotten,0.9952,0.0007,0.0041,0.9952,Rotten,0.9989,0.0007,0.0004,0.9989,Rotten,0.9993,0.0,0.0007,0.9993,Rotten,0.9959,0.0024,0.0016,0.9959,Rotten,0.9996,0.0002,0.0003,0.9996
D:\ML Project Freshness Detection\AgriFreshNET Freshness and Shelf-Life Image Datase\AgriFreshNET Freshness and Shelf-Life Image Datase\Processed Data\Processed Data\Rotten Orange(20-35)\aug_86_IMG-20251207-WA0012.jpg,Orange,2,Rotten,Rotten,0.8105,0.021,0.1685,0.8105,Rotten,0.9568,0.0019,0.0414,0.9568,Rotten,0.9969,0.0012,0.0019,0.9969,Rotten,0.995,0.0014,0.0037,0.995,Rotten,0.999,0.0002,0.0008,0.999
D:\ML Project Freshness Detection\AgriFreshNET Freshness and Shelf-Life Image Datase\AgriFreshNET Freshness and Shelf-Life Image Datase\Processed Data\Processed Data\Semi fresh banana(4-7)\aug_280_IMG_20251124_190931741_HDR.jpg,Banana,1,Semi-Fresh,Semi-Fresh,0.4966,0.099,0.4966,0.4044,Semi-Fresh,0.6815,0.0036,0.6815,0.3149,Semi-Fresh,0.989,0.0017,0.989,0.0093,Semi-Fresh,0.9321,0.0033,0.9321,0.0646,Semi-Fresh,0.9985,0.0006,0.9985,0.001
D:\ML Project Freshness Detection\AgriFreshNET Freshness and Shelf-Life Image Datase\AgriFreshNET Freshness and Shelf-Life Image Datase\Processed Data\Processed Data\Semi Fresh Papaya(4-7)\aug_328_IMG_20251031_164038.jpg,Papaya,1,Semi-Fresh,Semi-Fresh,0.9717,0.0098,0.9717,0.0185,Semi-Fresh,0.9933,0.0011,0.9933,0.0056,Semi-Fresh,0.9996,0.0003,0.9996,0.0001,Semi-Fresh,0.9995,0.0001,0.9995,0.0003,Semi-Fresh,0.9845,0.0153,0.9845,0.0002
D:\ML Project Freshness Detection\AgriFreshNET Freshness and Shelf-Life Image Datase\AgriFreshNET Freshness and Shelf-Life Image Datase\Processed Data\Processed Data\Fresh pineapple(1-15)\aug_125_IMG-20251130-WA0019.jpg,Pineapple,0,Fresh,Fresh,0.9477,0.9477,0.0364,0.0159,Fresh,0.9979,0.9979,0.0015,0.0006,Fresh,0.9835,0.9835,0.0157,0.0007,Fresh,0.9824,0.9824,0.0145,0.0031,Fresh,0.9958,0.9958,0.0037,0.0004
D:\ML Project Freshness Detection\AgriFreshNET Freshness and Shelf-Life Image Datase\AgriFreshNET Freshness and Shelf-Life Image Datase\Processed Data\Processed Data\Semi_Fresh eggplant(4-8)\aug_38_IMG_20251123_110609747_HDR_AE.jpg,Eggplant,1,Semi-Fresh,Semi-Fresh,0.6558,0.3308,0.6558,0.0134,Semi-Fresh,0.7733,0.2233,0.7733,0.0034,Semi-Fresh,0.8702,0.0981,0.8702,0.0317,Semi-Fresh,0.9535,0.0321,0.9535,0.0144,Semi-Fresh,0.9924,0.0067,0.9924,0.0009
D:\ML Project Freshness Detection\AgriFreshNET Freshness and Shelf-Life Image Datase\AgriFreshNET Freshness and Shelf-Life Image Datase\Processed Data\Processed Data\Rotten eggplant(8-15)\aug_350_IMG_20251109_112440604_HDR_AE.jpg,Eggplant,2,Rotten,Rotten,0.8,0.0478,0.1521,0.8,Rotten,0.9671,0.0023,0.0307,0.9671,Rotten,0.9582,0.0047,0.0371,0.9582,Rotten,0.7783,0.0155,0.2062,0.7783,Rotten,0.8281,0.0407,0.1312,0.8281
D:\ML Project Freshness Detection\AgriFreshNET Freshness and Shelf-Life Image Datase\AgriFreshNET Freshness and Shelf-Life Image Datase\Processed Data\Processed Data\Semi Fresh Papaya(4-7)\IMG_20260123_013738.jpg,Papaya,1,Semi-Fresh,Semi-Fresh,0.8369,0.0334,0.8369,0.1297,Semi-Fresh,0.8966,0.0246,0.8966,0.0788,Semi-Fresh,0.7471,0.1512,0.7471,0.1017,Semi-Fresh,0.9964,0.0004,0.9964,0.0032,Semi-Fresh,0.9662,0.0052,0.9662,0.0286
D:\ML Project Freshness Detection\AgriFreshNET Freshness and Shelf-Life Image Datase\AgriFreshNET Freshness and Shelf-Life Image Datase\Processed Data\Processed Data\Semi Fresh Bittermelon ( 3-5)\aug_158_IMG_20251123_013137.jpg,Bittermelon,1,Semi-Fresh,Semi-Fresh,0.9377,0.0592,0.9377,0.0031,Semi-Fresh,0.989,0.0088,0.989,0.0022,Semi-Fresh,0.9994,0.0005,0.9994,0.0001,Semi-Fresh,0.9989,0.0006,0.9989,0.0005,Semi-Fresh,0.999,0.0004,0.999,0.0007
D:\ML Project Freshness Detection\AgriFreshNET Freshness and Shelf-Life Image Datase\AgriFreshNET Freshness and Shelf-Life Image Datase\Processed Data\Processed Data\Rotten Tomato(24-35)\IMG_20260122_215941823_HDR.jpg,Tomato,2,Rotten,Rotten,0.8186,0.0021,0.1793,0.8186,Rotten,0.94,0.0009,0.059,0.94,Rotten,0.9626,0.0001,0.0373,0.9626,Rotten,0.9568,0.0007,0.0426,0.9568,Rotten,0.9833,0.0005,0.0163,0.9833
D:\ML Project Freshness Detection\AgriFreshNET Freshness and Shelf-Life Image Datase\AgriFreshNET Freshness and Shelf-Life Image Datase\Processed Data\Processed Data\Semi fresh banana(4-7)\aug_141_IMG_20251123_105704434_HDR_AE.jpg,Banana,1,Semi-Fresh,Semi-Fresh,0.7857,0.2011,0.7857,0.0132,Semi-Fresh,0.9838,0.015,0.9838,0.0012,Semi-Fresh,0.8604,0.1381,0.8604,0.0014,Semi-Fresh,0.9868,0.0086,0.9868,0.0047,Semi-Fresh,0.9968,0.0024,0.9968,0.0009
D:\ML Project Freshness Detection\AgriFreshNET Freshness and Shelf-Life Image Datase\AgriFreshNET Freshness and Shelf-Life Image Datase\Processed Data\Processed Data\Rotten Cucumber(12-20)\aug_77_IMG_20251202_015507.jpg,Cucumber,2,Rotten,Rotten,0.989,0.0035,0.0076,0.989,Rotten,0.9895,0.0011,0.0094,0.9895,Rotten,0.9998,0.0,0.0001,0.9998,Rotten,0.9823,0.0079,0.0098,0.9823,Rotten,0.9935,0.0017,0.0048,0.9935
D:\ML Project Freshness Detection\AgriFreshNET Freshness and Shelf-Life Image Datase\AgriFreshNET Freshness and Shelf-Life Image Datase\Processed Data\Processed Data\Rotten banana(7-13)\aug_89_IMG_20251127_190702843_HDR.jpg,Banana,2,Rotten,Rotten,0.9623,0.0247,0.013,0.9623,Rotten,0.9985,0.0001,0.0015,0.9985,Rotten,0.9986,0.0005,0.001,0.9986,Rotten,0.9991,0.0003,0.0006,0.9991,Rotten,0.9995,0.0001,0.0004,0.9995
D:\ML Project Freshness Detection\AgriFreshNET Freshness and Shelf-Life Image Datase\AgriFreshNET Freshness and Shelf-Life Image Datase\Processed Data\Processed Data\Rotten eggplant(8-15)\aug_248_IMG_20251114_214409940_HDR.jpg,Eggplant,2,Rotten,Semi-Fresh,0.5182,0.2578,0.5182,0.224,Rotten,0.9597,0.0034,0.0369,0.9597,Rotten,0.6443,0.1986,0.1571,0.6443,Rotten,0.9433,0.0272,0.0295,0.9433,Rotten,0.9839,0.0017,0.0144,0.9839
D:\ML Project Freshness Detection\AgriFreshNET Freshness and Shelf-Life Image Datase\AgriFreshNET Freshness and Shelf-Life Image Datase\Processed Data\Processed Data\Fresh Tomato(1-10)\IMG_20251107_114315205_HDR_AE.jpg,Tomato,0,Fresh,Fresh,0.6073,0.6073,0.3908,0.0019,Fresh,0.903,0.903,0.0924,0.0046,Fresh,0.9465,0.9465,0.0534,0.0001,Fresh,0.937,0.937,0.0626,0.0005,Fresh,0.9813,0.9813,0.018,0.0007
D:\ML Project Freshness Detection\AgriFreshNET Freshness and Shelf-Life Image Datase\AgriFreshNET Freshness and Shelf-Life Image Datase\Processed Data\Processed Data\Rotten Pineapple(25-35)\aug_244_IMG_20251203_101219406_HDR.jpg,Pineapple,2,Rotten,Rotten,0.5642,0.0151,0.4206,0.5642,Rotten,0.9908,0.002,0.0072,0.9908,Rotten,0.9993,0.0,0.0006,0.9993,Rotten,0.9899,0.001,0.0092,0.9899,Rotten,0.9995,0.0001,0.0003,0.9995
D:\ML Project Freshness Detection\AgriFreshNET Freshness and Shelf-Life Image Datase\AgriFreshNET Freshness and Shelf-Life Image Datase\Processed Data\Processed Data\Rotten Papaya(7-12)\aug_9_IMG_20260130_163417.jpg,Papaya,2,Rotten,Rotten,0.9156,0.0382,0.0462,0.9156,Rotten,0.9967,0.0005,0.0028,0.9967,Rotten,0.9727,0.0001,0.0272,0.9727,Rotten,0.9972,0.0012,0.0016,0.9972,Rotten,0.9983,0.0001,0.0015,0.9983
D:\ML Project Freshness Detection\AgriFreshNET Freshness and Shelf-Life Image Datase\AgriFreshNET Freshness and Shelf-Life Image Datase\Processed Data\Processed Data\Semi fresh banana(4-7)\IMG_20260123_181949490_HDR.jpg,Banana,1,Semi-Fresh,Semi-Fresh,0.8799,0.0522,0.8799,0.0679,Semi-Fresh,0.9116,0.0014,0.9116,0.0869,Semi-Fresh,0.9973,0.0002,0.9973,0.0025,Semi-Fresh,0.9902,0.0018,0.9902,0.008,Semi-Fresh,0.9963,0.0003,0.9963,0.0034
D:\ML Project Freshness Detection\AgriFreshNET Freshness and Shelf-Life Image Datase\AgriFreshNET Freshness and Shelf-Life Image Datase\Processed Data\Processed Data\Fresh Cucumber(1-6)\IMG_20260204_152121.jpg,Cucumber,0,Fresh,Fresh,0.9627,0.9627,0.0365,0.0008,Fresh,0.9959,0.9959,0.004,0.0,Fresh,0.9946,0.9946,0.0053,0.0001,Fresh,0.9974,0.9974,0.0025,0.0,Fresh,0.995,0.995,0.0041,0.0009
D:\ML Project Freshness Detection\AgriFreshNET Freshness and Shelf-Life Image Datase\AgriFreshNET Freshness and Shelf-Life Image Datase\Processed Data\Processed Data\Rotten Cucumber(12-20)\aug_260_IMG_20251202_015533.jpg,Cucumber,2,Rotten,Rotten,0.9962,0.0015,0.0023,0.9962,Rotten,0.9857,0.0004,0.0139,0.9857,Rotten,0.9999,0.0,0.0001,0.9999,Rotten,0.9957,0.0014,0.0029,0.9957,Rotten,0.9936,0.0031,0.0033,0.9936
D:\ML Project Freshness Detection\AgriFreshNET Freshness and Shelf-Life Image Datase\AgriFreshNET Freshness and Shelf-Life Image Datase\Processed Data\Processed Data\Fresh Orange(1-9)\aug_233_IMG-20251122-WA0013.jpg,Orange,0,Fresh,Fresh,0.8262,0.8262,0.1724,0.0014,Fresh,0.8581,0.8581,0.1362,0.0057,Fresh,0.8339,0.8339,0.1595,0.0066,Fresh,0.5329,0.5329,0.4446,0.0225,Fresh,0.7182,0.7182,0.2628,0.019
D:\ML Project Freshness Detection\AgriFreshNET Freshness and Shelf-Life Image Datase\AgriFreshNET Freshness and Shelf-Life Image Datase\Processed Data\Processed Data\Semi fresh Orange(9-20)\IMG_20251121_144552457_HDR_AE.jpg,Orange,1,Semi-Fresh,Semi-Fresh,0.9473,0.0385,0.9473,0.0142,Semi-Fresh,0.9915,0.0009,0.9915,0.0077,Semi-Fresh,0.9934,0.0035,0.9934,0.0031,Semi-Fresh,0.9975,0.0006,0.9975,0.0018,Semi-Fresh,0.999,0.0004,0.999,0.0006
D:\ML Project Freshness Detection\AgriFreshNET Freshness and Shelf-Life Image Datase\AgriFreshNET Freshness and Shelf-Life Image Datase\Processed Data\Processed Data\Fresh eggplant(1-4)\aug_100_IMG_20251118_164855671_HDR.jpg,Eggplant,0,Fresh,Fresh,0.7696,0.7696,0.223,0.0074,Fresh,0.9459,0.9459,0.0508,0.0033,Fresh,0.9908,0.9908,0.009,0.0001,Fresh,0.998,0.998,0.0018,0.0002,Fresh,0.999,0.999,0.0008,0.0002
D:\ML Project Freshness Detection\AgriFreshNET Freshness and Shelf-Life Image Datase\AgriFreshNET Freshness and Shelf-Life Image Datase\Processed Data\Processed Data\Fresh Papaya(1-4)\aug_408_IMG_20260114_004723.jpg,Papaya,0,Fresh,Fresh,0.9677,0.9677,0.0084,0.0239,Fresh,0.954,0.954,0.0394,0.0066,Fresh,0.9983,0.9983,0.001,0.0007,Fresh,0.9978,0.9978,0.0018,0.0004,Fresh,0.9992,0.9992,0.0006,0.0002
D:\ML Project Freshness Detection\AgriFreshNET Freshness and Shelf-Life Image Datase\AgriFreshNET Freshness and Shelf-Life Image Datase\Processed Data\Processed Data\Semi fresh Orange(9-20)\aug_89_IMG-20251113-WA0007.jpg,Orange,1,Semi-Fresh,Semi-Fresh,0.8171,0.0428,0.8171,0.1401,Semi-Fresh,0.6883,0.0215,0.6883,0.2901,Semi-Fresh,0.6881,0.2733,0.6881,0.0386,Semi-Fresh,0.9905,0.0035,0.9905,0.006,Semi-Fresh,0.9833,0.014,0.9833,0.0027
D:\ML Project Freshness Detection\AgriFreshNET Freshness and Shelf-Life Image Datase\AgriFreshNET Freshness and Shelf-Life Image Datase\Processed Data\Processed Data\Fresh Bittermelon(1-3)\IMG_20251025_121321.jpg,Bittermelon,0,Fresh,Fresh,0.9952,0.9952,0.0046,0.0002,Fresh,0.9946,0.9946,0.0049,0.0005,Fresh,0.9999,0.9999,0.0001,0.0,Fresh,0.997,0.997,0.0022,0.0008,Fresh,0.999,0.999,0.0006,0.0004
D:\ML Project Freshness Detection\AgriFreshNET Freshness and Shelf-Life Image Datase\AgriFreshNET Freshness and Shelf-Life Image Datase\Processed Data\Processed Data\Rotten eggplant(8-15)\aug_211_IMG_20251115_122007862_HDR_AE.jpg,Eggplant,2,Rotten,Rotten,0.9869,0.0018,0.0113,0.9869,Rotten,0.9798,0.0042,0.0161,0.9798,Rotten,0.9794,0.0004,0.0202,0.9794,Rotten,0.9957,0.0006,0.0037,0.9957,Rotten,0.9987,0.0002,0.001,0.9987
D:\ML Project Freshness Detection\AgriFreshNET Freshness and Shelf-Life Image Datase\AgriFreshNET Freshness and Shelf-Life Image Datase\Processed Data\Processed Data\Rotten Papaya(7-12)\aug_90_IMG_20260123_013616.jpg,Papaya,2,Rotten,Rotten,0.9564,0.0146,0.029,0.9564,Rotten,0.9981,0.0005,0.0015,0.9981,Rotten,0.9983,0.0001,0.0016,0.9983,Rotten,0.9956,0.0014,0.003,0.9956,Rotten,0.9994,0.0001,0.0005,0.9994
D:\ML Project Freshness Detection\AgriFreshNET Freshness and Shelf-Life Image Datase\AgriFreshNET Freshness and Shelf-Life Image Datase\Processed Data\Processed Data\Fresh Cucumber(1-6)\IMG_20260114_010248.jpg,Cucumber,0,Fresh,Fresh,0.964,0.964,0.035,0.001,Fresh,0.9824,0.9824,0.0135,0.0041,Fresh,0.9982,0.9982,0.0016,0.0002,Fresh,0.9437,0.9437,0.0549,0.0015,Fresh,0.9964,0.9964,0.0028,0.0008
D:\ML Project Freshness Detection\AgriFreshNET Freshness and Shelf-Life Image Datase\AgriFreshNET Freshness and Shelf-Life Image Datase\Processed Data\Processed Data\Semi fresh Pineapple (15-25)\aug_3_IMG-20251207-WA0030.jpg,Pineapple,1,Semi-Fresh,Semi-Fresh,0.9871,0.0048,0.9871,0.0081,Semi-Fresh,0.9682,0.0282,0.9682,0.0035,Semi-Fresh,0.9879,0.0102,0.9879,0.0019,Semi-Fresh,0.9991,0.0004,0.9991,0.0004,Semi-Fresh,0.9992,0.0004,0.9992,0.0004
D:\ML Project Freshness Detection\AgriFreshNET Freshness and Shelf-Life Image Datase\AgriFreshNET Freshness and Shelf-Life Image Datase\Processed Data\Processed Data\Rotten Bittermelon(5-8)\aug_102_IMG_20251202_020019.jpg,Bittermelon,2,Rotten,Rotten,0.9775,0.0019,0.0206,0.9775,Rotten,0.9999,0.0,0.0001,0.9999,Rotten,0.9999,0.0,0.0001,0.9999,Rotten,0.9944,0.0017,0.0039,0.9944,Rotten,0.9997,0.0,0.0002,0.9997
D:\ML Project Freshness Detection\AgriFreshNET Freshness and Shelf-Life Image Datase\AgriFreshNET Freshness and Shelf-Life Image Datase\Processed Data\Processed Data\Rotten Orange(20-35)\aug_88_IMG-20251113-WA0026.jpg,Orange,2,Rotten,Rotten,0.9716,0.0111,0.0173,0.9716,Rotten,0.9981,0.0006,0.0013,0.9981,Rotten,0.9985,0.0012,0.0003,0.9985,Rotten,0.9978,0.0015,0.0007,0.9978,Rotten,0.9969,0.0015,0.0016,0.9969
D:\ML Project Freshness Detection\AgriFreshNET Freshness and Shelf-Life Image Datase\AgriFreshNET Freshness and Shelf-Life Image Datase\Processed Data\Processed Data\Fresh pineapple(1-15)\pineapple(3).jpeg,Pineapple,0,Fresh,Fresh,0.8094,0.8094,0.0872,0.1034,Fresh,0.9771,0.9771,0.0189,0.004,Fresh,0.9998,0.9998,0.0001,0.0001,Fresh,0.9896,0.9896,0.0072,0.0032,Fresh,0.9992,0.9992,0.0006,0.0002
D:\ML Project Freshness Detection\AgriFreshNET Freshness and Shelf-Life Image Datase\AgriFreshNET Freshness and Shelf-Life Image Datase\Processed Data\Processed Data\Rotten Pineapple(25-35)\IMG-20260128-WA0041.jpg,Pineapple,2,Rotten,Rotten,0.9839,0.0009,0.0152,0.9839,Rotten,0.9916,0.0009,0.0075,0.9916,Rotten,0.9995,0.0002,0.0003,0.9995,Rotten,0.9988,0.0004,0.0008,0.9988,Rotten,0.9996,0.0001,0.0003,0.9996
D:\ML Project Freshness Detection\AgriFreshNET Freshness and Shelf-Life Image Datase\AgriFreshNET Freshness and Shelf-Life Image Datase\Processed Data\Processed Data\Semi fresh Pineapple (15-25)\aug_113_IMG_20251120_204832254_HDR.jpg,Pineapple,1,Semi-Fresh,Fresh,0.521,0.521,0.3372,0.1417,Semi-Fresh,0.5105,0.2365,0.5105,0.253,Semi-Fresh,0.9625,0.0046,0.9625,0.0328,Semi-Fresh,0.9137,0.0807,0.9137,0.0056,Semi-Fresh,0.8789,0.0194,0.8789,0.1017
D:\ML Project Freshness Detection\AgriFreshNET Freshness and Shelf-Life Image Datase\AgriFreshNET Freshness and Shelf-Life Image Datase\Processed Data\Processed Data\Rotten eggplant(8-15)\IMG_20251106_160433969_HDR_AE.jpg,Eggplant,2,Rotten,Rotten,0.9237,0.0419,0.0344,0.9237,Rotten,0.9696,0.0074,0.023,0.9696,Rotten,0.7333,0.1277,0.1391,0.7333,Rotten,0.9334,0.0293,0.0373,0.9334,Rotten,0.9651,0.0006,0.0343,0.9651
D:\ML Project Freshness Detection\AgriFreshNET Freshness and Shelf-Life Image Datase\AgriFreshNET Freshness and Shelf-Life Image Datase\Processed Data\Processed Data\Fresh Orange(1-9)\aug_75_IMG-20251122-WA0003.jpg,Orange,0,Fresh,Fresh,0.9296,0.9296,0.0704,0.0001,Fresh,0.6328,0.6328,0.3631,0.0041,Semi-Fresh,0.5262,0.4631,0.5262,0.0106,Fresh,0.7617,0.7617,0.2348,0.0034,Fresh,0.7921,0.7921,0.2044,0.0035
D:\ML Project Freshness Detection\AgriFreshNET Freshness and Shelf-Life Image Datase\AgriFreshNET Freshness and Shelf-Life Image Datase\Processed Data\Processed Data\Fresh Tomato(1-10)\IMG_20251106_155717351_HDR_AE.jpg,Tomato,0,Fresh,Fresh,0.6474,0.6474,0.3356,0.017,Rotten,0.3752,0.2637,0.3611,0.3752,Fresh,0.8861,0.8861,0.1038,0.0101,Fresh,0.5487,0.5487,0.4437,0.0076,Fresh,0.72,0.72,0.2716,0.0084
D:\ML Project Freshness Detection\AgriFreshNET Freshness and Shelf-Life Image Datase\AgriFreshNET Freshness and Shelf-Life Image Datase\Processed Data\Processed Data\Rotten Bittermelon(5-8)\aug_9_IMG_20260125_005706.jpg,Bittermelon,2,Rotten,Rotten,0.7788,0.0002,0.2209,0.7788,Rotten,0.9506,0.0001,0.0493,0.9506,Semi-Fresh,0.7496,0.0005,0.7496,0.2499,Rotten,0.9862,0.0018,0.012,0.9862,Rotten,0.9996,0.0,0.0004,0.9996
D:\ML Project Freshness Detection\AgriFreshNET Freshness and Shelf-Life Image Datase\AgriFreshNET Freshness and Shelf-Life Image Datase\Processed Data\Processed Data\Fresh Cucumber(1-6)\aug_245_IMG_20260116_030145.jpg,Cucumber,0,Fresh,Fresh,0.9711,0.9711,0.0286,0.0003,Fresh,0.9921,0.9921,0.0061,0.0017,Fresh,0.9907,0.9907,0.009,0.0003,Fresh,0.9771,0.9771,0.0183,0.0045,Fresh,0.994,0.994,0.0054,0.0006
D:\ML Project Freshness Detection\AgriFreshNET Freshness and Shelf-Life Image Datase\AgriFreshNET Freshness and Shelf-Life Image Datase\Processed Data\Processed Data\Fresh Tomato(1-10)\IMG_20251125_211531397_HDR.jpg,Tomato,0,Fresh,Fresh,0.9713,0.9713,0.0286,0.0001,Fresh,0.9908,0.9908,0.0084,0.0008,Fresh,0.9986,0.9986,0.0013,0.0,Fresh,0.9984,0.9984,0.0013,0.0003,Fresh,0.998,0.998,0.0016,0.0004
D:\ML Project Freshness Detection\AgriFreshNET Freshness and Shelf-Life Image Datase\AgriFreshNET Freshness and Shelf-Life Image Datase\Processed Data\Processed Data\Rotten Pineapple(25-35)\IMG_20251201_133526793_HDR.jpg,Pineapple,2,Rotten,Rotten,0.5836,0.0517,0.3647,0.5836,Rotten,0.9125,0.0036,0.084,0.9125,Rotten,0.9984,0.0,0.0016,0.9984,Rotten,0.986,0.0037,0.0104,0.986,Rotten,0.9986,0.0003,0.0011,0.9986
D:\ML Project Freshness Detection\AgriFreshNET Freshness and Shelf-Life Image Datase\AgriFreshNET Freshness and Shelf-Life Image Datase\Processed Data\Processed Data\Semi fresh banana(4-7)\aug_251_IMG_20251124_190827928_HDR.jpg,Banana,1,Semi-Fresh,Semi-Fresh,0.7015,0.0233,0.7015,0.2751,Semi-Fresh,0.9043,0.0147,0.9043,0.081,Semi-Fresh,0.9747,0.0115,0.9747,0.0139,Semi-Fresh,0.9379,0.0223,0.9379,0.0398,Semi-Fresh,0.9738,0.0233,0.9738,0.0029
D:\ML Project Freshness Detection\AgriFreshNET Freshness and Shelf-Life Image Datase\AgriFreshNET Freshness and Shelf-Life Image Datase\Processed Data\Processed Data\Semi fresh Orange(9-20)\IMG_20251201_133122334_HDR.jpg,Orange,1,Semi-Fresh,Semi-Fresh,0.977,0.0031,0.977,0.02,Semi-Fresh,0.8391,0.0013,0.8391,0.1596,Semi-Fresh,0.9809,0.0014,0.9809,0.0177,Semi-Fresh,0.9929,0.002,0.9929,0.0051,Semi-Fresh,0.9971,0.0017,0.9971,0.0012
D:\ML Project Freshness Detection\AgriFreshNET Freshness and Shelf-Life Image Datase\AgriFreshNET Freshness and Shelf-Life Image Datase\Processed Data\Processed Data\Semi fresh Pineapple (15-25)\IMG-20251205-WA0025.jpg,Pineapple,1,Semi-Fresh,Semi-Fresh,0.9473,0.0485,0.9473,0.0042,Semi-Fresh,0.9961,0.0027,0.9961,0.0012,Semi-Fresh,0.999,0.0005,0.999,0.0005,Semi-Fresh,0.9992,0.0008,0.9992,0.0001,Semi-Fresh,0.999,0.0004,0.999,0.0006
D:\ML Project Freshness Detection\AgriFreshNET Freshness and Shelf-Life Image Datase\AgriFreshNET Freshness and Shelf-Life Image Datase\Processed Data\Processed Data\Fresh Orange(1-9)\aug_320_IMG-20251118-WA0018.jpg,Orange,0,Fresh,Fresh,0.9828,0.9828,0.0172,0.0,Fresh,0.9605,0.9605,0.0393,0.0002,Fresh,0.9951,0.9951,0.0049,0.0,Fresh,0.9683,0.9683,0.0313,0.0004,Fresh,0.9623,0.9623,0.037,0.0007
D:\ML Project Freshness Detection\AgriFreshNET Freshness and Shelf-Life Image Datase\AgriFreshNET Freshness and Shelf-Life Image Datase\Processed Data\Processed Data\Rotten Bittermelon(5-8)\IMG_20251124_022005.jpg,Bittermelon,2,Rotten,Rotten,0.9351,0.0023,0.0626,0.9351,Rotten,0.9968,0.0002,0.003,0.9968,Rotten,0.9916,0.0007,0.0077,0.9916,Rotten,0.9987,0.0006,0.0008,0.9987,Rotten,0.9998,0.0001,0.0001,0.9998
D:\ML Project Freshness Detection\AgriFreshNET Freshness and Shelf-Life Image Datase\AgriFreshNET Freshness and Shelf-Life Image Datase\Processed Data\Processed Data\Fresh pineapple(1-15)\aug_212_IMG-20251130-WA0023.jpg,Pineapple,0,Fresh,Fresh,0.947,0.947,0.0522,0.0008,Fresh,0.9636,0.9636,0.0327,0.0037,Fresh,0.9989,0.9989,0.0011,0.0,Fresh,0.9967,0.9967,0.003,0.0003,Fresh,0.9949,0.9949,0.0048,0.0002
D:\ML Project Freshness Detection\AgriFreshNET Freshness and Shelf-Life Image Datase\AgriFreshNET Freshness and Shelf-Life Image Datase\Processed Data\Processed Data\Rotten Orange(20-35)\aug_391_IMG-20260128-WA0024.jpg,Orange,2,Rotten,Rotten,0.9963,0.0002,0.0034,0.9963,Rotten,0.9993,0.0,0.0007,0.9993,Rotten,0.9988,0.0001,0.0011,0.9988,Rotten,0.9955,0.0026,0.0019,0.9955,Rotten,0.9996,0.0,0.0003,0.9996
D:\ML Project Freshness Detection\AgriFreshNET Freshness and Shelf-Life Image Datase\AgriFreshNET Freshness and Shelf-Life Image Datase\Processed Data\Processed Data\Semi_Fresh eggplant(4-8)\aug_194_IMG_20251201_190435799_HDR.jpg,Eggplant,1,Semi-Fresh,Semi-Fresh,0.8672,0.1325,0.8672,0.0004,Semi-Fresh,0.9717,0.023,0.9717,0.0053,Semi-Fresh,0.9576,0.0407,0.9576,0.0017,Semi-Fresh,0.9427,0.0547,0.9427,0.0026,Semi-Fresh,0.9982,0.0014,0.9982,0.0004
D:\ML Project Freshness Detection\AgriFreshNET Freshness and Shelf-Life Image Datase\AgriFreshNET Freshness and Shelf-Life Image Datase\Processed Data\Processed Data\Fresh Bittermelon(1-3)\aug_314_IMG_20251121_081651.jpg,Bittermelon,0,Fresh,Fresh,0.9868,0.9868,0.0132,0.0,Fresh,0.9877,0.9877,0.0115,0.0008,Fresh,0.9996,0.9996,0.0004,0.0,Fresh,0.9984,0.9984,0.0014,0.0002,Fresh,0.9997,0.9997,0.0002,0.0
D:\ML Project Freshness Detection\AgriFreshNET Freshness and Shelf-Life Image Datase\AgriFreshNET Freshness and Shelf-Life Image Datase\Processed Data\Processed Data\Rotten Pineapple(25-35)\IMG-20260128-WA0031.jpg,Pineapple,2,Rotten,Rotten,0.9953,0.0004,0.0042,0.9953,Rotten,0.9946,0.0008,0.0046,0.9946,Rotten,0.9979,0.0003,0.0018,0.9979,Rotten,0.9991,0.0002,0.0007,0.9991,Rotten,0.9997,0.0001,0.0002,0.9997
D:\ML Project Freshness Detection\AgriFreshNET Freshness and Shelf-Life Image Datase\AgriFreshNET Freshness and Shelf-Life Image Datase\Processed Data\Processed Data\Fresh Bittermelon(1-3)\IMG_20251117_155845.jpg,Bittermelon,0,Fresh,Fresh,0.9598,0.9598,0.0389,0.0013,Fresh,0.9982,0.9982,0.0017,0.0001,Fresh,0.9995,0.9995,0.0002,0.0002,Fresh,0.9985,0.9985,0.0013,0.0002,Fresh,0.9994,0.9994,0.0005,0.0001
D:\ML Project Freshness Detection\AgriFreshNET Freshness and Shelf-Life Image Datase\AgriFreshNET Freshness and Shelf-Life Image Datase\Processed Data\Processed Data\Semi Fresh Cucumber(6-12)\aug_309_IMG_20260212_155608.jpg,Cucumber,1,Semi-Fresh,Semi-Fresh,0.8607,0.1165,0.8607,0.0229,Semi-Fresh,0.9857,0.0106,0.9857,0.0037,Semi-Fresh,0.9938,0.0032,0.9938,0.003,Semi-Fresh,0.9837,0.0131,0.9837,0.0032,Semi-Fresh,0.9973,0.0022,0.9973,0.0004
D:\ML Project Freshness Detection\AgriFreshNET Freshness and Shelf-Life Image Datase\AgriFreshNET Freshness and Shelf-Life Image Datase\Processed Data\Processed Data\Fresh Orange(1-9)\IMG_20251110_094231117_HDR_AE.jpg,Orange,0,Fresh,Fresh,0.9067,0.9067,0.0928,0.0005,Fresh,0.8081,0.8081,0.1831,0.0088,Fresh,0.9939,0.9939,0.006,0.0,Fresh,0.9657,0.9657,0.033,0.0013,Fresh,0.998,0.998,0.0017,0.0003
D:\ML Project Freshness Detection\AgriFreshNET Freshness and Shelf-Life Image Datase\AgriFreshNET Freshness and Shelf-Life Image Datase\Processed Data\Processed Data\Semi Fresh Bittermelon ( 3-5)\aug_401_IMG_20251123_013131.jpg,Bittermelon,1,Semi-Fresh,Semi-Fresh,0.8583,0.1405,0.8583,0.0012,Semi-Fresh,0.9576,0.0325,0.9576,0.0098,Semi-Fresh,0.9934,0.0009,0.9934,0.0057,Semi-Fresh,0.9934,0.0007,0.9934,0.0059,Semi-Fresh,0.9983,0.001,0.9983,0.0007
D:\ML Project Freshness Detection\AgriFreshNET Freshness and Shelf-Life Image Datase\AgriFreshNET Freshness and Shelf-Life Image Datase\Processed Data\Processed Data\Rotten Orange(20-35)\aug_428_IMG-20260130-WA0099.jpg,Orange,2,Rotten,Rotten,0.8981,0.005,0.097,0.8981,Rotten,0.9947,0.0008,0.0045,0.9947,Rotten,0.999,0.0,0.001,0.999,Rotten,0.9977,0.0008,0.0015,0.9977,Rotten,0.9953,0.0002,0.0045,0.9953
D:\ML Project Freshness Detection\AgriFreshNET Freshness and Shelf-Life Image Datase\AgriFreshNET Freshness and Shelf-Life Image Datase\Processed Data\Processed Data\Semi fresh Pineapple (15-25)\aug_414_IMG-20251207-WA0028.jpg,Pineapple,1,Semi-Fresh,Semi-Fresh,0.653,0.0524,0.653,0.2946,Semi-Fresh,0.7955,0.1729,0.7955,0.0316,Semi-Fresh,0.9739,0.0139,0.9739,0.0122,Semi-Fresh,0.9735,0.0047,0.9735,0.0218,Semi-Fresh,0.9841,0.0144,0.9841,0.0015
D:\ML Project Freshness Detection\AgriFreshNET Freshness and Shelf-Life Image Datase\AgriFreshNET Freshness and Shelf-Life Image Datase\Processed Data\Processed Data\Semi fresh Orange(9-20)\IMG-20251122-WA0002.jpg,Orange,1,Semi-Fresh,Fresh,0.8774,0.8774,0.1219,0.0007,Fresh,0.8744,0.8744,0.1153,0.0103,Fresh,0.9446,0.9446,0.0397,0.0157,Semi-Fresh,0.4991,0.4834,0.4991,0.0176,Fresh,0.8347,0.8347,0.1537,0.0116
D:\ML Project Freshness Detection\AgriFreshNET Freshness and Shelf-Life Image Datase\AgriFreshNET Freshness and Shelf-Life Image Datase\Processed Data\Processed Data\Fresh Orange(1-9)\IMG_20251105_102330290_HDR_AE.jpg,Orange,0,Fresh,Fresh,0.5492,0.5492,0.4332,0.0176,Fresh,0.6879,0.6879,0.3092,0.0028,Fresh,0.9865,0.9865,0.0134,0.0002,Fresh,0.9421,0.9421,0.0572,0.0006,Fresh,0.9988,0.9988,0.0009,0.0002
D:\ML Project Freshness Detection\AgriFreshNET Freshness and Shelf-Life Image Datase\AgriFreshNET Freshness and Shelf-Life Image Datase\Processed Data\Processed Data\Semi_Fresh eggplant(4-8)\aug_261_IMG_20251130_182256523_HDR.jpg,Eggplant,1,Semi-Fresh,Semi-Fresh,0.7036,0.0502,0.7036,0.2461,Semi-Fresh,0.9272,0.0108,0.9272,0.062,Semi-Fresh,0.8297,0.0837,0.8297,0.0866,Semi-Fresh,0.7008,0.1653,0.7008,0.1339,Semi-Fresh,0.7557,0.2314,0.7557,0.013
D:\ML Project Freshness Detection\AgriFreshNET Freshness and Shelf-Life Image Datase\AgriFreshNET Freshness and Shelf-Life Image Datase\Processed Data\Processed Data\Semi Fresh Papaya(4-7)\aug_438_IMG_20260214_025241.jpg,Papaya,1,Semi-Fresh,Fresh,0.9748,0.9748,0.0246,0.0006,Semi-Fresh,0.6791,0.3018,0.6791,0.0191,Semi-Fresh,0.8719,0.1111,0.8719,0.0169,Semi-Fresh,0.9887,0.0085,0.9887,0.0029,Semi-Fresh,0.9949,0.004,0.9949,0.0012
D:\ML Project Freshness Detection\AgriFreshNET Freshness and Shelf-Life Image Datase\AgriFreshNET Freshness and Shelf-Life Image Datase\Processed Data\Processed Data\Semi Fresh Bittermelon ( 3-5)\aug_472_IMG_20251123_013039.jpg,Bittermelon,1,Semi-Fresh,Semi-Fresh,0.742,0.1952,0.742,0.0628,Semi-Fresh,0.9725,0.0096,0.9725,0.0179,Semi-Fresh,0.9244,0.0025,0.9244,0.0731,Semi-Fresh,0.9564,0.0127,0.9564,0.0309,Semi-Fresh,0.9845,0.0002,0.9845,0.0153
D:\ML Project Freshness Detection\AgriFreshNET Freshness and Shelf-Life Image Datase\AgriFreshNET Freshness and Shelf-Life Image Datase\Processed Data\Processed Data\Rotten Pineapple(25-35)\aug_112_IMG-20260130-WA0110.jpg,Pineapple,2,Rotten,Rotten,0.9991,0.0,0.0009,0.9991,Rotten,0.9991,0.0006,0.0003,0.9991,Rotten,0.9964,0.0023,0.0013,0.9964,Rotten,0.9975,0.0007,0.0018,0.9975,Rotten,0.9997,0.0001,0.0002,0.9997
D:\ML Project Freshness Detection\AgriFreshNET Freshness and Shelf-Life Image Datase\AgriFreshNET Freshness and Shelf-Life Image Datase\Processed Data\Processed Data\Semi fresh Tomato(10-24)\IMG_20251126_192053470_HDR.jpg,Tomato,1,Semi-Fresh,Semi-Fresh,0.591,0.2535,0.591,0.1555,Semi-Fresh,0.9267,0.0067,0.9267,0.0666,Semi-Fresh,0.9847,0.0103,0.9847,0.005,Semi-Fresh,0.9473,0.0031,0.9473,0.0496,Semi-Fresh,0.9993,0.0006,0.9993,0.0001
D:\ML Project Freshness Detection\AgriFreshNET Freshness and Shelf-Life Image Datase\AgriFreshNET Freshness and Shelf-Life Image Datase\Processed Data\Processed Data\Semi Fresh Bittermelon ( 3-5)\aug_354_IMG_20251123_013443.jpg,Bittermelon,1,Semi-Fresh,Semi-Fresh,0.9485,0.0148,0.9485,0.0367,Semi-Fresh,0.9748,0.0009,0.9748,0.0242,Semi-Fresh,0.997,0.0,0.997,0.003,Semi-Fresh,0.9859,0.0003,0.9859,0.0138,Semi-Fresh,0.9994,0.0002,0.9994,0.0004
D:\ML Project Freshness Detection\AgriFreshNET Freshness and Shelf-Life Image Datase\AgriFreshNET Freshness and Shelf-Life Image Datase\Processed Data\Processed Data\Fresh pineapple(1-15)\pineapple(5).jpeg,Pineapple,0,Fresh,Fresh,0.7492,0.7492,0.2232,0.0276,Fresh,0.9844,0.9844,0.0135,0.002,Fresh,0.9957,0.9957,0.0042,0.0001,Fresh,0.9915,0.9915,0.0079,0.0006,Fresh,0.9987,0.9987,0.0009,0.0004
D:\ML Project Freshness Detection\AgriFreshNET Freshness and Shelf-Life Image Datase\AgriFreshNET Freshness and Shelf-Life Image Datase\Processed Data\Processed Data\Fresh pineapple(1-15)\aug_110_IMG_20251112_113951147_HDR_AE.jpg,Pineapple,0,Fresh,Semi-Fresh,0.7628,0.2184,0.7628,0.0188,Semi-Fresh,0.6927,0.3049,0.6927,0.0023,Fresh,0.7771,0.7771,0.2229,0.0001,Fresh,0.9598,0.9598,0.0398,0.0004,Fresh,0.9632,0.9632,0.0359,0.0009
D:\ML Project Freshness Detection\AgriFreshNET Freshness and Shelf-Life Image Datase\AgriFreshNET Freshness and Shelf-Life Image Datase\Processed Data\Processed Data\Rotten eggplant(8-15)\aug_91_IMG_20251112_113420934_HDR_AE.jpg,Eggplant,2,Rotten,Rotten,0.7592,0.085,0.1558,0.7592,Rotten,0.9957,0.0022,0.0021,0.9957,Rotten,0.9725,0.0093,0.0183,0.9725,Rotten,0.9751,0.0064,0.0185,0.9751,Rotten,0.9986,0.0003,0.0011,0.9986
D:\ML Project Freshness Detection\AgriFreshNET Freshness and Shelf-Life Image Datase\AgriFreshNET Freshness and Shelf-Life Image Datase\Processed Data\Processed Data\Rotten Cucumber(12-20)\aug_405_IMG_20251123_012402.jpg,Cucumber,2,Rotten,Rotten,0.9933,0.0017,0.005,0.9933,Rotten,0.9911,0.0005,0.0084,0.9911,Rotten,0.9998,0.0,0.0002,0.9998,Rotten,0.9971,0.0014,0.0015,0.9971,Rotten,0.9996,0.0001,0.0003,0.9996
D:\ML Project Freshness Detection\AgriFreshNET Freshness and Shelf-Life Image Datase\AgriFreshNET Freshness and Shelf-Life Image Datase\Processed Data\Processed Data\Semi Fresh Papaya(4-7)\aug_490_IMG_20251124_021856.jpg,Papaya,1,Semi-Fresh,Semi-Fresh,0.6835,0.3154,0.6835,0.001,Semi-Fresh,0.996,0.0031,0.996,0.001,Semi-Fresh,0.9516,0.0416,0.9516,0.0068,Semi-Fresh,0.9989,0.0006,0.9989,0.0004,Semi-Fresh,0.9973,0.0021,0.9973,0.0006
D:\ML Project Freshness Detection\AgriFreshNET Freshness and Shelf-Life Image Datase\AgriFreshNET Freshness and Shelf-Life Image Datase\Processed Data\Processed Data\Rotten Cucumber(12-20)\aug_287_IMG_20251123_012406.jpg,Cucumber,2,Rotten,Rotten,0.992,0.0017,0.0063,0.992,Rotten,0.9898,0.0006,0.0096,0.9898,Rotten,0.9999,0.0,0.0001,0.9999,Rotten,0.9963,0.0019,0.0018,0.9963,Rotten,0.999,0.0003,0.0007,0.999
D:\ML Project Freshness Detection\AgriFreshNET Freshness and Shelf-Life Image Datase\AgriFreshNET Freshness and Shelf-Life Image Datase\Processed Data\Processed Data\Semi Fresh Bittermelon ( 3-5)\aug_211_IMG_20251123_013349.jpg,Bittermelon,1,Semi-Fresh,Semi-Fresh,0.9469,0.0348,0.9469,0.0183,Semi-Fresh,0.9944,0.0034,0.9944,0.0022,Semi-Fresh,0.9997,0.0001,0.9997,0.0002,Semi-Fresh,0.999,0.0001,0.999,0.0009,Semi-Fresh,0.998,0.0007,0.998,0.0013
D:\ML Project Freshness Detection\AgriFreshNET Freshness and Shelf-Life Image Datase\AgriFreshNET Freshness and Shelf-Life Image Datase\Processed Data\Processed Data\Semi Fresh Bittermelon ( 3-5)\aug_108_IMG_20260120_004721.jpg,Bittermelon,1,Semi-Fresh,Semi-Fresh,0.8064,0.1788,0.8064,0.0148,Semi-Fresh,0.8551,0.0512,0.8551,0.0938,Semi-Fresh,0.9994,0.0003,0.9994,0.0003,Semi-Fresh,0.9969,0.0007,0.9969,0.0024,Semi-Fresh,0.9962,0.0006,0.9962,0.0032
D:\ML Project Freshness Detection\AgriFreshNET Freshness and Shelf-Life Image Datase\AgriFreshNET Freshness and Shelf-Life Image Datase\Processed Data\Processed Data\Semi_Fresh eggplant(4-8)\aug_159_IMG_20251124_192850389_HDR.jpg,Eggplant,1,Semi-Fresh,Semi-Fresh,0.5205,0.4767,0.5205,0.0028,Semi-Fresh,0.9302,0.0671,0.9302,0.0027,Semi-Fresh,0.8396,0.1597,0.8396,0.0007,Semi-Fresh,0.7711,0.2248,0.7711,0.0041,Semi-Fresh,0.8529,0.1448,0.8529,0.0022
D:\ML Project Freshness Detection\AgriFreshNET Freshness and Shelf-Life Image Datase\AgriFreshNET Freshness and Shelf-Life Image Datase\Processed Data\Processed Data\Semi fresh Pineapple (15-25)\aug_172_IMG_20251120_204810907_HDR.jpg,Pineapple,1,Semi-Fresh,Semi-Fresh,0.9344,0.0439,0.9344,0.0217,Semi-Fresh,0.979,0.0132,0.979,0.0078,Semi-Fresh,0.9992,0.0005,0.9992,0.0003,Semi-Fresh,0.9994,0.0002,0.9994,0.0004,Semi-Fresh,0.9913,0.0077,0.9913,0.001
D:\ML Project Freshness Detection\AgriFreshNET Freshness and Shelf-Life Image Datase\AgriFreshNET Freshness and Shelf-Life Image Datase\Processed Data\Processed Data\Semi_Fresh eggplant(4-8)\aug_328_IMG_20251126_193601001_HDR.jpg,Eggplant,1,Semi-Fresh,Semi-Fresh,0.917,0.0811,0.917,0.0019,Semi-Fresh,0.9489,0.0261,0.9489,0.025,Semi-Fresh,0.7154,0.276,0.7154,0.0086,Semi-Fresh,0.9772,0.0081,0.9772,0.0147,Semi-Fresh,0.9961,0.0024,0.9961,0.0015
D:\ML Project Freshness Detection\AgriFreshNET Freshness and Shelf-Life Image Datase\AgriFreshNET Freshness and Shelf-Life Image Datase\Processed Data\Processed Data\Semi fresh Pineapple (15-25)\aug_320_IMG_20251122_211223117_HDR.jpg,Pineapple,1,Semi-Fresh,Semi-Fresh,0.9614,0.0232,0.9614,0.0155,Semi-Fresh,0.7626,0.0262,0.7626,0.2112,Semi-Fresh,0.9972,0.0002,0.9972,0.0026,Semi-Fresh,0.8779,0.0025,0.8779,0.1196,Semi-Fresh,0.8896,0.1069,0.8896,0.0035
D:\ML Project Freshness Detection\AgriFreshNET Freshness and Shelf-Life Image Datase\AgriFreshNET Freshness and Shelf-Life Image Datase\Processed Data\Processed Data\Fresh Tomato(1-10)\IMG_20251106_155950051_HDR_AE.jpg,Tomato,0,Fresh,Fresh,0.8147,0.8147,0.1836,0.0017,Fresh,0.9265,0.9265,0.054,0.0194,Fresh,0.9873,0.9873,0.012,0.0007,Fresh,0.8944,0.8944,0.1002,0.0053,Fresh,0.9064,0.9064,0.0916,0.002
D:\ML Project Freshness Detection\AgriFreshNET Freshness and Shelf-Life Image Datase\AgriFreshNET Freshness and Shelf-Life Image Datase\Processed Data\Processed Data\Semi fresh Pineapple (15-25)\IMG-20251207-WA0027.jpg,Pineapple,1,Semi-Fresh,Semi-Fresh,0.9324,0.039,0.9324,0.0285,Semi-Fresh,0.9912,0.005,0.9912,0.0039,Semi-Fresh,0.9982,0.0012,0.9982,0.0006,Semi-Fresh,0.9976,0.0008,0.9976,0.0016,Semi-Fresh,0.9992,0.0004,0.9992,0.0004
D:\ML Project Freshness Detection\AgriFreshNET Freshness and Shelf-Life Image Datase\AgriFreshNET Freshness and Shelf-Life Image Datase\Processed Data\Processed Data\Fresh Banana(1-4)\aug_35_IMG_20251103_191937613_HDR.jpg,Banana,0,Fresh,Fresh,0.9043,0.9043,0.0942,0.0015,Fresh,0.9165,0.9165,0.0824,0.0011,Fresh,0.9876,0.9876,0.0103,0.0021,Fresh,0.9968,0.9968,0.0023,0.0009,Fresh,0.9892,0.9892,0.0094,0.0014
D:\ML Project Freshness Detection\AgriFreshNET Freshness and Shelf-Life Image Datase\AgriFreshNET Freshness and Shelf-Life Image Datase\Processed Data\Processed Data\Rotten Bittermelon(5-8)\aug_166_IMG_20251202_020015.jpg,Bittermelon,2,Rotten,Rotten,0.9975,0.0002,0.0023,0.9975,Rotten,0.9997,0.0,0.0002,0.9997,Rotten,0.999,0.0007,0.0002,0.999,Rotten,0.9628,0.029,0.0082,0.9628,Rotten,0.9988,0.0002,0.0009,0.9988
D:\ML Project Freshness Detection\AgriFreshNET Freshness and Shelf-Life Image Datase\AgriFreshNET Freshness and Shelf-Life Image Datase\Processed Data\Processed Data\Semi fresh Pineapple (15-25)\aug_62_IMG_20251119_202540220_HDR.jpg,Pineapple,1,Semi-Fresh,Fresh,0.5776,0.5776,0.3579,0.0645,Semi-Fresh,0.575,0.2555,0.575,0.1695,Semi-Fresh,0.9873,0.0032,0.9873,0.0095,Semi-Fresh,0.9333,0.0585,0.9333,0.0081,Semi-Fresh,0.9739,0.0048,0.9739,0.0214
D:\ML Project Freshness Detection\AgriFreshNET Freshness and Shelf-Life Image Datase\AgriFreshNET Freshness and Shelf-Life Image Datase\Processed Data\Processed Data\Fresh Bittermelon(1-3)\aug_58_IMG_20251117_155649.jpg,Bittermelon,0,Fresh,Fresh,0.8104,0.8104,0.1666,0.023,Fresh,0.6633,0.6633,0.3101,0.0266,Fresh,0.9848,0.9848,0.0061,0.0091,Fresh,0.9911,0.9911,0.0074,0.0015,Fresh,0.9907,0.9907,0.0058,0.0035
D:\ML Project Freshness Detection\AgriFreshNET Freshness and Shelf-Life Image Datase\AgriFreshNET Freshness and Shelf-Life Image Datase\Processed Data\Processed Data\Rotten Papaya(7-12)\IMG_20260130_163519_1.jpg,Papaya,2,Rotten,Rotten,0.9777,0.0057,0.0166,0.9777,Rotten,0.9994,0.0001,0.0005,0.9994,Rotten,0.9958,0.0007,0.0035,0.9958,Rotten,0.9958,0.0013,0.0028,0.9958,Rotten,0.9991,0.0002,0.0007,0.9991
D:\ML Project Freshness Detection\AgriFreshNET Freshness and Shelf-Life Image Datase\AgriFreshNET Freshness and Shelf-Life Image Datase\Processed Data\Processed Data\Fresh eggplant(1-4)\aug_320_IMG_20251122_205842571_HDR.jpg,Eggplant,0,Fresh,Fresh,0.8045,0.8045,0.1954,0.0001,Fresh,0.9467,0.9467,0.0531,0.0002,Fresh,0.8736,0.8736,0.1259,0.0005,Fresh,0.9731,0.9731,0.0255,0.0015,Fresh,0.9439,0.9439,0.054,0.0021
D:\ML Project Freshness Detection\AgriFreshNET Freshness and Shelf-Life Image Datase\AgriFreshNET Freshness and Shelf-Life Image Datase\Processed Data\Processed Data\Semi fresh Tomato(10-24)\IMG_20251114_214055940_HDR.jpg,Tomato,1,Semi-Fresh,Semi-Fresh,0.5471,0.4288,0.5471,0.0241,Fresh,0.701,0.701,0.268,0.031,Fresh,0.5861,0.5861,0.4117,0.0021,Fresh,0.8279,0.8279,0.1621,0.01,Semi-Fresh,0.6124,0.3787,0.6124,0.0088
D:\ML Project Freshness Detection\AgriFreshNET Freshness and Shelf-Life Image Datase\AgriFreshNET Freshness and Shelf-Life Image Datase\Processed Data\Processed Data\Semi Fresh Bittermelon ( 3-5)\aug_402_IMG_20251123_013400.jpg,Bittermelon,1,Semi-Fresh,Semi-Fresh,0.9846,0.0108,0.9846,0.0047,Semi-Fresh,0.9435,0.0006,0.9435,0.0559,Semi-Fresh,0.9724,0.0001,0.9724,0.0274,Semi-Fresh,0.9406,0.0003,0.9406,0.0591,Semi-Fresh,0.9987,0.0003,0.9987,0.001
D:\ML Project Freshness Detection\AgriFreshNET Freshness and Shelf-Life Image Datase\AgriFreshNET Freshness and Shelf-Life Image Datase\Processed Data\Processed Data\Rotten Cucumber(12-20)\aug_130_IMG_20251202_015425.jpg,Cucumber,2,Rotten,Rotten,0.9948,0.0015,0.0038,0.9948,Rotten,0.9837,0.0025,0.0138,0.9837,Rotten,0.9999,0.0,0.0001,0.9999,Rotten,0.9948,0.0028,0.0023,0.9948,Rotten,0.9981,0.0004,0.0015,0.9981
D:\ML Project Freshness Detection\AgriFreshNET Freshness and Shelf-Life Image Datase\AgriFreshNET Freshness and Shelf-Life Image Datase\Processed Data\Processed Data\Semi fresh Tomato(10-24)\IMG_20251123_222239983_HDR.jpg,Tomato,1,Semi-Fresh,Semi-Fresh,0.9569,0.0221,0.9569,0.021,Semi-Fresh,0.9827,0.0062,0.9827,0.0112,Semi-Fresh,0.9962,0.0023,0.9962,0.0015,Semi-Fresh,0.9972,0.0016,0.9972,0.0013,Semi-Fresh,0.9928,0.006,0.9928,0.0012
D:\ML Project Freshness Detection\AgriFreshNET Freshness and Shelf-Life Image Datase\AgriFreshNET Freshness and Shelf-Life Image Datase\Processed Data\Processed Data\Rotten Tomato(24-35)\IMG_20260123_182358701_HDR.jpg,Tomato,2,Rotten,Rotten,0.7686,0.0953,0.136,0.7686,Rotten,0.7891,0.0148,0.196,0.7891,Rotten,0.9919,0.0003,0.0079,0.9919,Rotten,0.9929,0.0013,0.0057,0.9929,Rotten,0.99,0.0011,0.0089,0.99
D:\ML Project Freshness Detection\AgriFreshNET Freshness and Shelf-Life Image Datase\AgriFreshNET Freshness and Shelf-Life Image Datase\Processed Data\Processed Data\Rotten Tomato(24-35)\IMG_20260124_112805632_HDR_AE.jpg,Tomato,2,Rotten,Rotten,0.7628,0.0184,0.2188,0.7628,Rotten,0.9513,0.0031,0.0456,0.9513,Rotten,0.9987,0.0001,0.0013,0.9987,Rotten,0.9923,0.0003,0.0074,0.9923,Rotten,0.998,0.0002,0.0017,0.998
D:\ML Project Freshness Detection\AgriFreshNET Freshness and Shelf-Life Image Datase\AgriFreshNET Freshness and Shelf-Life Image Datase\Processed Data\Processed Data\Fresh Orange(1-9)\aug_86_IMG_20251105_102440349_HDR_AE.jpg,Orange,0,Fresh,Fresh,0.503,0.503,0.4943,0.0027,Fresh,0.9668,0.9668,0.0324,0.0008,Fresh,0.9562,0.9562,0.0438,0.0001,Fresh,0.9832,0.9832,0.0163,0.0005,Fresh,0.9966,0.9966,0.0031,0.0003
D:\ML Project Freshness Detection\AgriFreshNET Freshness and Shelf-Life Image Datase\AgriFreshNET Freshness and Shelf-Life Image Datase\Processed Data\Processed Data\Semi fresh Orange(9-20)\IMG_20251124_191402230_HDR.jpg,Orange,1,Semi-Fresh,Semi-Fresh,0.9722,0.0265,0.9722,0.0014,Semi-Fresh,0.9993,0.0004,0.9993,0.0004,Semi-Fresh,0.9999,0.0,0.9999,0.0001,Semi-Fresh,0.9988,0.0004,0.9988,0.0008,Semi-Fresh,0.9994,0.0004,0.9994,0.0002
D:\ML Project Freshness Detection\AgriFreshNET Freshness and Shelf-Life Image Datase\AgriFreshNET Freshness and Shelf-Life Image Datase\Processed Data\Processed Data\Rotten eggplant(8-15)\IMG_20251130_180942748_HDR.jpg,Eggplant,2,Rotten,Semi-Fresh,0.8956,0.0467,0.8956,0.0577,Semi-Fresh,0.5758,0.026,0.5758,0.3981,Rotten,0.8262,0.0075,0.1663,0.8262,Rotten,0.9834,0.0016,0.015,0.9834,Rotten,0.5706,0.0162,0.4133,0.5706
D:\ML Project Freshness Detection\AgriFreshNET Freshness and Shelf-Life Image Datase\AgriFreshNET Freshness and Shelf-Life Image Datase\Processed Data\Processed Data\Rotten Cucumber(12-20)\aug_404_IMG_20251123_012448.jpg,Cucumber,2,Rotten,Rotten,0.971,0.0079,0.0211,0.971,Rotten,0.9735,0.0007,0.0258,0.9735,Rotten,0.9996,0.0,0.0004,0.9996,Rotten,0.9927,0.0011,0.0061,0.9927,Rotten,0.9991,0.0002,0.0008,0.9991
D:\ML Project Freshness Detection\AgriFreshNET Freshness and Shelf-Life Image Datase\AgriFreshNET Freshness and Shelf-Life Image Datase\Processed Data\Processed Data\Fresh Orange(1-9)\aug_334_IMG-20251119-WA0001.jpg,Orange,0,Fresh,Fresh,0.7898,0.7898,0.2029,0.0073,Fresh,0.9636,0.9636,0.0361,0.0002,Fresh,0.7452,0.7452,0.2477,0.0071,Fresh,0.6739,0.6739,0.318,0.0082,Fresh,0.9873,0.9873,0.0112,0.0015
D:\ML Project Freshness Detection\AgriFreshNET Freshness and Shelf-Life Image Datase\AgriFreshNET Freshness and Shelf-Life Image Datase\Processed Data\Processed Data\Semi fresh Tomato(10-24)\aug_52_IMG_20251122_210928433_HDR.jpg,Tomato,1,Semi-Fresh,Semi-Fresh,0.9646,0.0164,0.9646,0.019,Semi-Fresh,0.9954,0.0004,0.9954,0.0042,Semi-Fresh,0.9998,0.0001,0.9998,0.0001,Semi-Fresh,0.9985,0.0005,0.9985,0.001,Semi-Fresh,0.9984,0.0009,0.9984,0.0007
D:\ML Project Freshness Detection\AgriFreshNET Freshness and Shelf-Life Image Datase\AgriFreshNET Freshness and Shelf-Life Image Datase\Processed Data\Processed Data\Fresh Orange(1-9)\aug_264_IMG-20251118-WA0007.jpg,Orange,0,Fresh,Fresh,0.9677,0.9677,0.0323,0.0,Fresh,0.9782,0.9782,0.0218,0.0,Fresh,0.9793,0.9793,0.0206,0.0001,Fresh,0.9456,0.9456,0.0538,0.0006,Fresh,0.9833,0.9833,0.0157,0.0011
D:\ML Project Freshness Detection\AgriFreshNET Freshness and Shelf-Life Image Datase\AgriFreshNET Freshness and Shelf-Life Image Datase\Processed Data\Processed Data\Fresh pineapple(1-15)\aug_87_IMG_20251105_103452347_HDR_AE.jpg,Pineapple,0,Fresh,Fresh,0.7203,0.7203,0.2343,0.0454,Fresh,0.9216,0.9216,0.0674,0.011,Fresh,0.9641,0.9641,0.0347,0.0012,Fresh,0.9908,0.9908,0.0085,0.0007,Fresh,0.9993,0.9993,0.0005,0.0002
D:\ML Project Freshness Detection\AgriFreshNET Freshness and Shelf-Life Image Datase\AgriFreshNET Freshness and Shelf-Life Image Datase\Processed Data\Processed Data\Rotten Orange(20-35)\aug_250_IMG-20260128-WA0016.jpg,Orange,2,Rotten,Rotten,0.9995,0.0,0.0005,0.9995,Rotten,0.9989,0.0002,0.0009,0.9989,Rotten,1.0,0.0,0.0,1.0,Rotten,0.9966,0.0008,0.0026,0.9966,Rotten,0.9991,0.0,0.0009,0.9991
D:\ML Project Freshness Detection\AgriFreshNET Freshness and Shelf-Life Image Datase\AgriFreshNET Freshness and Shelf-Life Image Datase\Processed Data\Processed Data\Rotten eggplant(8-15)\aug_78_IMG_20251123_222404285_HDR.jpg,Eggplant,2,Rotten,Rotten,0.7571,0.0871,0.1558,0.7571,Rotten,0.9211,0.0298,0.049,0.9211,Rotten,0.9958,0.0015,0.0027,0.9958,Rotten,0.9929,0.0039,0.0031,0.9929,Rotten,0.9683,0.0104,0.0213,0.9683
D:\ML Project Freshness Detection\AgriFreshNET Freshness and Shelf-Life Image Datase\AgriFreshNET Freshness and Shelf-Life Image Datase\Processed Data\Processed Data\Fresh eggplant(1-4)\aug_22_IMG_20251125_211018021_HDR.jpg,Eggplant,0,Fresh,Fresh,0.67,0.67,0.3084,0.0217,Fresh,0.7071,0.7071,0.278,0.0148,Fresh,0.9923,0.9923,0.0076,0.0001,Fresh,0.995,0.995,0.0039,0.0011,Fresh,0.9972,0.9972,0.0025,0.0003
D:\ML Project Freshness Detection\AgriFreshNET Freshness and Shelf-Life Image Datase\AgriFreshNET Freshness and Shelf-Life Image Datase\Processed Data\Processed Data\Fresh Banana(1-4)\aug_125_IMG_20251104_131808791_HDR_AE.jpg,Banana,0,Fresh,Fresh,0.7697,0.7697,0.2206,0.0097,Fresh,0.9704,0.9704,0.0292,0.0003,Fresh,0.9902,0.9902,0.0097,0.0001,Fresh,0.9797,0.9797,0.0184,0.0019,Fresh,0.9892,0.9892,0.0105,0.0003
D:\ML Project Freshness Detection\AgriFreshNET Freshness and Shelf-Life Image Datase\AgriFreshNET Freshness and Shelf-Life Image Datase\Processed Data\Processed Data\Rotten Pineapple(25-35)\aug_99_IMG-20260130-WA0129.jpg,Pineapple,2,Rotten,Rotten,0.9996,0.0,0.0004,0.9996,Rotten,1.0,0.0,0.0,1.0,Rotten,0.9998,0.0,0.0001,0.9998,Rotten,0.9997,0.0001,0.0001,0.9997,Rotten,0.9998,0.0001,0.0001,0.9998
D:\ML Project Freshness Detection\AgriFreshNET Freshness and Shelf-Life Image Datase\AgriFreshNET Freshness and Shelf-Life Image Datase\Processed Data\Processed Data\Rotten Tomato(24-35)\aug_192_IMG_20251130_180813904_HDR.jpg,Tomato,2,Rotten,Rotten,0.9586,0.0062,0.0352,0.9586,Rotten,0.9976,0.0003,0.0021,0.9976,Rotten,0.9991,0.0001,0.0008,0.9991,Rotten,0.9995,0.0001,0.0004,0.9995,Rotten,0.9994,0.0002,0.0004,0.9994
D:\ML Project Freshness Detection\AgriFreshNET Freshness and Shelf-Life Image Datase\AgriFreshNET Freshness and Shelf-Life Image Datase\Processed Data\Processed Data\Fresh Orange(1-9)\IMG-20251112-WA0020.jpg,Orange,0,Fresh,Fresh,0.7466,0.7466,0.2345,0.019,Fresh,0.9233,0.9233,0.0735,0.0032,Fresh,0.9728,0.9728,0.0269,0.0003,Fresh,0.9883,0.9883,0.0104,0.0014,Fresh,0.982,0.982,0.0167,0.0013
D:\ML Project Freshness Detection\AgriFreshNET Freshness and Shelf-Life Image Datase\AgriFreshNET Freshness and Shelf-Life Image Datase\Processed Data\Processed Data\Semi Fresh Papaya(4-7)\aug_433_IMG_20251124_021901.jpg,Papaya,1,Semi-Fresh,Semi-Fresh,0.9412,0.0582,0.9412,0.0006,Semi-Fresh,0.9981,0.0015,0.9981,0.0003,Semi-Fresh,0.9883,0.006,0.9883,0.0057,Semi-Fresh,0.9991,0.0002,0.9991,0.0006,Semi-Fresh,0.9747,0.0237,0.9747,0.0016
D:\ML Project Freshness Detection\AgriFreshNET Freshness and Shelf-Life Image Datase\AgriFreshNET Freshness and Shelf-Life Image Datase\Processed Data\Processed Data\Semi Fresh Papaya(4-7)\aug_92_IMG_20260214_025301.jpg,Papaya,1,Semi-Fresh,Semi-Fresh,0.8253,0.1731,0.8253,0.0016,Semi-Fresh,0.9165,0.0685,0.9165,0.0151,Semi-Fresh,0.9834,0.003,0.9834,0.0136,Semi-Fresh,0.9931,0.0042,0.9931,0.0027,Semi-Fresh,0.9988,0.0008,0.9988,0.0003
D:\ML Project Freshness Detection\AgriFreshNET Freshness and Shelf-Life Image Datase\AgriFreshNET Freshness and Shelf-Life Image Datase\Processed Data\Processed Data\Rotten Orange(20-35)\aug_103_IMG-20260130-WA0100.jpg,Orange,2,Rotten,Rotten,0.9216,0.0005,0.0779,0.9216,Rotten,0.9968,0.0002,0.003,0.9968,Rotten,0.9886,0.0,0.0114,0.9886,Rotten,0.9948,0.0022,0.0031,0.9948,Rotten,0.9962,0.0002,0.0037,0.9962
D:\ML Project Freshness Detection\AgriFreshNET Freshness and Shelf-Life Image Datase\AgriFreshNET Freshness and Shelf-Life Image Datase\Processed Data\Processed Data\Semi fresh Tomato(10-24)\aug_115_IMG_20251114_214103351_HDR.jpg,Tomato,1,Semi-Fresh,Semi-Fresh,0.8047,0.175,0.8047,0.0204,Semi-Fresh,0.8594,0.1292,0.8594,0.0113,Semi-Fresh,0.986,0.009,0.986,0.005,Semi-Fresh,0.9047,0.0683,0.9047,0.0271,Semi-Fresh,0.9969,0.003,0.9969,0.0001
D:\ML Project Freshness Detection\AgriFreshNET Freshness and Shelf-Life Image Datase\AgriFreshNET Freshness and Shelf-Life Image Datase\Processed Data\Processed Data\Fresh Bittermelon(1-3)\aug_265_IMG_20251118_161050.jpg,Bittermelon,0,Fresh,Fresh,0.9694,0.9694,0.0298,0.0008,Fresh,0.9584,0.9584,0.0375,0.0042,Fresh,0.9992,0.9992,0.0007,0.0002,Fresh,0.9923,0.9923,0.0068,0.0009,Fresh,0.9924,0.9924,0.0063,0.0013
D:\ML Project Freshness Detection\AgriFreshNET Freshness and Shelf-Life Image Datase\AgriFreshNET Freshness and Shelf-Life Image Datase\Processed Data\Processed Data\Rotten banana(7-13)\IMG_20251125_210438895_HDR.jpg,Banana,2,Rotten,Semi-Fresh,0.6441,0.0072,0.6441,0.3487,Semi-Fresh,0.5287,0.0012,0.5287,0.4701,Semi-Fresh,0.7381,0.0066,0.7381,0.2553,Semi-Fresh,0.8934,0.0108,0.8934,0.0958,Rotten,0.8853,0.0012,0.1135,0.8853
D:\ML Project Freshness Detection\AgriFreshNET Freshness and Shelf-Life Image Datase\AgriFreshNET Freshness and Shelf-Life Image Datase\Processed Data\Processed Data\Semi fresh banana(4-7)\aug_23_IMG_20251106_155456458_HDR.jpg,Banana,1,Semi-Fresh,Semi-Fresh,0.8477,0.0756,0.8477,0.0767,Semi-Fresh,0.8469,0.116,0.8469,0.0371,Semi-Fresh,0.9189,0.0776,0.9189,0.0035,Semi-Fresh,0.9727,0.0236,0.9727,0.0038,Semi-Fresh,0.9485,0.0502,0.9485,0.0012
D:\ML Project Freshness Detection\AgriFreshNET Freshness and Shelf-Life Image Datase\AgriFreshNET Freshness and Shelf-Life Image Datase\Processed Data\Processed Data\Semi_Fresh eggplant(4-8)\aug_24_IMG_20251124_193330989_HDR.jpg,Eggplant,1,Semi-Fresh,Fresh,0.8021,0.8021,0.1978,0.0001,Fresh,0.888,0.888,0.1115,0.0004,Fresh,0.9454,0.9454,0.0532,0.0013,Fresh,0.9277,0.9277,0.0688,0.0035,Fresh,0.9602,0.9602,0.0383,0.0015
D:\ML Project Freshness Detection\AgriFreshNET Freshness and Shelf-Life Image Datase\AgriFreshNET Freshness and Shelf-Life Image Datase\Processed Data\Processed Data\Fresh Papaya(1-4)\aug_403_IMG_20260114_004356.jpg,Papaya,0,Fresh,Fresh,0.8338,0.8338,0.0344,0.1318,Fresh,0.9936,0.9936,0.0059,0.0005,Fresh,0.9996,0.9996,0.0003,0.0001,Fresh,0.9973,0.9973,0.0025,0.0002,Fresh,0.9991,0.9991,0.0006,0.0002
D:\ML Project Freshness Detection\AgriFreshNET Freshness and Shelf-Life Image Datase\AgriFreshNET Freshness and Shelf-Life Image Datase\Processed Data\Processed Data\Rotten banana(7-13)\IMG_20251201_132735607_HDR.jpg,Banana,2,Rotten,Rotten,0.9886,0.0013,0.0101,0.9886,Rotten,0.9973,0.0002,0.0024,0.9973,Rotten,0.9986,0.0003,0.0011,0.9986,Rotten,0.9973,0.0006,0.0021,0.9973,Rotten,0.9967,0.0011,0.0022,0.9967
D:\ML Project Freshness Detection\AgriFreshNET Freshness and Shelf-Life Image Datase\AgriFreshNET Freshness and Shelf-Life Image Datase\Processed Data\Processed Data\Semi Fresh Bittermelon ( 3-5)\aug_362_IMG_20251103_090530.jpg,Bittermelon,1,Semi-Fresh,Semi-Fresh,0.7774,0.0835,0.7774,0.1391,Semi-Fresh,0.5934,0.0058,0.5934,0.4008,Semi-Fresh,0.9604,0.0004,0.9604,0.0392,Semi-Fresh,0.9084,0.0082,0.9084,0.0833,Semi-Fresh,0.9954,0.0017,0.9954,0.0029
D:\ML Project Freshness Detection\AgriFreshNET Freshness and Shelf-Life Image Datase\AgriFreshNET Freshness and Shelf-Life Image Datase\Processed Data\Processed Data\Semi Fresh Papaya(4-7)\aug_145_IMG_20260120_004456.jpg,Papaya,1,Semi-Fresh,Semi-Fresh,0.8245,0.1258,0.8245,0.0497,Semi-Fresh,0.936,0.0367,0.936,0.0273,Semi-Fresh,0.9938,0.0059,0.9938,0.0004,Semi-Fresh,0.9946,0.003,0.9946,0.0024,Semi-Fresh,0.9984,0.0012,0.9984,0.0004
D:\ML Project Freshness Detection\AgriFreshNET Freshness and Shelf-Life Image Datase\AgriFreshNET Freshness and Shelf-Life Image Datase\Processed Data\Processed Data\Semi Fresh Papaya(4-7)\aug_452_IMG_20260214_025243.jpg,Papaya,1,Semi-Fresh,Fresh,0.8538,0.8538,0.1442,0.002,Semi-Fresh,0.7816,0.1443,0.7816,0.0741,Semi-Fresh,0.9814,0.0143,0.9814,0.0043,Semi-Fresh,0.996,0.0028,0.996,0.0012,Semi-Fresh,0.9833,0.0065,0.9833,0.0102
D:\ML Project Freshness Detection\AgriFreshNET Freshness and Shelf-Life Image Datase\AgriFreshNET Freshness and Shelf-Life Image Datase\Processed Data\Processed Data\Rotten banana(7-13)\IMG_20251201_132755694_HDR.jpg,Banana,2,Rotten,Rotten,0.9853,0.0021,0.0126,0.9853,Rotten,0.9987,0.0001,0.0012,0.9987,Rotten,0.9992,0.0002,0.0006,0.9992,Rotten,0.994,0.0036,0.0024,0.994,Rotten,0.9991,0.0004,0.0005,0.9991
D:\ML Project Freshness Detection\AgriFreshNET Freshness and Shelf-Life Image Datase\AgriFreshNET Freshness and Shelf-Life Image Datase\Processed Data\Processed Data\Semi fresh Tomato(10-24)\aug_47_IMG_20251115_121609496_HDR_AE.jpg,Tomato,1,Semi-Fresh,Semi-Fresh,0.7923,0.2051,0.7923,0.0026,Semi-Fresh,0.9762,0.019,0.9762,0.0048,Fresh,0.642,0.642,0.3569,0.0011,Semi-Fresh,0.9414,0.0555,0.9414,0.0031,Semi-Fresh,0.9968,0.0024,0.9968,0.0008
D:\ML Project Freshness Detection\AgriFreshNET Freshness and Shelf-Life Image Datase\AgriFreshNET Freshness and Shelf-Life Image Datase\Processed Data\Processed Data\Fresh eggplant(1-4)\aug_330_IMG_20251122_205605214_HDR.jpg,Eggplant,0,Fresh,Fresh,0.6523,0.6523,0.3474,0.0003,Fresh,0.8686,0.8686,0.1295,0.0019,Fresh,0.9356,0.9356,0.0629,0.0015,Fresh,0.7953,0.7953,0.2024,0.0022,Fresh,0.6433,0.6433,0.3499,0.0069
D:\ML Project Freshness Detection\AgriFreshNET Freshness and Shelf-Life Image Datase\AgriFreshNET Freshness and Shelf-Life Image Datase\Processed Data\Processed Data\Fresh Cucumber(1-6)\aug_214_IMG_20260204_152116.jpg,Cucumber,0,Fresh,Fresh,0.951,0.951,0.047,0.002,Fresh,0.9986,0.9986,0.0013,0.0001,Fresh,0.9981,0.9981,0.0016,0.0003,Fresh,0.9962,0.9962,0.0035,0.0003,Fresh,0.9981,0.9981,0.0013,0.0006
D:\ML Project Freshness Detection\AgriFreshNET Freshness and Shelf-Life Image Datase\AgriFreshNET Freshness and Shelf-Life Image Datase\Processed Data\Processed Data\Fresh Papaya(1-4)\aug_335_IMG_20251123_012822.jpg,Papaya,0,Fresh,Fresh,0.5126,0.5126,0.4866,0.0007,Fresh,0.8251,0.8251,0.1745,0.0004,Fresh,0.993,0.993,0.007,0.0,Fresh,0.9669,0.9669,0.0329,0.0003,Fresh,0.9397,0.9397,0.059,0.0013
D:\ML Project Freshness Detection\AgriFreshNET Freshness and Shelf-Life Image Datase\AgriFreshNET Freshness and Shelf-Life Image Datase\Processed Data\Processed Data\Semi Fresh Bittermelon ( 3-5)\IMG_20260116_025901.jpg,Bittermelon,1,Semi-Fresh,Semi-Fresh,0.5133,0.0157,0.5133,0.471,Semi-Fresh,0.7669,0.0003,0.7669,0.2328,Semi-Fresh,0.9472,0.0277,0.9472,0.0251,Semi-Fresh,0.9908,0.0007,0.9908,0.0086,Semi-Fresh,0.9797,0.0005,0.9797,0.0199
D:\ML Project Freshness Detection\AgriFreshNET Freshness and Shelf-Life Image Datase\AgriFreshNET Freshness and Shelf-Life Image Datase\Processed Data\Processed Data\Rotten Tomato(24-35)\aug_170_IMG_20260123_182145280_HDR.jpg,Tomato,2,Rotten,Semi-Fresh,0.3877,0.2295,0.3877,0.3828,Rotten,0.8332,0.0691,0.0977,0.8332,Rotten,0.6926,0.0216,0.2858,0.6926,Rotten,0.9825,0.005,0.0125,0.9825,Rotten,0.9716,0.0154,0.0131,0.9716
D:\ML Project Freshness Detection\AgriFreshNET Freshness and Shelf-Life Image Datase\AgriFreshNET Freshness and Shelf-Life Image Datase\Processed Data\Processed Data\Rotten Tomato(24-35)\aug_213_IMG_20251130_180709350_HDR.jpg,Tomato,2,Rotten,Semi-Fresh,0.5215,0.1672,0.5215,0.3113,Rotten,0.7665,0.0123,0.2212,0.7665,Semi-Fresh,0.6885,0.0355,0.6885,0.2761,Rotten,0.9624,0.0083,0.0292,0.9624,Rotten,0.9878,0.0041,0.0082,0.9878
D:\ML Project Freshness Detection\AgriFreshNET Freshness and Shelf-Life Image Datase\AgriFreshNET Freshness and Shelf-Life Image Datase\Processed Data\Processed Data\Semi Fresh Papaya(4-7)\aug_160_IMG_20251124_021905.jpg,Papaya,1,Semi-Fresh,Semi-Fresh,0.9783,0.0183,0.9783,0.0033,Semi-Fresh,0.9974,0.0013,0.9974,0.0013,Semi-Fresh,0.9906,0.0026,0.9906,0.0068,Semi-Fresh,0.9921,0.0038,0.9921,0.0041,Semi-Fresh,0.9972,0.0026,0.9972,0.0002
D:\ML Project Freshness Detection\AgriFreshNET Freshness and Shelf-Life Image Datase\AgriFreshNET Freshness and Shelf-Life Image Datase\Processed Data\Processed Data\Semi_Fresh eggplant(4-8)\aug_262_IMG_20251124_193259641_HDR.jpg,Eggplant,1,Semi-Fresh,Fresh,0.7127,0.7127,0.2868,0.0004,Semi-Fresh,0.7006,0.2951,0.7006,0.0043,Semi-Fresh,0.7048,0.291,0.7048,0.0042,Semi-Fresh,0.9753,0.0202,0.9753,0.0045,Semi-Fresh,0.9577,0.0341,0.9577,0.0082
D:\ML Project Freshness Detection\AgriFreshNET Freshness and Shelf-Life Image Datase\AgriFreshNET Freshness and Shelf-Life Image Datase\Processed Data\Processed Data\Rotten banana(7-13)\IMG_20251201_132600273_HDR.jpg,Banana,2,Rotten,Rotten,0.9941,0.0006,0.0053,0.9941,Rotten,0.9997,0.0,0.0002,0.9997,Rotten,0.9972,0.0002,0.0026,0.9972,Rotten,0.9957,0.0015,0.0028,0.9957,Rotten,0.9997,0.0001,0.0003,0.9997
D:\ML Project Freshness Detection\AgriFreshNET Freshness and Shelf-Life Image Datase\AgriFreshNET Freshness and Shelf-Life Image Datase\Processed Data\Processed Data\Rotten banana(7-13)\IMG_20251130_175642763_HDR.jpg,Banana,2,Rotten,Rotten,0.9561,0.0237,0.0202,0.9561,Rotten,0.9967,0.0003,0.003,0.9967,Rotten,0.9962,0.0006,0.0032,0.9962,Rotten,0.9917,0.0044,0.0039,0.9917,Rotten,0.9995,0.0001,0.0004,0.9995
D:\ML Project Freshness Detection\AgriFreshNET Freshness and Shelf-Life Image Datase\AgriFreshNET Freshness and Shelf-Life Image Datase\Processed Data\Processed Data\Rotten Pineapple(25-35)\aug_193_IMG-20251215-WA0047.jpg,Pineapple,2,Rotten,Rotten,0.8557,0.0424,0.1019,0.8557,Rotten,0.9715,0.006,0.0225,0.9715,Rotten,0.9685,0.001,0.0305,0.9685,Rotten,0.9979,0.0006,0.0016,0.9979,Rotten,0.9997,0.0001,0.0002,0.9997
D:\ML Project Freshness Detection\AgriFreshNET Freshness and Shelf-Life Image Datase\AgriFreshNET Freshness and Shelf-Life Image Datase\Processed Data\Processed Data\Semi fresh banana(4-7)\aug_58_IMG_20251107_113826825_HDR_AE.jpg,Banana,1,Semi-Fresh,Semi-Fresh,0.9091,0.021,0.9091,0.0698,Semi-Fresh,0.9447,0.0018,0.9447,0.0535,Semi-Fresh,0.9515,0.039,0.9515,0.0095,Semi-Fresh,0.9838,0.0021,0.9838,0.0141,Semi-Fresh,0.9988,0.0009,0.9988,0.0003
D:\ML Project Freshness Detection\AgriFreshNET Freshness and Shelf-Life Image Datase\AgriFreshNET Freshness and Shelf-Life Image Datase\Processed Data\Processed Data\Fresh Tomato(1-10)\IMG_20251124_192256630_HDR.jpg,Tomato,0,Fresh,Semi-Fresh,0.6697,0.3211,0.6697,0.0091,Fresh,0.7919,0.7919,0.1968,0.0113,Fresh,0.844,0.844,0.1498,0.0062,Fresh,0.9861,0.9861,0.0127,0.0012,Fresh,0.9932,0.9932,0.0056,0.0012
D:\ML Project Freshness Detection\AgriFreshNET Freshness and Shelf-Life Image Datase\AgriFreshNET Freshness and Shelf-Life Image Datase\Processed Data\Processed Data\Semi_Fresh eggplant(4-8)\IMG_20251127_192604365_HDR.jpg,Eggplant,1,Semi-Fresh,Rotten,0.517,0.0302,0.4528,0.517,Semi-Fresh,0.5122,0.0354,0.5122,0.4524,Semi-Fresh,0.7638,0.0157,0.7638,0.2205,Semi-Fresh,0.6992,0.014,0.6992,0.2868,Semi-Fresh,0.9427,0.0006,0.9427,0.0566
D:\ML Project Freshness Detection\AgriFreshNET Freshness and Shelf-Life Image Datase\AgriFreshNET Freshness and Shelf-Life Image Datase\Processed Data\Processed Data\Rotten Cucumber(12-20)\aug_119_IMG_20251121_080624.jpg,Cucumber,2,Rotten,Rotten,0.8905,0.0348,0.0747,0.8905,Rotten,0.9798,0.0009,0.0194,0.9798,Rotten,0.9938,0.0001,0.0062,0.9938,Rotten,0.993,0.0022,0.0049,0.993,Rotten,0.9309,0.001,0.0681,0.9309
D:\ML Project Freshness Detection\AgriFreshNET Freshness and Shelf-Life Image Datase\AgriFreshNET Freshness and Shelf-Life Image Datase\Processed Data\Processed Data\Fresh pineapple(1-15)\IMG_20251112_113921532_HDR_AE.jpg,Pineapple,0,Fresh,Fresh,0.6436,0.6436,0.343,0.0134,Fresh,0.5657,0.5657,0.4272,0.0071,Fresh,0.9618,0.9618,0.0378,0.0004,Fresh,0.9601,0.9601,0.0382,0.0017,Fresh,0.9904,0.9904,0.0094,0.0002
D:\ML Project Freshness Detection\AgriFreshNET Freshness and Shelf-Life Image Datase\AgriFreshNET Freshness and Shelf-Life Image Datase\Processed Data\Processed Data\Semi fresh banana(4-7)\aug_116_IMG_20251124_190707657_HDR.jpg,Banana,1,Semi-Fresh,Semi-Fresh,0.76,0.2364,0.76,0.0036,Semi-Fresh,0.9674,0.0233,0.9674,0.0093,Semi-Fresh,0.8943,0.0866,0.8943,0.019,Semi-Fresh,0.9421,0.0382,0.9421,0.0197,Semi-Fresh,0.9304,0.0692,0.9304,0.0004
D:\ML Project Freshness Detection\AgriFreshNET Freshness and Shelf-Life Image Datase\AgriFreshNET Freshness and Shelf-Life Image Datase\Processed Data\Processed Data\Fresh Bittermelon(1-3)\IMG_20260114_005405.jpg,Bittermelon,0,Fresh,Fresh,0.9864,0.9864,0.0135,0.0001,Fresh,0.9976,0.9976,0.0023,0.0001,Fresh,0.9998,0.9998,0.0001,0.0001,Fresh,0.9972,0.9972,0.0023,0.0005,Fresh,0.9995,0.9995,0.0004,0.0001
D:\ML Project Freshness Detection\AgriFreshNET Freshness and Shelf-Life Image Datase\AgriFreshNET Freshness and Shelf-Life Image Datase\Processed Data\Processed Data\Rotten Bittermelon(5-8)\aug_322_IMG_20251202_020423.jpg,Bittermelon,2,Rotten,Rotten,0.9934,0.0002,0.0064,0.9934,Rotten,0.9928,0.0006,0.0066,0.9928,Rotten,0.9999,0.0,0.0001,0.9999,Rotten,0.9965,0.0012,0.0023,0.9965,Rotten,0.9985,0.0,0.0015,0.9985
D:\ML Project Freshness Detection\AgriFreshNET Freshness and Shelf-Life Image Datase\AgriFreshNET Freshness and Shelf-Life Image Datase\Processed Data\Processed Data\Semi fresh Tomato(10-24)\IMG_20251117_140641548_HDR_AE.jpg,Tomato,1,Semi-Fresh,Fresh,0.5552,0.5552,0.4309,0.014,Fresh,0.5577,0.5577,0.4382,0.0041,Semi-Fresh,0.5484,0.4507,0.5484,0.0009,Semi-Fresh,0.8344,0.1634,0.8344,0.0022,Semi-Fresh,0.9835,0.0163,0.9835,0.0002
D:\ML Project Freshness Detection\AgriFreshNET Freshness and Shelf-Life Image Datase\AgriFreshNET Freshness and Shelf-Life Image Datase\Processed Data\Processed Data\Fresh eggplant(1-4)\aug_342_IMG_20251121_143712690_HDR_AE.jpg,Eggplant,0,Fresh,Fresh,0.8134,0.8134,0.186,0.0006,Fresh,0.6445,0.6445,0.3475,0.0081,Fresh,0.9575,0.9575,0.0422,0.0003,Fresh,0.9882,0.9882,0.0107,0.0011,Fresh,0.9973,0.9973,0.0024,0.0002
D:\ML Project Freshness Detection\AgriFreshNET Freshness and Shelf-Life Image Datase\AgriFreshNET Freshness and Shelf-Life Image Datase\Processed Data\Processed Data\Fresh Papaya(1-4)\aug_254_IMG_20260114_004748.jpg,Papaya,0,Fresh,Fresh,0.9625,0.9625,0.0336,0.004,Fresh,0.9859,0.9859,0.0119,0.0022,Fresh,0.9997,0.9997,0.0001,0.0002,Fresh,0.9994,0.9994,0.0004,0.0002,Fresh,0.9977,0.9977,0.0014,0.0009
D:\ML Project Freshness Detection\AgriFreshNET Freshness and Shelf-Life Image Datase\AgriFreshNET Freshness and Shelf-Life Image Datase\Processed Data\Processed Data\Semi Fresh Bittermelon ( 3-5)\aug_154_IMG_20251105_143052.jpg,Bittermelon,1,Semi-Fresh,Semi-Fresh,0.9158,0.0756,0.9158,0.0086,Semi-Fresh,0.9712,0.0021,0.9712,0.0267,Semi-Fresh,0.9914,0.0084,0.9914,0.0003,Semi-Fresh,0.9797,0.0176,0.9797,0.0027,Semi-Fresh,0.9928,0.0021,0.9928,0.0051
D:\ML Project Freshness Detection\AgriFreshNET Freshness and Shelf-Life Image Datase\AgriFreshNET Freshness and Shelf-Life Image Datase\Processed Data\Processed Data\Semi fresh Pineapple (15-25)\IMG-20251207-WA0031.jpg,Pineapple,1,Semi-Fresh,Semi-Fresh,0.9121,0.0739,0.9121,0.014,Semi-Fresh,0.9783,0.0177,0.9783,0.004,Semi-Fresh,0.9894,0.0105,0.9894,0.0002,Semi-Fresh,0.9997,0.0002,0.9997,0.0001,Semi-Fresh,0.9982,0.0017,0.9982,0.0002
D:\ML Project Freshness Detection\AgriFreshNET Freshness and Shelf-Life Image Datase\AgriFreshNET Freshness and Shelf-Life Image Datase\Processed Data\Processed Data\Rotten Tomato(24-35)\IMG-20260207-WA0017.jpg,Tomato,2,Rotten,Rotten,0.979,0.0108,0.0101,0.979,Rotten,0.9984,0.0008,0.0008,0.9984,Rotten,0.9949,0.0045,0.0007,0.9949,Rotten,0.9963,0.0022,0.0015,0.9963,Rotten,0.9979,0.001,0.0011,0.9979
D:\ML Project Freshness Detection\AgriFreshNET Freshness and Shelf-Life Image Datase\AgriFreshNET Freshness and Shelf-Life Image Datase\Processed Data\Processed Data\Fresh eggplant(1-4)\aug_66_eggplant(2).jpeg,Eggplant,0,Fresh,Fresh,0.4559,0.4559,0.2622,0.2819,Fresh,0.5449,0.5449,0.2741,0.181,Fresh,0.6938,0.6938,0.1854,0.1208,Fresh,0.9845,0.9845,0.0128,0.0027,Fresh,0.9675,0.9675,0.0295,0.003
D:\ML Project Freshness Detection\AgriFreshNET Freshness and Shelf-Life Image Datase\AgriFreshNET Freshness and Shelf-Life Image Datase\Processed Data\Processed Data\Semi fresh Pineapple (15-25)\aug_70_IMG-20251205-WA0016.jpg,Pineapple,1,Semi-Fresh,Semi-Fresh,0.9406,0.0566,0.9406,0.0028,Semi-Fresh,0.9858,0.0091,0.9858,0.005,Semi-Fresh,0.992,0.0074,0.992,0.0007,Semi-Fresh,0.9993,0.0006,0.9993,0.0002,Semi-Fresh,0.9989,0.001,0.9989,0.0001
D:\ML Project Freshness Detection\AgriFreshNET Freshness and Shelf-Life Image Datase\AgriFreshNET Freshness and Shelf-Life Image Datase\Processed Data\Processed Data\Semi Fresh Cucumber(6-12)\aug_48_IMG_20260212_155557.jpg,Cucumber,1,Semi-Fresh,Semi-Fresh,0.785,0.0176,0.785,0.1974,Semi-Fresh,0.9995,0.0001,0.9995,0.0004,Semi-Fresh,0.9969,0.0005,0.9969,0.0026,Semi-Fresh,0.9965,0.0006,0.9965,0.0029,Semi-Fresh,0.986,0.0069,0.986,0.0071
D:\ML Project Freshness Detection\AgriFreshNET Freshness and Shelf-Life Image Datase\AgriFreshNET Freshness and Shelf-Life Image Datase\Processed Data\Processed Data\Fresh pineapple(1-15)\aug_226_IMG-20251130-WA0015.jpg,Pineapple,0,Fresh,Fresh,0.9089,0.9089,0.0866,0.0045,Fresh,0.9807,0.9807,0.0165,0.0027,Fresh,0.9987,0.9987,0.0013,0.0,Fresh,0.9926,0.9926,0.0069,0.0005,Fresh,0.9978,0.9978,0.002,0.0002
D:\ML Project Freshness Detection\AgriFreshNET Freshness and Shelf-Life Image Datase\AgriFreshNET Freshness and Shelf-Life Image Datase\Processed Data\Processed Data\Semi fresh Pineapple (15-25)\aug_74_IMG-20251207-WA0021.jpg,Pineapple,1,Semi-Fresh,Semi-Fresh,0.9535,0.0433,0.9535,0.0032,Semi-Fresh,0.9986,0.0008,0.9986,0.0006,Semi-Fresh,0.9743,0.0246,0.9743,0.0011,Semi-Fresh,0.9922,0.0071,0.9922,0.0007,Semi-Fresh,0.999,0.0004,0.999,0.0006
D:\ML Project Freshness Detection\AgriFreshNET Freshness and Shelf-Life Image Datase\AgriFreshNET Freshness and Shelf-Life Image Datase\Processed Data\Processed Data\Rotten Pineapple(25-35)\IMG-20260128-WA0061.jpg,Pineapple,2,Rotten,Rotten,0.9976,0.0004,0.002,0.9976,Rotten,0.9998,0.0001,0.0001,0.9998,Rotten,0.9989,0.0003,0.0008,0.9989,Rotten,0.9972,0.0017,0.0011,0.9972,Rotten,0.9995,0.0003,0.0002,0.9995
D:\ML Project Freshness Detection\AgriFreshNET Freshness and Shelf-Life Image Datase\AgriFreshNET Freshness and Shelf-Life Image Datase\Processed Data\Processed Data\Semi Fresh Cucumber(6-12)\IMG_20260212_155330.jpg,Cucumber,1,Semi-Fresh,Semi-Fresh,0.8983,0.0555,0.8983,0.0463,Semi-Fresh,0.9858,0.0004,0.9858,0.0138,Semi-Fresh,0.994,0.0003,0.994,0.0057,Semi-Fresh,0.9989,0.0,0.9989,0.0011,Semi-Fresh,0.9992,0.0003,0.9992,0.0005
D:\ML Project Freshness Detection\AgriFreshNET Freshness and Shelf-Life Image Datase\AgriFreshNET Freshness and Shelf-Life Image Datase\Processed Data\Processed Data\Rotten Papaya(7-12)\aug_63_IMG_20251202_021842.jpg,Papaya,2,Rotten,Rotten,0.9791,0.0013,0.0195,0.9791,Rotten,0.9982,0.0002,0.0016,0.9982,Rotten,0.9993,0.0,0.0006,0.9993,Rotten,0.9975,0.0005,0.002,0.9975,Rotten,0.9981,0.0002,0.0018,0.9981
D:\ML Project Freshness Detection\AgriFreshNET Freshness and Shelf-Life Image Datase\AgriFreshNET Freshness and Shelf-Life Image Datase\Processed Data\Processed Data\Semi fresh banana(4-7)\IMG_20251107_113625103_HDR_AE.jpg,Banana,1,Semi-Fresh,Semi-Fresh,0.8537,0.0417,0.8537,0.1046,Semi-Fresh,0.6943,0.0309,0.6943,0.2748,Semi-Fresh,0.9015,0.006,0.9015,0.0924,Semi-Fresh,0.9736,0.0048,0.9736,0.0216,Semi-Fresh,0.9844,0.0064,0.9844,0.0092
D:\ML Project Freshness Detection\AgriFreshNET Freshness and Shelf-Life Image Datase\AgriFreshNET Freshness and Shelf-Life Image Datase\Processed Data\Processed Data\Semi fresh Pineapple (15-25)\aug_41_IMG_20251121_144728152_HDR_AE.jpg,Pineapple,1,Semi-Fresh,Semi-Fresh,0.7855,0.2079,0.7855,0.0066,Semi-Fresh,0.9505,0.0332,0.9505,0.0163,Semi-Fresh,0.7693,0.2163,0.7693,0.0143,Semi-Fresh,0.9881,0.0099,0.9881,0.0019,Semi-Fresh,0.9814,0.0034,0.9814,0.0152
D:\ML Project Freshness Detection\AgriFreshNET Freshness and Shelf-Life Image Datase\AgriFreshNET Freshness and Shelf-Life Image Datase\Processed Data\Processed Data\Fresh eggplant(1-4)\aug_96_IMG_20251107_114452833_HDR_AE.jpg,Eggplant,0,Fresh,Fresh,0.9711,0.9711,0.0283,0.0005,Fresh,0.9003,0.9003,0.0975,0.0023,Fresh,0.9542,0.9542,0.0447,0.0011,Fresh,0.9464,0.9464,0.052,0.0016,Fresh,0.9943,0.9943,0.0054,0.0003
D:\ML Project Freshness Detection\AgriFreshNET Freshness and Shelf-Life Image Datase\AgriFreshNET Freshness and Shelf-Life Image Datase\Processed Data\Processed Data\Rotten eggplant(8-15)\aug_359_IMG_20251112_113358813_HDR_AE.jpg,Eggplant,2,Rotten,Rotten,0.9841,0.0021,0.0138,0.9841,Rotten,0.9927,0.0011,0.0062,0.9927,Rotten,0.9872,0.0055,0.0072,0.9872,Rotten,0.9898,0.0042,0.006,0.9898,Rotten,0.9966,0.0003,0.0031,0.9966
D:\ML Project Freshness Detection\AgriFreshNET Freshness and Shelf-Life Image Datase\AgriFreshNET Freshness and Shelf-Life Image Datase\Processed Data\Processed Data\Semi Fresh Papaya(4-7)\aug_161_IMG_20251031_164038.jpg,Papaya,1,Semi-Fresh,Semi-Fresh,0.9111,0.0085,0.9111,0.0803,Semi-Fresh,0.9911,0.0008,0.9911,0.0082,Semi-Fresh,0.9991,0.0007,0.9991,0.0002,Semi-Fresh,0.9988,0.0003,0.9988,0.0009,Semi-Fresh,0.9913,0.0084,0.9913,0.0003
D:\ML Project Freshness Detection\AgriFreshNET Freshness and Shelf-Life Image Datase\AgriFreshNET Freshness and Shelf-Life Image Datase\Processed Data\Processed Data\Fresh Orange(1-9)\IMG_20251110_094308321_HDR_AE.jpg,Orange,0,Fresh,Fresh,0.5357,0.5357,0.4553,0.009,Fresh,0.6992,0.6992,0.2977,0.003,Fresh,0.9902,0.9902,0.0097,0.0,Fresh,0.8939,0.8939,0.1052,0.0009,Fresh,0.9982,0.9982,0.0016,0.0001
D:\ML Project Freshness Detection\AgriFreshNET Freshness and Shelf-Life Image Datase\AgriFreshNET Freshness and Shelf-Life Image Datase\Processed Data\Processed Data\Rotten Bittermelon(5-8)\aug_156_IMG_20251124_021945.jpg,Bittermelon,2,Rotten,Rotten,0.95,0.0042,0.0459,0.95,Rotten,0.999,0.0001,0.0009,0.999,Rotten,0.996,0.0003,0.0038,0.996,Rotten,0.9942,0.0023,0.0035,0.9942,Rotten,0.9995,0.0001,0.0004,0.9995
D:\ML Project Freshness Detection\AgriFreshNET Freshness and Shelf-Life Image Datase\AgriFreshNET Freshness and Shelf-Life Image Datase\Processed Data\Processed Data\Fresh eggplant(1-4)\aug_74_eggplant(10).jpeg,Eggplant,0,Fresh,Fresh,0.4789,0.4789,0.2021,0.3191,Fresh,0.5813,0.5813,0.3515,0.0672,Semi-Fresh,0.4317,0.3808,0.4317,0.1875,Fresh,0.8177,0.8177,0.152,0.0302,Fresh,0.6298,0.6298,0.3595,0.0107
D:\ML Project Freshness Detection\AgriFreshNET Freshness and Shelf-Life Image Datase\AgriFreshNET Freshness and Shelf-Life Image Datase\Processed Data\Processed Data\Rotten Papaya(7-12)\IMG_20260122_002624.jpg,Papaya,2,Rotten,Semi-Fresh,0.6155,0.1485,0.6155,0.2361,Rotten,0.9289,0.0003,0.0709,0.9289,Semi-Fresh,0.854,0.0008,0.854,0.1452,Semi-Fresh,0.6088,0.0017,0.6088,0.3895,Semi-Fresh,0.7743,0.0014,0.7743,0.2243
D:\ML Project Freshness Detection\AgriFreshNET Freshness and Shelf-Life Image Datase\AgriFreshNET Freshness and Shelf-Life Image Datase\Processed Data\Processed Data\Rotten Cucumber(12-20)\aug_99_IMG_20251202_015522.jpg,Cucumber,2,Rotten,Rotten,0.9983,0.0007,0.001,0.9983,Rotten,0.9926,0.0003,0.0071,0.9926,Rotten,0.9999,0.0,0.0001,0.9999,Rotten,0.9967,0.0016,0.0017,0.9967,Rotten,0.9991,0.0002,0.0007,0.9991
D:\ML Project Freshness Detection\AgriFreshNET Freshness and Shelf-Life Image Datase\AgriFreshNET Freshness and Shelf-Life Image Datase\Processed Data\Processed Data\Semi fresh Pineapple (15-25)\aug_199_IMG_20251117_141251940_HDR_AE.jpg,Pineapple,1,Semi-Fresh,Semi-Fresh,0.6808,0.2951,0.6808,0.0241,Semi-Fresh,0.8701,0.1246,0.8701,0.0053,Semi-Fresh,0.9394,0.0589,0.9394,0.0018,Semi-Fresh,0.9989,0.0011,0.9989,0.0001,Fresh,0.535,0.535,0.4635,0.0015
D:\ML Project Freshness Detection\AgriFreshNET Freshness and Shelf-Life Image Datase\AgriFreshNET Freshness and Shelf-Life Image Datase\Processed Data\Processed Data\Rotten Cucumber(12-20)\aug_238_IMG_20251121_080621.jpg,Cucumber,2,Rotten,Rotten,0.7834,0.0681,0.1485,0.7834,Rotten,0.9698,0.0028,0.0274,0.9698,Rotten,0.9766,0.0002,0.0232,0.9766,Rotten,0.9981,0.0005,0.0014,0.9981,Rotten,0.9978,0.0002,0.002,0.9978
D:\ML Project Freshness Detection\AgriFreshNET Freshness and Shelf-Life Image Datase\AgriFreshNET Freshness and Shelf-Life Image Datase\Processed Data\Processed Data\Rotten Tomato(24-35)\IMG_20260126_223705332_HDR.jpg,Tomato,2,Rotten,Rotten,0.9764,0.0004,0.0232,0.9764,Rotten,0.9964,0.0001,0.0034,0.9964,Rotten,0.9997,0.0,0.0003,0.9997,Rotten,0.9992,0.0,0.0008,0.9992,Rotten,0.9985,0.0001,0.0014,0.9985
D:\ML Project Freshness Detection\AgriFreshNET Freshness and Shelf-Life Image Datase\AgriFreshNET Freshness and Shelf-Life Image Datase\Processed Data\Processed Data\Rotten Tomato(24-35)\aug_302_IMG_20260128_095306229_HDR_AE.jpg,Tomato,2,Rotten,Semi-Fresh,0.6119,0.0582,0.6119,0.3298,Rotten,0.9696,0.004,0.0263,0.9696,Rotten,0.987,0.0004,0.0126,0.987,Rotten,0.972,0.012,0.016,0.972,Rotten,0.9949,0.0012,0.0039,0.9949
D:\ML Project Freshness Detection\AgriFreshNET Freshness and Shelf-Life Image Datase\AgriFreshNET Freshness and Shelf-Life Image Datase\Processed Data\Processed Data\Rotten Orange(20-35)\aug_161_IMG-20251114-WA0001.jpg,Orange,2,Rotten,Rotten,0.9799,0.0045,0.0156,0.9799,Rotten,0.9985,0.0003,0.0012,0.9985,Rotten,0.9983,0.0004,0.0013,0.9983,Rotten,0.9967,0.0025,0.0008,0.9967,Rotten,0.9994,0.0002,0.0004,0.9994
D:\ML Project Freshness Detection\AgriFreshNET Freshness and Shelf-Life Image Datase\AgriFreshNET Freshness and Shelf-Life Image Datase\Processed Data\Processed Data\Semi fresh Orange(9-20)\aug_62_IMG_20251120_202758118_HDR.jpg,Orange,1,Semi-Fresh,Semi-Fresh,0.9477,0.0523,0.9477,0.0,Semi-Fresh,0.9994,0.0005,0.9994,0.0001,Semi-Fresh,0.9977,0.0023,0.9977,0.0,Semi-Fresh,0.9989,0.0004,0.9989,0.0007,Semi-Fresh,0.9993,0.0006,0.9993,0.0001
D:\ML Project Freshness Detection\AgriFreshNET Freshness and Shelf-Life Image Datase\AgriFreshNET Freshness and Shelf-Life Image Datase\Processed Data\Processed Data\Rotten Cucumber(12-20)\aug_125_IMG_20260209_011500.jpg,Cucumber,2,Rotten,Rotten,0.9909,0.0015,0.0076,0.9909,Rotten,0.9945,0.0013,0.0042,0.9945,Rotten,0.9986,0.0001,0.0013,0.9986,Rotten,0.998,0.0006,0.0014,0.998,Rotten,0.9998,0.0001,0.0001,0.9998
D:\ML Project Freshness Detection\AgriFreshNET Freshness and Shelf-Life Image Datase\AgriFreshNET Freshness and Shelf-Life Image Datase\Processed Data\Processed Data\Semi fresh Orange(9-20)\IMG_20251115_121722899_HDR_AE.jpg,Orange,1,Semi-Fresh,Semi-Fresh,0.963,0.0343,0.963,0.0027,Semi-Fresh,0.9956,0.0037,0.9956,0.0007,Semi-Fresh,0.951,0.0485,0.951,0.0005,Semi-Fresh,0.9984,0.0014,0.9984,0.0002,Semi-Fresh,0.9981,0.0017,0.9981,0.0002
D:\ML Project Freshness Detection\AgriFreshNET Freshness and Shelf-Life Image Datase\AgriFreshNET Freshness and Shelf-Life Image Datase\Processed Data\Processed Data\Semi Fresh Papaya(4-7)\aug_311_IMG_20260214_025206.jpg,Papaya,1,Semi-Fresh,Fresh,0.8229,0.8229,0.1762,0.0009,Semi-Fresh,0.8735,0.1094,0.8735,0.0171,Semi-Fresh,0.9835,0.0146,0.9835,0.002,Semi-Fresh,0.9963,0.0026,0.9963,0.0011,Semi-Fresh,0.9964,0.0029,0.9964,0.0007
D:\ML Project Freshness Detection\AgriFreshNET Freshness and Shelf-Life Image Datase\AgriFreshNET Freshness and Shelf-Life Image Datase\Processed Data\Processed Data\Rotten Bittermelon(5-8)\aug_32_IMG_20260125_005723.jpg,Bittermelon,2,Rotten,Rotten,0.8549,0.0004,0.1447,0.8549,Rotten,0.996,0.0001,0.0039,0.996,Rotten,0.9975,0.0,0.0025,0.9975,Rotten,0.9952,0.0003,0.0044,0.9952,Rotten,0.9986,0.0002,0.0012,0.9986
D:\ML Project Freshness Detection\AgriFreshNET Freshness and Shelf-Life Image Datase\AgriFreshNET Freshness and Shelf-Life Image Datase\Processed Data\Processed Data\Rotten Cucumber(12-20)\aug_276_IMG_20251202_015522.jpg,Cucumber,2,Rotten,Rotten,0.9978,0.0009,0.0013,0.9978,Rotten,0.9879,0.0006,0.0115,0.9879,Rotten,1.0,0.0,0.0,1.0,Rotten,0.9962,0.0019,0.0019,0.9962,Rotten,0.9989,0.0003,0.0009,0.9989
D:\ML Project Freshness Detection\AgriFreshNET Freshness and Shelf-Life Image Datase\AgriFreshNET Freshness and Shelf-Life Image Datase\Processed Data\Processed Data\Semi_Fresh eggplant(4-8)\aug_134_IMG_20251201_190430037_HDR.jpg,Eggplant,1,Semi-Fresh,Semi-Fresh,0.9315,0.0653,0.9315,0.0033,Semi-Fresh,0.9178,0.0408,0.9178,0.0415,Semi-Fresh,0.9933,0.0053,0.9933,0.0014,Semi-Fresh,0.9909,0.0026,0.9909,0.0065,Semi-Fresh,0.9931,0.0038,0.9931,0.0031
D:\ML Project Freshness Detection\AgriFreshNET Freshness and Shelf-Life Image Datase\AgriFreshNET Freshness and Shelf-Life Image Datase\Processed Data\Processed Data\Semi Fresh Cucumber(6-12)\aug_280_IMG_20260125_005548.jpg,Cucumber,1,Semi-Fresh,Semi-Fresh,0.7106,0.0735,0.7106,0.2159,Semi-Fresh,0.8972,0.0502,0.8972,0.0526,Semi-Fresh,0.9825,0.0074,0.9825,0.0102,Semi-Fresh,0.9922,0.003,0.9922,0.0048,Semi-Fresh,0.9986,0.0005,0.9986,0.0009
D:\ML Project Freshness Detection\AgriFreshNET Freshness and Shelf-Life Image Datase\AgriFreshNET Freshness and Shelf-Life Image Datase\Processed Data\Processed Data\Rotten Cucumber(12-20)\aug_209_IMG_20260202_032554.jpg,Cucumber,2,Rotten,Rotten,0.9172,0.0116,0.0712,0.9172,Rotten,0.9941,0.0002,0.0057,0.9941,Rotten,0.9852,0.0001,0.0147,0.9852,Rotten,0.9953,0.0007,0.0041,0.9953,Rotten,0.9985,0.0001,0.0015,0.9985
D:\ML Project Freshness Detection\AgriFreshNET Freshness and Shelf-Life Image Datase\AgriFreshNET Freshness and Shelf-Life Image Datase\Processed Data\Processed Data\Semi fresh Tomato(10-24)\aug_6_IMG_20251119_200639355_HDR.jpg,Tomato,1,Semi-Fresh,Semi-Fresh,0.9486,0.0338,0.9486,0.0177,Semi-Fresh,0.7296,0.0024,0.7296,0.268,Semi-Fresh,0.9635,0.0001,0.9635,0.0364,Semi-Fresh,0.9955,0.0002,0.9955,0.0043,Semi-Fresh,0.9923,0.0003,0.9923,0.0073
D:\ML Project Freshness Detection\AgriFreshNET Freshness and Shelf-Life Image Datase\AgriFreshNET Freshness and Shelf-Life Image Datase\Processed Data\Processed Data\Semi fresh banana(4-7)\IMG_20260121_230343869_HDR.jpg,Banana,1,Semi-Fresh,Semi-Fresh,0.7525,0.2436,0.7525,0.0039,Semi-Fresh,0.9839,0.004,0.9839,0.012,Semi-Fresh,0.9987,0.001,0.9987,0.0003,Semi-Fresh,0.9995,0.0001,0.9995,0.0004,Semi-Fresh,0.9997,0.0002,0.9997,0.0001
D:\ML Project Freshness Detection\AgriFreshNET Freshness and Shelf-Life Image Datase\AgriFreshNET Freshness and Shelf-Life Image Datase\Processed Data\Processed Data\Rotten Orange(20-35)\aug_364_IMG-20251114-WA0014.jpg,Orange,2,Rotten,Rotten,0.9617,0.0074,0.031,0.9617,Rotten,0.9642,0.0052,0.0306,0.9642,Rotten,0.9973,0.0003,0.0025,0.9973,Rotten,0.9976,0.0007,0.0017,0.9976,Rotten,0.997,0.0006,0.0023,0.997
D:\ML Project Freshness Detection\AgriFreshNET Freshness and Shelf-Life Image Datase\AgriFreshNET Freshness and Shelf-Life Image Datase\Processed Data\Processed Data\Rotten Papaya(7-12)\IMG_20251202_021324.jpg,Papaya,2,Rotten,Rotten,0.7356,0.0609,0.2034,0.7356,Rotten,0.9974,0.0008,0.0018,0.9974,Rotten,0.9766,0.0062,0.0172,0.9766,Rotten,0.9708,0.0048,0.0245,0.9708,Rotten,0.9983,0.0002,0.0015,0.9983
D:\ML Project Freshness Detection\AgriFreshNET Freshness and Shelf-Life Image Datase\AgriFreshNET Freshness and Shelf-Life Image Datase\Processed Data\Processed Data\Rotten Pineapple(25-35)\aug_105_IMG-20260128-WA0071.jpg,Pineapple,2,Rotten,Rotten,0.996,0.0002,0.0038,0.996,Rotten,1.0,0.0,0.0,1.0,Rotten,0.9999,0.0,0.0001,0.9999,Rotten,0.9993,0.0002,0.0004,0.9993,Rotten,0.9996,0.0002,0.0002,0.9996
D:\ML Project Freshness Detection\AgriFreshNET Freshness and Shelf-Life Image Datase\AgriFreshNET Freshness and Shelf-Life Image Datase\Processed Data\Processed Data\Fresh Cucumber(1-6)\aug_280_IMG_20251025_121713.jpg,Cucumber,0,Fresh,Fresh,0.6897,0.6897,0.2862,0.0241,Fresh,0.6954,0.6954,0.2991,0.0054,Fresh,0.9812,0.9812,0.0181,0.0008,Fresh,0.9874,0.9874,0.0123,0.0003,Fresh,0.998,0.998,0.0016,0.0004
D:\ML Project Freshness Detection\AgriFreshNET Freshness and Shelf-Life Image Datase\AgriFreshNET Freshness and Shelf-Life Image Datase\Processed Data\Processed Data\Rotten Tomato(24-35)\IMG-20260210-WA0016.jpg,Tomato,2,Rotten,Rotten,0.955,0.0142,0.0307,0.955,Rotten,0.9972,0.0009,0.0019,0.9972,Rotten,0.9773,0.0206,0.0021,0.9773,Rotten,0.9693,0.0256,0.005,0.9693,Rotten,0.9978,0.0012,0.001,0.9978
D:\ML Project Freshness Detection\AgriFreshNET Freshness and Shelf-Life Image Datase\AgriFreshNET Freshness and Shelf-Life Image Datase\Processed Data\Processed Data\Fresh Bittermelon(1-3)\aug_357_IMG_20260120_004826.jpg,Bittermelon,0,Fresh,Fresh,0.6631,0.6631,0.3262,0.0108,Fresh,0.9407,0.9407,0.0581,0.0011,Fresh,0.9913,0.9913,0.0081,0.0006,Fresh,0.9718,0.9718,0.026,0.0023,Fresh,0.9971,0.9971,0.0026,0.0004
D:\ML Project Freshness Detection\AgriFreshNET Freshness and Shelf-Life Image Datase\AgriFreshNET Freshness and Shelf-Life Image Datase\Processed Data\Processed Data\Semi fresh Orange(9-20)\aug_136_IMG_20251121_144451888_HDR_AE.jpg,Orange,1,Semi-Fresh,Semi-Fresh,0.8346,0.1571,0.8346,0.0083,Semi-Fresh,0.9981,0.0012,0.9981,0.0007,Semi-Fresh,0.961,0.0383,0.961,0.0008,Semi-Fresh,0.968,0.0299,0.968,0.0021,Semi-Fresh,0.9976,0.0021,0.9976,0.0004
D:\ML Project Freshness Detection\AgriFreshNET Freshness and Shelf-Life Image Datase\AgriFreshNET Freshness and Shelf-Life Image Datase\Processed Data\Processed Data\Semi fresh Orange(9-20)\IMG_20251124_191509524_HDR.jpg,Orange,1,Semi-Fresh,Semi-Fresh,0.9704,0.0293,0.9704,0.0003,Semi-Fresh,0.999,0.0006,0.999,0.0004,Semi-Fresh,0.9978,0.0017,0.9978,0.0005,Semi-Fresh,0.9998,0.0001,0.9998,0.0001,Semi-Fresh,0.9982,0.0015,0.9982,0.0004
D:\ML Project Freshness Detection\AgriFreshNET Freshness and Shelf-Life Image Datase\AgriFreshNET Freshness and Shelf-Life Image Datase\Processed Data\Processed Data\Fresh eggplant(1-4)\aug_91_IMG_20251120_201800316_HDR.jpg,Eggplant,0,Fresh,Fresh,0.9703,0.9703,0.0294,0.0003,Fresh,0.9544,0.9544,0.0447,0.0009,Fresh,0.9977,0.9977,0.0022,0.0002,Fresh,0.9812,0.9812,0.0171,0.0017,Fresh,0.979,0.979,0.0178,0.0031
D:\ML Project Freshness Detection\AgriFreshNET Freshness and Shelf-Life Image Datase\AgriFreshNET Freshness and Shelf-Life Image Datase\Processed Data\Processed Data\Rotten eggplant(8-15)\aug_154_IMG_20251110_094459604_HDR_AE.jpg,Eggplant,2,Rotten,Rotten,0.9971,0.0003,0.0026,0.9971,Rotten,0.9903,0.0009,0.0088,0.9903,Rotten,0.9999,0.0,0.0001,0.9999,Rotten,0.9984,0.0006,0.0011,0.9984,Rotten,0.9975,0.0002,0.0023,0.9975
D:\ML Project Freshness Detection\AgriFreshNET Freshness and Shelf-Life Image Datase\AgriFreshNET Freshness and Shelf-Life Image Datase\Processed Data\Processed Data\Rotten Pineapple(25-35)\aug_176_IMG-20260128-WA0029.jpg,Pineapple,2,Rotten,Rotten,0.9561,0.0094,0.0345,0.9561,Rotten,0.9944,0.0017,0.0038,0.9944,Rotten,0.9868,0.0021,0.0111,0.9868,Rotten,0.9936,0.0018,0.0046,0.9936,Rotten,0.9978,0.0003,0.0019,0.9978
D:\ML Project Freshness Detection\AgriFreshNET Freshness and Shelf-Life Image Datase\AgriFreshNET Freshness and Shelf-Life Image Datase\Processed Data\Processed Data\Semi fresh Pineapple (15-25)\aug_179_IMG_20251120_204725710_HDR.jpg,Pineapple,1,Semi-Fresh,Semi-Fresh,0.9624,0.0359,0.9624,0.0017,Semi-Fresh,0.9976,0.0011,0.9976,0.0013,Semi-Fresh,0.9975,0.0018,0.9975,0.0007,Semi-Fresh,0.9906,0.0083,0.9906,0.0011,Semi-Fresh,0.9996,0.0003,0.9996,0.0001
D:\ML Project Freshness Detection\AgriFreshNET Freshness and Shelf-Life Image Datase\AgriFreshNET Freshness and Shelf-Life Image Datase\Processed Data\Processed Data\Semi fresh Tomato(10-24)\IMG_20251114_214007217_HDR.jpg,Tomato,1,Semi-Fresh,Semi-Fresh,0.7588,0.1453,0.7588,0.0959,Semi-Fresh,0.9498,0.0256,0.9498,0.0246,Semi-Fresh,0.8984,0.0955,0.8984,0.006,Semi-Fresh,0.9434,0.0106,0.9434,0.0461,Semi-Fresh,0.7361,0.2593,0.7361,0.0047
D:\ML Project Freshness Detection\AgriFreshNET Freshness and Shelf-Life Image Datase\AgriFreshNET Freshness and Shelf-Life Image Datase\Processed Data\Processed Data\Semi_Fresh eggplant(4-8)\IMG_20251201_190457764_HDR.jpg,Eggplant,1,Semi-Fresh,Fresh,0.5735,0.5735,0.3378,0.0887,Semi-Fresh,0.471,0.3261,0.471,0.203,Semi-Fresh,0.5625,0.4243,0.5625,0.0132,Fresh,0.496,0.496,0.1312,0.3728,Fresh,0.869,0.869,0.1271,0.0039
D:\ML Project Freshness Detection\AgriFreshNET Freshness and Shelf-Life Image Datase\AgriFreshNET Freshness and Shelf-Life Image Datase\Processed Data\Processed Data\Fresh Papaya(1-4)\aug_124_IMG_20251123_012946.jpg,Papaya,0,Fresh,Fresh,0.6931,0.6931,0.3051,0.0018,Fresh,0.888,0.888,0.112,0.0,Fresh,0.9956,0.9956,0.0042,0.0001,Fresh,0.9472,0.9472,0.0521,0.0007,Fresh,0.9745,0.9745,0.024,0.0015
D:\ML Project Freshness Detection\AgriFreshNET Freshness and Shelf-Life Image Datase\AgriFreshNET Freshness and Shelf-Life Image Datase\Processed Data\Processed Data\Rotten Orange(20-35)\aug_263_IMG-20251114-WA0009.jpg,Orange,2,Rotten,Rotten,0.9644,0.008,0.0275,0.9644,Rotten,0.9502,0.0093,0.0405,0.9502,Rotten,0.9824,0.001,0.0166,0.9824,Rotten,0.9985,0.0004,0.0011,0.9985,Rotten,0.9985,0.0002,0.0013,0.9985
D:\ML Project Freshness Detection\AgriFreshNET Freshness and Shelf-Life Image Datase\AgriFreshNET Freshness and Shelf-Life Image Datase\Processed Data\Processed Data\Fresh eggplant(1-4)\aug_73_IMG_20251120_201410200_HDR.jpg,Eggplant,0,Fresh,Fresh,0.9096,0.9096,0.0903,0.0001,Fresh,0.9273,0.9273,0.0721,0.0006,Fresh,0.9906,0.9906,0.0091,0.0003,Fresh,0.9852,0.9852,0.0137,0.001,Fresh,0.9973,0.9973,0.0024,0.0003
D:\ML Project Freshness Detection\AgriFreshNET Freshness and Shelf-Life Image Datase\AgriFreshNET Freshness and Shelf-Life Image Datase\Processed Data\Processed Data\Semi fresh banana(4-7)\aug_216_IMG_20251123_105743930_HDR_AE.jpg,Banana,1,Semi-Fresh,Semi-Fresh,0.8007,0.0202,0.8007,0.1791,Semi-Fresh,0.9166,0.0044,0.9166,0.079,Semi-Fresh,0.9645,0.0223,0.9645,0.0132,Semi-Fresh,0.9917,0.0049,0.9917,0.0035,Semi-Fresh,0.9939,0.0046,0.9939,0.0015
D:\ML Project Freshness Detection\AgriFreshNET Freshness and Shelf-Life Image Datase\AgriFreshNET Freshness and Shelf-Life Image Datase\Processed Data\Processed Data\Fresh Orange(1-9)\aug_221_IMG-20251118-WA0003.jpg,Orange,0,Fresh,Fresh,0.9791,0.9791,0.0208,0.0,Fresh,0.9823,0.9823,0.0176,0.0001,Fresh,0.999,0.999,0.0009,0.0,Fresh,0.9729,0.9729,0.0264,0.0007,Fresh,0.9719,0.9719,0.0265,0.0015
D:\ML Project Freshness Detection\AgriFreshNET Freshness and Shelf-Life Image Datase\AgriFreshNET Freshness and Shelf-Life Image Datase\Processed Data\Processed Data\Semi fresh banana(4-7)\IMG_20251122_112701883_HDR_AE.jpg,Banana,1,Semi-Fresh,Semi-Fresh,0.8296,0.0249,0.8296,0.1455,Semi-Fresh,0.9949,0.0021,0.9949,0.0029,Semi-Fresh,0.9922,0.0071,0.9922,0.0008,Semi-Fresh,0.9918,0.006,0.9918,0.0022,Semi-Fresh,0.986,0.0136,0.986,0.0004
D:\ML Project Freshness Detection\AgriFreshNET Freshness and Shelf-Life Image Datase\AgriFreshNET Freshness and Shelf-Life Image Datase\Processed Data\Processed Data\Fresh Bittermelon(1-3)\aug_29_IMG_20260116_025945.jpg,Bittermelon,0,Fresh,Fresh,0.954,0.954,0.0455,0.0004,Fresh,0.9977,0.9977,0.0022,0.0001,Fresh,0.995,0.995,0.0021,0.0029,Fresh,0.986,0.986,0.0088,0.0052,Fresh,0.9995,0.9995,0.0004,0.0001
D:\ML Project Freshness Detection\AgriFreshNET Freshness and Shelf-Life Image Datase\AgriFreshNET Freshness and Shelf-Life Image Datase\Processed Data\Processed Data\Fresh Bittermelon(1-3)\aug_321_IMG_20260114_005307_1.jpg,Bittermelon,0,Fresh,Fresh,0.9991,0.9991,0.0009,0.0,Fresh,0.9976,0.9976,0.0024,0.0,Fresh,0.9979,0.9979,0.002,0.0002,Fresh,0.9969,0.9969,0.0026,0.0005,Fresh,0.9992,0.9992,0.0007,0.0002
D:\ML Project Freshness Detection\AgriFreshNET Freshness and Shelf-Life Image Datase\AgriFreshNET Freshness and Shelf-Life Image Datase\Processed Data\Processed Data\Semi Fresh Papaya(4-7)\aug_342_IMG_20251124_021927.jpg,Papaya,1,Semi-Fresh,Semi-Fresh,0.7189,0.0105,0.7189,0.2705,Semi-Fresh,0.9256,0.0016,0.9256,0.0728,Semi-Fresh,0.9908,0.002,0.9908,0.0073,Semi-Fresh,0.9906,0.0006,0.9906,0.0088,Semi-Fresh,0.9944,0.0052,0.9944,0.0004
D:\ML Project Freshness Detection\AgriFreshNET Freshness and Shelf-Life Image Datase\AgriFreshNET Freshness and Shelf-Life Image Datase\Processed Data\Processed Data\Fresh Cucumber(1-6)\aug_193_IMG_20260114_010402.jpg,Cucumber,0,Fresh,Fresh,0.9723,0.9723,0.0256,0.0021,Fresh,0.9869,0.9869,0.012,0.0011,Fresh,0.9949,0.9949,0.004,0.0011,Fresh,0.9816,0.9816,0.0167,0.0018,Fresh,0.9957,0.9957,0.0036,0.0007
D:\ML Project Freshness Detection\AgriFreshNET Freshness and Shelf-Life Image Datase\AgriFreshNET Freshness and Shelf-Life Image Datase\Processed Data\Processed Data\Semi Fresh Bittermelon ( 3-5)\aug_181_IMG_20251123_013349.jpg,Bittermelon,1,Semi-Fresh,Semi-Fresh,0.9662,0.0168,0.9662,0.017,Semi-Fresh,0.9926,0.0023,0.9926,0.0051,Semi-Fresh,0.997,0.0013,0.997,0.0017,Semi-Fresh,0.9989,0.0001,0.9989,0.0009,Semi-Fresh,0.9979,0.0004,0.9979,0.0017
D:\ML Project Freshness Detection\AgriFreshNET Freshness and Shelf-Life Image Datase\AgriFreshNET Freshness and Shelf-Life Image Datase\Processed Data\Processed Data\Rotten Bittermelon(5-8)\aug_195_IMG_20251124_022001.jpg,Bittermelon,2,Rotten,Rotten,0.8231,0.0092,0.1677,0.8231,Rotten,0.9896,0.0008,0.0096,0.9896,Rotten,0.9984,0.0007,0.0009,0.9984,Rotten,0.9936,0.0037,0.0027,0.9936,Rotten,0.9987,0.0004,0.0008,0.9987
D:\ML Project Freshness Detection\AgriFreshNET Freshness and Shelf-Life Image Datase\AgriFreshNET Freshness and Shelf-Life Image Datase\Processed Data\Processed Data\Fresh Orange(1-9)\IMG_20251109_112237993_HDR_AE.jpg,Orange,0,Fresh,Fresh,0.8452,0.8452,0.1544,0.0004,Fresh,0.8682,0.8682,0.1315,0.0003,Fresh,0.987,0.987,0.013,0.0,Fresh,0.9806,0.9806,0.0186,0.0008,Fresh,0.9959,0.9959,0.0036,0.0005
D:\ML Project Freshness Detection\AgriFreshNET Freshness and Shelf-Life Image Datase\AgriFreshNET Freshness and Shelf-Life Image Datase\Processed Data\Processed Data\Fresh Orange(1-9)\Fresh Malta (11).jpeg,Orange,0,Fresh,Fresh,0.9714,0.9714,0.0284,0.0002,Fresh,0.9957,0.9957,0.0043,0.0,Fresh,0.9999,0.9999,0.0001,0.0,Fresh,0.9976,0.9976,0.0022,0.0002,Fresh,0.998,0.998,0.0015,0.0005
D:\ML Project Freshness Detection\AgriFreshNET Freshness and Shelf-Life Image Datase\AgriFreshNET Freshness and Shelf-Life Image Datase\Processed Data\Processed Data\Fresh Papaya(1-4)\aug_260_IMG_20260114_004946.jpg,Papaya,0,Fresh,Fresh,0.9379,0.9379,0.0297,0.0324,Fresh,0.9767,0.9767,0.0201,0.0032,Fresh,0.999,0.999,0.0009,0.0001,Fresh,0.9899,0.9899,0.0091,0.0009,Fresh,0.9969,0.9969,0.0026,0.0005
D:\ML Project Freshness Detection\AgriFreshNET Freshness and Shelf-Life Image Datase\AgriFreshNET Freshness and Shelf-Life Image Datase\Processed Data\Processed Data\Fresh Bittermelon(1-3)\IMG_20251121_081505.jpg,Bittermelon,0,Fresh,Fresh,0.9429,0.9429,0.0549,0.0022,Fresh,0.8664,0.8664,0.1253,0.0083,Fresh,0.992,0.992,0.0069,0.0011,Fresh,0.989,0.989,0.0082,0.0028,Fresh,0.9875,0.9875,0.0105,0.0021
D:\ML Project Freshness Detection\AgriFreshNET Freshness and Shelf-Life Image Datase\AgriFreshNET Freshness and Shelf-Life Image Datase\Processed Data\Processed Data\Rotten Orange(20-35)\aug_352_IMG-20251114-WA0011.jpg,Orange,2,Rotten,Rotten,0.9769,0.0056,0.0174,0.9769,Rotten,0.9931,0.0012,0.0056,0.9931,Rotten,0.9959,0.0017,0.0024,0.9959,Rotten,0.9988,0.0004,0.0009,0.9988,Rotten,0.9997,0.0001,0.0002,0.9997
D:\ML Project Freshness Detection\AgriFreshNET Freshness and Shelf-Life Image Datase\AgriFreshNET Freshness and Shelf-Life Image Datase\Processed Data\Processed Data\Fresh Bittermelon(1-3)\aug_167_IMG_20251121_081505.jpg,Bittermelon,0,Fresh,Fresh,0.9625,0.9625,0.0362,0.0013,Fresh,0.8259,0.8259,0.1532,0.0209,Fresh,0.9872,0.9872,0.0115,0.0013,Fresh,0.9895,0.9895,0.008,0.0025,Fresh,0.9881,0.9881,0.0096,0.0023
D:\ML Project Freshness Detection\AgriFreshNET Freshness and Shelf-Life Image Datase\AgriFreshNET Freshness and Shelf-Life Image Datase\Processed Data\Processed Data\Semi fresh banana(4-7)\aug_267_IMG_20260121_230151950_HDR.jpg,Banana,1,Semi-Fresh,Semi-Fresh,0.9049,0.0248,0.9049,0.0703,Semi-Fresh,0.9585,0.002,0.9585,0.0396,Semi-Fresh,0.9993,0.0003,0.9993,0.0003,Semi-Fresh,0.9943,0.0027,0.9943,0.003,Semi-Fresh,0.9991,0.0007,0.9991,0.0002
D:\ML Project Freshness Detection\AgriFreshNET Freshness and Shelf-Life Image Datase\AgriFreshNET Freshness and Shelf-Life Image Datase\Processed Data\Processed Data\Semi fresh banana(4-7)\IMG_20251108_121232908_HDR_AE.jpg,Banana,1,Semi-Fresh,Semi-Fresh,0.6188,0.0095,0.6188,0.3717,Semi-Fresh,0.596,0.008,0.596,0.396,Rotten,0.905,0.0039,0.0911,0.905,Rotten,0.9059,0.0028,0.0913,0.9059,Rotten,0.8617,0.006,0.1323,0.8617
D:\ML Project Freshness Detection\AgriFreshNET Freshness and Shelf-Life Image Datase\AgriFreshNET Freshness and Shelf-Life Image Datase\Processed Data\Processed Data\Fresh Orange(1-9)\IMG-20251121-WA0007.jpg,Orange,0,Fresh,Fresh,0.865,0.865,0.1308,0.0043,Fresh,0.7427,0.7427,0.2445,0.0127,Fresh,0.9803,0.9803,0.0179,0.0019,Fresh,0.9761,0.9761,0.0216,0.0023,Fresh,0.9893,0.9893,0.0101,0.0006
D:\ML Project Freshness Detection\AgriFreshNET Freshness and Shelf-Life Image Datase\AgriFreshNET Freshness and Shelf-Life Image Datase\Processed Data\Processed Data\Rotten Papaya(7-12)\IMG_20260130_163545.jpg,Papaya,2,Rotten,Rotten,0.8614,0.0396,0.099,0.8614,Rotten,0.9925,0.0005,0.0071,0.9925,Rotten,0.999,0.0,0.001,0.999,Rotten,0.9944,0.0008,0.0048,0.9944,Rotten,0.9973,0.0001,0.0026,0.9973
D:\ML Project Freshness Detection\AgriFreshNET Freshness and Shelf-Life Image Datase\AgriFreshNET Freshness and Shelf-Life Image Datase\Processed Data\Processed Data\Rotten Tomato(24-35)\aug_177_IMG-20260207-WA0036.jpg,Tomato,2,Rotten,Rotten,0.9943,0.0035,0.0021,0.9943,Rotten,0.9913,0.0063,0.0025,0.9913,Rotten,0.9999,0.0001,0.0,0.9999,Rotten,0.9998,0.0001,0.0001,0.9998,Rotten,0.9946,0.0022,0.0032,0.9946
D:\ML Project Freshness Detection\AgriFreshNET Freshness and Shelf-Life Image Datase\AgriFreshNET Freshness and Shelf-Life Image Datase\Processed Data\Processed Data\Semi Fresh Cucumber(6-12)\IMG_20260212_155613_1.jpg,Cucumber,1,Semi-Fresh,Semi-Fresh,0.8961,0.0843,0.8961,0.0196,Semi-Fresh,0.9893,0.0025,0.9893,0.0083,Semi-Fresh,0.9923,0.001,0.9923,0.0067,Semi-Fresh,0.9865,0.0032,0.9865,0.0103,Semi-Fresh,0.9993,0.0003,0.9993,0.0004
D:\ML Project Freshness Detection\AgriFreshNET Freshness and Shelf-Life Image Datase\AgriFreshNET Freshness and Shelf-Life Image Datase\Processed Data\Processed Data\Semi fresh Pineapple (15-25)\aug_159_IMG-20251207-WA0027.jpg,Pineapple,1,Semi-Fresh,Semi-Fresh,0.9441,0.0355,0.9441,0.0204,Semi-Fresh,0.9862,0.0083,0.9862,0.0055,Semi-Fresh,0.9951,0.003,0.9951,0.0019,Semi-Fresh,0.9976,0.0009,0.9976,0.0015,Semi-Fresh,0.9986,0.0007,0.9986,0.0007
D:\ML Project Freshness Detection\AgriFreshNET Freshness and Shelf-Life Image Datase\AgriFreshNET Freshness and Shelf-Life Image Datase\Processed Data\Processed Data\Fresh Cucumber(1-6)\aug_137_IMG_20260114_005446.jpg,Cucumber,0,Fresh,Fresh,0.9419,0.9419,0.0572,0.0008,Fresh,0.9837,0.9837,0.0162,0.0002,Fresh,0.9556,0.9556,0.0421,0.0023,Fresh,0.9921,0.9921,0.0077,0.0003,Fresh,0.9952,0.9952,0.0042,0.0006
D:\ML Project Freshness Detection\AgriFreshNET Freshness and Shelf-Life Image Datase\AgriFreshNET Freshness and Shelf-Life Image Datase\Processed Data\Processed Data\Semi_Fresh eggplant(4-8)\aug_178_IMG_20251130_182437050_HDR.jpg,Eggplant,1,Semi-Fresh,Semi-Fresh,0.7181,0.2727,0.7181,0.0091,Semi-Fresh,0.9214,0.0667,0.9214,0.0119,Semi-Fresh,0.9341,0.048,0.9341,0.0179,Semi-Fresh,0.9913,0.0042,0.9913,0.0045,Semi-Fresh,0.9858,0.0131,0.9858,0.0011
D:\ML Project Freshness Detection\AgriFreshNET Freshness and Shelf-Life Image Datase\AgriFreshNET Freshness and Shelf-Life Image Datase\Processed Data\Processed Data\Rotten banana(7-13)\aug_32_IMG_20260126_223322175_HDR.jpg,Banana,2,Rotten,Rotten,0.8861,0.0445,0.0694,0.8861,Rotten,0.9824,0.0016,0.016,0.9824,Rotten,0.9208,0.0046,0.0746,0.9208,Rotten,0.9905,0.0038,0.0058,0.9905,Rotten,0.9924,0.0025,0.0052,0.9924
D:\ML Project Freshness Detection\AgriFreshNET Freshness and Shelf-Life Image Datase\AgriFreshNET Freshness and Shelf-Life Image Datase\Processed Data\Processed Data\Fresh Orange(1-9)\aug_255_IMG_20251110_094216300_HDR_AE.jpg,Orange,0,Fresh,Fresh,0.9098,0.9098,0.0899,0.0002,Fresh,0.6973,0.6973,0.2995,0.0033,Fresh,0.9789,0.9789,0.021,0.0001,Fresh,0.9479,0.9479,0.0452,0.0068,Fresh,0.9733,0.9733,0.0257,0.0009
D:\ML Project Freshness Detection\AgriFreshNET Freshness and Shelf-Life Image Datase\AgriFreshNET Freshness and Shelf-Life Image Datase\Processed Data\Processed Data\Fresh Papaya(1-4)\aug_159_IMG_20260116_030551.jpg,Papaya,0,Fresh,Fresh,0.921,0.921,0.0731,0.0059,Fresh,0.6403,0.6403,0.3581,0.0017,Fresh,0.9957,0.9957,0.0041,0.0002,Fresh,0.9947,0.9947,0.0049,0.0004,Fresh,0.984,0.984,0.0156,0.0004
D:\ML Project Freshness Detection\AgriFreshNET Freshness and Shelf-Life Image Datase\AgriFreshNET Freshness and Shelf-Life Image Datase\Processed Data\Processed Data\Fresh Banana(1-4)\aug_236_IMG_20251119_201211761_HDR.jpg,Banana,0,Fresh,Fresh,0.5358,0.5358,0.3392,0.1249,Fresh,0.5496,0.5496,0.4434,0.0069,Fresh,0.9817,0.9817,0.0181,0.0001,Fresh,0.9743,0.9743,0.0235,0.0022,Fresh,0.9838,0.9838,0.0126,0.0037
D:\ML Project Freshness Detection\AgriFreshNET Freshness and Shelf-Life Image Datase\AgriFreshNET Freshness and Shelf-Life Image Datase\Processed Data\Processed Data\Fresh Papaya(1-4)\IMG_20260114_004943.jpg,Papaya,0,Fresh,Fresh,0.7058,0.7058,0.0116,0.2826,Fresh,0.9828,0.9828,0.0141,0.003,Fresh,0.9973,0.9973,0.0014,0.0012,Fresh,0.995,0.995,0.0045,0.0005,Fresh,0.9746,0.9746,0.023,0.0024
D:\ML Project Freshness Detection\AgriFreshNET Freshness and Shelf-Life Image Datase\AgriFreshNET Freshness and Shelf-Life Image Datase\Processed Data\Processed Data\Semi Fresh Bittermelon ( 3-5)\aug_475_IMG_20260116_025919.jpg,Bittermelon,1,Semi-Fresh,Semi-Fresh,0.8854,0.032,0.8854,0.0826,Semi-Fresh,0.8806,0.0003,0.8806,0.1191,Semi-Fresh,0.9859,0.0089,0.9859,0.0051,Semi-Fresh,0.987,0.002,0.987,0.011,Semi-Fresh,0.9992,0.0001,0.9992,0.0007
D:\ML Project Freshness Detection\AgriFreshNET Freshness and Shelf-Life Image Datase\AgriFreshNET Freshness and Shelf-Life Image Datase\Processed Data\Processed Data\Fresh Bittermelon(1-3)\aug_223_IMG_20260114_005339.jpg,Bittermelon,0,Fresh,Fresh,0.9962,0.9962,0.0037,0.0001,Fresh,0.9991,0.9991,0.0009,0.0,Fresh,0.9998,0.9998,0.0001,0.0001,Fresh,0.9982,0.9982,0.0011,0.0007,Fresh,0.9996,0.9996,0.0002,0.0002
D:\ML Project Freshness Detection\AgriFreshNET Freshness and Shelf-Life Image Datase\AgriFreshNET Freshness and Shelf-Life Image Datase\Processed Data\Processed Data\Rotten banana(7-13)\IMG_20251115_121142682_HDR_AE.jpg,Banana,2,Rotten,Rotten,0.9994,0.0001,0.0005,0.9994,Rotten,0.9995,0.0,0.0005,0.9995,Rotten,0.9986,0.0,0.0014,0.9986,Rotten,0.9983,0.0002,0.0015,0.9983,Rotten,0.9991,0.0002,0.0007,0.9991
D:\ML Project Freshness Detection\AgriFreshNET Freshness and Shelf-Life Image Datase\AgriFreshNET Freshness and Shelf-Life Image Datase\Processed Data\Processed Data\Rotten eggplant(8-15)\aug_406_IMG_20251105_103240230_HDR_AE.jpg,Eggplant,2,Rotten,Rotten,0.8194,0.0684,0.1122,0.8194,Rotten,0.9733,0.0047,0.022,0.9733,Rotten,0.8682,0.0007,0.1311,0.8682,Rotten,0.983,0.0065,0.0105,0.983,Rotten,0.9892,0.0004,0.0104,0.9892
D:\ML Project Freshness Detection\AgriFreshNET Freshness and Shelf-Life Image Datase\AgriFreshNET Freshness and Shelf-Life Image Datase\Processed Data\Processed Data\Semi fresh banana(4-7)\IMG_20251106_155613075_HDR_AE.jpg,Banana,1,Semi-Fresh,Semi-Fresh,0.9575,0.0182,0.9575,0.0243,Semi-Fresh,0.9916,0.0082,0.9916,0.0003,Semi-Fresh,0.9973,0.002,0.9973,0.0007,Semi-Fresh,0.9962,0.0029,0.9962,0.0009,Semi-Fresh,0.9868,0.0128,0.9868,0.0003
D:\ML Project Freshness Detection\AgriFreshNET Freshness and Shelf-Life Image Datase\AgriFreshNET Freshness and Shelf-Life Image Datase\Processed Data\Processed Data\Semi Fresh Cucumber(6-12)\IMG_20260212_155454.jpg,Cucumber,1,Semi-Fresh,Fresh,0.7376,0.7376,0.2603,0.0021,Semi-Fresh,0.9696,0.027,0.9696,0.0035,Semi-Fresh,0.9845,0.0117,0.9845,0.0039,Semi-Fresh,0.9977,0.0018,0.9977,0.0004,Semi-Fresh,0.9984,0.0014,0.9984,0.0003
D:\ML Project Freshness Detection\AgriFreshNET Freshness and Shelf-Life Image Datase\AgriFreshNET Freshness and Shelf-Life Image Datase\Processed Data\Processed Data\Rotten eggplant(8-15)\IMG_20251130_180936711_HDR.jpg,Eggplant,2,Rotten,Rotten,0.7483,0.0063,0.2453,0.7483,Rotten,0.9449,0.0018,0.0533,0.9449,Rotten,0.7899,0.0114,0.1987,0.7899,Rotten,0.9854,0.0017,0.0129,0.9854,Rotten,0.9651,0.0006,0.0343,0.9651
D:\ML Project Freshness Detection\AgriFreshNET Freshness and Shelf-Life Image Datase\AgriFreshNET Freshness and Shelf-Life Image Datase\Processed Data\Processed Data\Fresh Banana(1-4)\aug_216_IMG_20251104_131847912_HDR_AE.jpg,Banana,0,Fresh,Semi-Fresh,0.5528,0.4368,0.5528,0.0105,Fresh,0.8692,0.8692,0.1296,0.0012,Semi-Fresh,0.7132,0.2779,0.7132,0.0089,Fresh,0.9525,0.9525,0.0378,0.0096,Fresh,0.9552,0.9552,0.0446,0.0002
D:\ML Project Freshness Detection\AgriFreshNET Freshness and Shelf-Life Image Datase\AgriFreshNET Freshness and Shelf-Life Image Datase\Processed Data\Processed Data\Rotten Pineapple(25-35)\aug_114_IMG_20251126_194152619_HDR.jpg,Pineapple,2,Rotten,Semi-Fresh,0.9221,0.0048,0.9221,0.0731,Rotten,0.9603,0.0013,0.0385,0.9603,Rotten,0.9231,0.0029,0.074,0.9231,Semi-Fresh,0.7915,0.0326,0.7915,0.1759,Rotten,0.9992,0.0001,0.0007,0.9992
D:\ML Project Freshness Detection\AgriFreshNET Freshness and Shelf-Life Image Datase\AgriFreshNET Freshness and Shelf-Life Image Datase\Processed Data\Processed Data\Rotten Cucumber(12-20)\aug_234_IMG_20251202_015507.jpg,Cucumber,2,Rotten,Rotten,0.9922,0.0026,0.0052,0.9922,Rotten,0.9915,0.0008,0.0078,0.9915,Rotten,0.9999,0.0,0.0001,0.9999,Rotten,0.9832,0.0073,0.0095,0.9832,Rotten,0.9912,0.0021,0.0067,0.9912
D:\ML Project Freshness Detection\AgriFreshNET Freshness and Shelf-Life Image Datase\AgriFreshNET Freshness and Shelf-Life Image Datase\Processed Data\Processed Data\Rotten Pineapple(25-35)\aug_165_IMG-20251230-WA0002.jpg,Pineapple,2,Rotten,Rotten,0.982,0.0004,0.0176,0.982,Rotten,0.9999,0.0001,0.0,0.9999,Rotten,0.9986,0.0007,0.0006,0.9986,Rotten,0.9995,0.0002,0.0002,0.9995,Rotten,0.9995,0.0001,0.0004,0.9995
D:\ML Project Freshness Detection\AgriFreshNET Freshness and Shelf-Life Image Datase\AgriFreshNET Freshness and Shelf-Life Image Datase\Processed Data\Processed Data\Semi Fresh Cucumber(6-12)\aug_285_IMG_20251118_161204.jpg,Cucumber,1,Semi-Fresh,Rotten,0.5643,0.1078,0.3279,0.5643,Semi-Fresh,0.6155,0.079,0.6155,0.3056,Semi-Fresh,0.9048,0.023,0.9048,0.0722,Semi-Fresh,0.8945,0.0119,0.8945,0.0937,Semi-Fresh,0.9859,0.0026,0.9859,0.0115
D:\ML Project Freshness Detection\AgriFreshNET Freshness and Shelf-Life Image Datase\AgriFreshNET Freshness and Shelf-Life Image Datase\Processed Data\Processed Data\Semi fresh Tomato(10-24)\aug_15_IMG_20251201_185705406_HDR(1).jpg,Tomato,1,Semi-Fresh,Semi-Fresh,0.635,0.3627,0.635,0.0023,Semi-Fresh,0.9368,0.0565,0.9368,0.0068,Semi-Fresh,0.9777,0.0217,0.9777,0.0006,Semi-Fresh,0.9769,0.0201,0.9769,0.003,Semi-Fresh,0.9831,0.0167,0.9831,0.0002
D:\ML Project Freshness Detection\AgriFreshNET Freshness and Shelf-Life Image Datase\AgriFreshNET Freshness and Shelf-Life Image Datase\Processed Data\Processed Data\Fresh Bittermelon(1-3)\aug_303_IMG_20260116_025957.jpg,Bittermelon,0,Fresh,Fresh,0.9479,0.9479,0.052,0.0001,Fresh,0.9981,0.9981,0.0018,0.0,Fresh,0.9996,0.9996,0.0003,0.0001,Fresh,0.9981,0.9981,0.0012,0.0008,Fresh,0.9959,0.9959,0.0034,0.0007
D:\ML Project Freshness Detection\AgriFreshNET Freshness and Shelf-Life Image Datase\AgriFreshNET Freshness and Shelf-Life Image Datase\Processed Data\Processed Data\Fresh Bittermelon(1-3)\aug_96_IMG_20260114_010508.jpg,Bittermelon,0,Fresh,Fresh,0.7385,0.7385,0.2554,0.0062,Fresh,0.9135,0.9135,0.0789,0.0077,Fresh,0.9754,0.9754,0.0174,0.0072,Fresh,0.9944,0.9944,0.0047,0.0009,Fresh,0.9991,0.9991,0.0007,0.0002
D:\ML Project Freshness Detection\AgriFreshNET Freshness and Shelf-Life Image Datase\AgriFreshNET Freshness and Shelf-Life Image Datase\Processed Data\Processed Data\Semi fresh Pineapple (15-25)\aug_444_IMG-20251205-WA0037.jpg,Pineapple,1,Semi-Fresh,Semi-Fresh,0.9232,0.0345,0.9232,0.0423,Semi-Fresh,0.9603,0.0131,0.9603,0.0265,Semi-Fresh,0.9683,0.0219,0.9683,0.0098,Semi-Fresh,0.9975,0.0017,0.9975,0.0008,Semi-Fresh,0.9981,0.0007,0.9981,0.0012
D:\ML Project Freshness Detection\AgriFreshNET Freshness and Shelf-Life Image Datase\AgriFreshNET Freshness and Shelf-Life Image Datase\Processed Data\Processed Data\Semi fresh Pineapple (15-25)\aug_436_IMG-20251205-WA0035.jpg,Pineapple,1,Semi-Fresh,Semi-Fresh,0.8937,0.0756,0.8937,0.0307,Semi-Fresh,0.97,0.0165,0.97,0.0134,Semi-Fresh,0.9991,0.0006,0.9991,0.0003,Semi-Fresh,0.9986,0.0011,0.9986,0.0003,Semi-Fresh,0.9491,0.0043,0.9491,0.0466
D:\ML Project Freshness Detection\AgriFreshNET Freshness and Shelf-Life Image Datase\AgriFreshNET Freshness and Shelf-Life Image Datase\Processed Data\Processed Data\Fresh Banana(1-4)\aug_403_IMG_20251119_201543985_HDR.jpg,Banana,0,Fresh,Fresh,0.9859,0.9859,0.0141,0.0,Fresh,0.9962,0.9962,0.0036,0.0002,Fresh,0.9928,0.9928,0.007,0.0002,Fresh,0.9971,0.9971,0.0022,0.0007,Fresh,0.9991,0.9991,0.0009,0.0
D:\ML Project Freshness Detection\AgriFreshNET Freshness and Shelf-Life Image Datase\AgriFreshNET Freshness and Shelf-Life Image Datase\Processed Data\Processed Data\Rotten eggplant(8-15)\aug_14_IMG_20251201_133305082_HDR.jpg,Eggplant,2,Rotten,Rotten,0.7007,0.0212,0.278,0.7007,Rotten,0.9068,0.0016,0.0916,0.9068,Rotten,0.7569,0.0065,0.2366,0.7569,Rotten,0.9876,0.0009,0.0115,0.9876,Rotten,0.9741,0.0016,0.0242,0.9741
D:\ML Project Freshness Detection\AgriFreshNET Freshness and Shelf-Life Image Datase\AgriFreshNET Freshness and Shelf-Life Image Datase\Processed Data\Processed Data\Semi fresh banana(4-7)\IMG_20251106_155619558_HDR.jpg,Banana,1,Semi-Fresh,Semi-Fresh,0.9859,0.0089,0.9859,0.0052,Semi-Fresh,0.995,0.0013,0.995,0.0037,Semi-Fresh,0.9949,0.0046,0.9949,0.0005,Semi-Fresh,0.9975,0.002,0.9975,0.0005,Semi-Fresh,0.9983,0.0014,0.9983,0.0004
D:\ML Project Freshness Detection\AgriFreshNET Freshness and Shelf-Life Image Datase\AgriFreshNET Freshness and Shelf-Life Image Datase\Processed Data\Processed Data\Semi fresh Tomato(10-24)\aug_180_IMG_20251122_211109002_HDR.jpg,Tomato,1,Semi-Fresh,Semi-Fresh,0.7177,0.2685,0.7177,0.0138,Semi-Fresh,0.7428,0.2426,0.7428,0.0146,Semi-Fresh,0.7735,0.2251,0.7735,0.0014,Semi-Fresh,0.5342,0.4572,0.5342,0.0086,Fresh,0.8529,0.8529,0.1459,0.0012
D:\ML Project Freshness Detection\AgriFreshNET Freshness and Shelf-Life Image Datase\AgriFreshNET Freshness and Shelf-Life Image Datase\Processed Data\Processed Data\Semi Fresh Cucumber(6-12)\IMG_20260212_155216.jpg,Cucumber,1,Semi-Fresh,Semi-Fresh,0.744,0.2552,0.744,0.0008,Semi-Fresh,0.9987,0.001,0.9987,0.0003,Semi-Fresh,0.9926,0.0027,0.9926,0.0047,Semi-Fresh,0.9998,0.0001,0.9998,0.0001,Semi-Fresh,0.999,0.0008,0.999,0.0002
D:\ML Project Freshness Detection\AgriFreshNET Freshness and Shelf-Life Image Datase\AgriFreshNET Freshness and Shelf-Life Image Datase\Processed Data\Processed Data\Rotten eggplant(8-15)\aug_230_IMG_20251126_194051670_HDR.jpg,Eggplant,2,Rotten,Rotten,0.9678,0.011,0.0212,0.9678,Rotten,0.9985,0.0003,0.0012,0.9985,Rotten,0.9999,0.0,0.0001,0.9999,Rotten,0.9996,0.0001,0.0002,0.9996,Rotten,0.9988,0.0001,0.0011,0.9988
D:\ML Project Freshness Detection\AgriFreshNET Freshness and Shelf-Life Image Datase\AgriFreshNET Freshness and Shelf-Life Image Datase\Processed Data\Processed Data\Semi_Fresh eggplant(4-8)\IMG_20251123_110510429_HDR_AE.jpg,Eggplant,1,Semi-Fresh,Fresh,0.5075,0.5075,0.4164,0.0761,Fresh,0.5902,0.5902,0.3994,0.0104,Semi-Fresh,0.6517,0.3463,0.6517,0.002,Fresh,0.772,0.772,0.2252,0.0028,Fresh,0.8798,0.8798,0.1177,0.0026
D:\ML Project Freshness Detection\AgriFreshNET Freshness and Shelf-Life Image Datase\AgriFreshNET Freshness and Shelf-Life Image Datase\Processed Data\Processed Data\Fresh Tomato(1-10)\IMG_20251104_132702059_HDR_AE.jpg,Tomato,0,Fresh,Fresh,0.7863,0.7863,0.203,0.0107,Fresh,0.6951,0.6951,0.091,0.214,Fresh,0.9845,0.9845,0.0133,0.0023,Fresh,0.8614,0.8614,0.1286,0.0099,Fresh,0.9682,0.9682,0.0262,0.0056
D:\ML Project Freshness Detection\AgriFreshNET Freshness and Shelf-Life Image Datase\AgriFreshNET Freshness and Shelf-Life Image Datase\Processed Data\Processed Data\Fresh Banana(1-4)\IMG_20251120_203146201_HDR.jpg,Banana,0,Fresh,Fresh,0.9312,0.9312,0.0316,0.0372,Fresh,0.6588,0.6588,0.339,0.0022,Fresh,0.9893,0.9893,0.01,0.0007,Fresh,0.9923,0.9923,0.0063,0.0015,Fresh,0.988,0.988,0.0105,0.0014
D:\ML Project Freshness Detection\AgriFreshNET Freshness and Shelf-Life Image Datase\AgriFreshNET Freshness and Shelf-Life Image Datase\Processed Data\Processed Data\Rotten eggplant(8-15)\aug_123_IMG_20251123_222342712_HDR.jpg,Eggplant,2,Rotten,Rotten,0.9983,0.0001,0.0016,0.9983,Rotten,0.9936,0.0012,0.0052,0.9936,Rotten,0.9999,0.0,0.0001,0.9999,Rotten,0.9984,0.0006,0.001,0.9984,Rotten,0.9985,0.0002,0.0012,0.9985
D:\ML Project Freshness Detection\AgriFreshNET Freshness and Shelf-Life Image Datase\AgriFreshNET Freshness and Shelf-Life Image Datase\Processed Data\Processed Data\Rotten eggplant(8-15)\aug_260_IMG_20251114_214422909_HDR.jpg,Eggplant,2,Rotten,Rotten,0.9222,0.007,0.0708,0.9222,Rotten,0.9821,0.0025,0.0154,0.9821,Rotten,0.9997,0.0,0.0003,0.9997,Rotten,0.9955,0.0002,0.0043,0.9955,Rotten,0.9952,0.0005,0.0043,0.9952
D:\ML Project Freshness Detection\AgriFreshNET Freshness and Shelf-Life Image Datase\AgriFreshNET Freshness and Shelf-Life Image Datase\Processed Data\Processed Data\Rotten banana(7-13)\aug_146_IMG_20251125_210240335_HDR.jpg,Banana,2,Rotten,Rotten,0.9233,0.0042,0.0725,0.9233,Rotten,0.9905,0.0002,0.0093,0.9905,Rotten,0.6598,0.0074,0.3328,0.6598,Rotten,0.9855,0.0068,0.0077,0.9855,Rotten,0.9799,0.0003,0.0199,0.9799
D:\ML Project Freshness Detection\AgriFreshNET Freshness and Shelf-Life Image Datase\AgriFreshNET Freshness and Shelf-Life Image Datase\Processed Data\Processed Data\Rotten banana(7-13)\IMG_20251111_142415483_HDR_AE.jpg,Banana,2,Rotten,Rotten,0.9891,0.0001,0.0108,0.9891,Rotten,0.9984,0.0001,0.0015,0.9984,Rotten,0.9951,0.0,0.0049,0.9951,Rotten,0.9988,0.0003,0.0008,0.9988,Rotten,0.9995,0.0,0.0005,0.9995
D:\ML Project Freshness Detection\AgriFreshNET Freshness and Shelf-Life Image Datase\AgriFreshNET Freshness and Shelf-Life Image Datase\Processed Data\Processed Data\Fresh Orange(1-9)\aug_41_IMG-20251122-WA0006.jpg,Orange,0,Fresh,Fresh,0.945,0.945,0.0542,0.0008,Fresh,0.6393,0.6393,0.3562,0.0045,Fresh,0.8896,0.8896,0.0938,0.0166,Fresh,0.8027,0.8027,0.1894,0.008,Fresh,0.7304,0.7304,0.2531,0.0165
D:\ML Project Freshness Detection\AgriFreshNET Freshness and Shelf-Life Image Datase\AgriFreshNET Freshness and Shelf-Life Image Datase\Processed Data\Processed Data\Fresh Tomato(1-10)\IMG_20251118_165652257_HDR.jpg,Tomato,0,Fresh,Fresh,0.8618,0.8618,0.1366,0.0016,Fresh,0.9837,0.9837,0.0122,0.0041,Fresh,0.9963,0.9963,0.0034,0.0003,Fresh,0.9936,0.9936,0.0047,0.0016,Fresh,0.9903,0.9903,0.0057,0.004
D:\ML Project Freshness Detection\AgriFreshNET Freshness and Shelf-Life Image Datase\AgriFreshNET Freshness and Shelf-Life Image Datase\Processed Data\Processed Data\Semi Fresh Papaya(4-7)\aug_211_IMG_20260214_025253.jpg,Papaya,1,Semi-Fresh,Semi-Fresh,0.7862,0.1913,0.7862,0.0224,Semi-Fresh,0.974,0.0064,0.974,0.0196,Semi-Fresh,0.9886,0.0087,0.9886,0.0026,Semi-Fresh,0.997,0.0011,0.997,0.0019,Semi-Fresh,0.9983,0.0009,0.9983,0.0008
D:\ML Project Freshness Detection\AgriFreshNET Freshness and Shelf-Life Image Datase\AgriFreshNET Freshness and Shelf-Life Image Datase\Processed Data\Processed Data\Semi fresh banana(4-7)\IMG_20260122_215729468_HDR.jpg,Banana,1,Semi-Fresh,Semi-Fresh,0.9316,0.0142,0.9316,0.0541,Semi-Fresh,0.8921,0.0013,0.8921,0.1066,Semi-Fresh,0.9664,0.0087,0.9664,0.0248,Semi-Fresh,0.9928,0.0014,0.9928,0.0058,Semi-Fresh,0.9982,0.0005,0.9982,0.0013
D:\ML Project Freshness Detection\AgriFreshNET Freshness and Shelf-Life Image Datase\AgriFreshNET Freshness and Shelf-Life Image Datase\Processed Data\Processed Data\Fresh Cucumber(1-6)\IMG_20260204_152031.jpg,Cucumber,0,Fresh,Fresh,0.9945,0.9945,0.0054,0.0001,Fresh,0.9907,0.9907,0.0092,0.0001,Fresh,0.9964,0.9964,0.0034,0.0001,Fresh,0.9898,0.9898,0.0093,0.001,Fresh,0.9943,0.9943,0.0049,0.0008
D:\ML Project Freshness Detection\AgriFreshNET Freshness and Shelf-Life Image Datase\AgriFreshNET Freshness and Shelf-Life Image Datase\Processed Data\Processed Data\Fresh eggplant(1-4)\IMG_20251106_160546718_HDR_AE.jpg,Eggplant,0,Fresh,Fresh,0.9354,0.9354,0.0603,0.0043,Fresh,0.9856,0.9856,0.0141,0.0003,Fresh,0.994,0.994,0.0058,0.0003,Fresh,0.9942,0.9942,0.0052,0.0006,Fresh,0.9977,0.9977,0.0019,0.0003
D:\ML Project Freshness Detection\AgriFreshNET Freshness and Shelf-Life Image Datase\AgriFreshNET Freshness and Shelf-Life Image Datase\Processed Data\Processed Data\Fresh eggplant(1-4)\aug_318_IMG_20251121_143540101_HDR_AE.jpg,Eggplant,0,Fresh,Fresh,0.79,0.79,0.2094,0.0007,Fresh,0.9335,0.9335,0.0661,0.0004,Fresh,0.9747,0.9747,0.0251,0.0003,Fresh,0.9915,0.9915,0.0082,0.0003,Fresh,0.9981,0.9981,0.0017,0.0002
D:\ML Project Freshness Detection\AgriFreshNET Freshness and Shelf-Life Image Datase\AgriFreshNET Freshness and Shelf-Life Image Datase\Processed Data\Processed Data\Fresh Tomato(1-10)\IMG_20251120_203951071_HDR.jpg,Tomato,0,Fresh,Fresh,0.8752,0.8752,0.1241,0.0007,Fresh,0.9677,0.9677,0.0303,0.002,Fresh,0.972,0.972,0.0264,0.0016,Fresh,0.9986,0.9986,0.0012,0.0002,Fresh,0.9986,0.9986,0.0012,0.0002
D:\ML Project Freshness Detection\AgriFreshNET Freshness and Shelf-Life Image Datase\AgriFreshNET Freshness and Shelf-Life Image Datase\Processed Data\Processed Data\Semi Fresh Papaya(4-7)\aug_219_IMG_20251124_022549.jpg,Papaya,1,Semi-Fresh,Semi-Fresh,0.8485,0.1405,0.8485,0.011,Semi-Fresh,0.9765,0.0224,0.9765,0.0011,Semi-Fresh,0.9316,0.0649,0.9316,0.0035,Semi-Fresh,0.9639,0.0343,0.9639,0.0018,Semi-Fresh,0.9567,0.0421,0.9567,0.0012
D:\ML Project Freshness Detection\AgriFreshNET Freshness and Shelf-Life Image Datase\AgriFreshNET Freshness and Shelf-Life Image Datase\Processed Data\Processed Data\Fresh eggplant(1-4)\aug_287_IMG_20251118_164650213_HDR_AE.jpg,Eggplant,0,Fresh,Fresh,0.6971,0.6971,0.2979,0.005,Fresh,0.9025,0.9025,0.0957,0.0018,Fresh,0.8744,0.8744,0.1251,0.0005,Fresh,0.9898,0.9898,0.0101,0.0001,Fresh,0.9964,0.9964,0.0032,0.0004
D:\ML Project Freshness Detection\AgriFreshNET Freshness and Shelf-Life Image Datase\AgriFreshNET Freshness and Shelf-Life Image Datase\Processed Data\Processed Data\Semi_Fresh eggplant(4-8)\aug_90_IMG_20251130_182446301_HDR.jpg,Eggplant,1,Semi-Fresh,Fresh,0.7428,0.7428,0.2417,0.0155,Semi-Fresh,0.552,0.3373,0.552,0.1107,Semi-Fresh,0.7032,0.1804,0.7032,0.1164,Semi-Fresh,0.6284,0.3441,0.6284,0.0275,Semi-Fresh,0.5512,0.4137,0.5512,0.035
D:\ML Project Freshness Detection\AgriFreshNET Freshness and Shelf-Life Image Datase\AgriFreshNET Freshness and Shelf-Life Image Datase\Processed Data\Processed Data\Semi Fresh Bittermelon ( 3-5)\aug_97_IMG_20260116_025906.jpg,Bittermelon,1,Semi-Fresh,Semi-Fresh,0.8438,0.0094,0.8438,0.1468,Semi-Fresh,0.9956,0.0003,0.9956,0.0041,Semi-Fresh,0.9982,0.0005,0.9982,0.0013,Semi-Fresh,0.9986,0.0009,0.9986,0.0005,Semi-Fresh,0.9987,0.0002,0.9987,0.0012
D:\ML Project Freshness Detection\AgriFreshNET Freshness and Shelf-Life Image Datase\AgriFreshNET Freshness and Shelf-Life Image Datase\Processed Data\Processed Data\Semi Fresh Bittermelon ( 3-5)\IMG_20251123_013149.jpg,Bittermelon,1,Semi-Fresh,Semi-Fresh,0.9564,0.0138,0.9564,0.0298,Semi-Fresh,0.982,0.0017,0.982,0.0163,Semi-Fresh,0.9961,0.0034,0.9961,0.0005,Semi-Fresh,0.9978,0.0007,0.9978,0.0015,Semi-Fresh,0.9985,0.0005,0.9985,0.001
D:\ML Project Freshness Detection\AgriFreshNET Freshness and Shelf-Life Image Datase\AgriFreshNET Freshness and Shelf-Life Image Datase\Processed Data\Processed Data\Rotten Bittermelon(5-8)\aug_114_IMG_20260122_003439.jpg,Bittermelon,2,Rotten,Rotten,0.8946,0.0004,0.105,0.8946,Rotten,0.9978,0.0,0.0021,0.9978,Rotten,0.9986,0.0001,0.0014,0.9986,Rotten,0.9919,0.0013,0.0068,0.9919,Rotten,0.9977,0.0003,0.002,0.9977
D:\ML Project Freshness Detection\AgriFreshNET Freshness and Shelf-Life Image Datase\AgriFreshNET Freshness and Shelf-Life Image Datase\Processed Data\Processed Data\Semi Fresh Cucumber(6-12)\IMG_20260125_005552.jpg,Cucumber,1,Semi-Fresh,Rotten,0.7075,0.017,0.2755,0.7075,Semi-Fresh,0.9547,0.0039,0.9547,0.0414,Semi-Fresh,0.991,0.0039,0.991,0.0052,Semi-Fresh,0.999,0.0002,0.999,0.0008,Semi-Fresh,0.9953,0.0013,0.9953,0.0034
D:\ML Project Freshness Detection\AgriFreshNET Freshness and Shelf-Life Image Datase\AgriFreshNET Freshness and Shelf-Life Image Datase\Processed Data\Processed Data\Semi Fresh Bittermelon ( 3-5)\aug_81_IMG_20260120_004723.jpg,Bittermelon,1,Semi-Fresh,Semi-Fresh,0.7983,0.1968,0.7983,0.0049,Semi-Fresh,0.8683,0.0238,0.8683,0.1079,Semi-Fresh,0.9959,0.0029,0.9959,0.0011,Semi-Fresh,0.9978,0.001,0.9978,0.0012,Semi-Fresh,0.9988,0.0004,0.9988,0.0008
D:\ML Project Freshness Detection\AgriFreshNET Freshness and Shelf-Life Image Datase\AgriFreshNET Freshness and Shelf-Life Image Datase\Processed Data\Processed Data\Rotten Tomato(24-35)\aug_184_IMG_20251201_133145240_HDR.jpg,Tomato,2,Rotten,Rotten,0.9726,0.0004,0.027,0.9726,Rotten,0.9961,0.0004,0.0035,0.9961,Rotten,0.9989,0.0,0.0011,0.9989,Rotten,0.9996,0.0001,0.0003,0.9996,Rotten,0.9995,0.0001,0.0004,0.9995
D:\ML Project Freshness Detection\AgriFreshNET Freshness and Shelf-Life Image Datase\AgriFreshNET Freshness and Shelf-Life Image Datase\Processed Data\Processed Data\Rotten banana(7-13)\IMG_20251127_190649690_HDR.jpg,Banana,2,Rotten,Rotten,0.9926,0.0013,0.0061,0.9926,Rotten,0.9969,0.0002,0.0029,0.9969,Rotten,0.9986,0.0,0.0014,0.9986,Rotten,0.9993,0.0003,0.0004,0.9993,Rotten,0.9987,0.0004,0.001,0.9987
D:\ML Project Freshness Detection\AgriFreshNET Freshness and Shelf-Life Image Datase\AgriFreshNET Freshness and Shelf-Life Image Datase\Processed Data\Processed Data\Semi Fresh Cucumber(6-12)\aug_62_IMG_20260212_155326.jpg,Cucumber,1,Semi-Fresh,Semi-Fresh,0.7714,0.2198,0.7714,0.0088,Semi-Fresh,0.9964,0.0029,0.9964,0.0007,Semi-Fresh,0.9878,0.01,0.9878,0.0022,Semi-Fresh,0.999,0.0007,0.999,0.0003,Semi-Fresh,0.9969,0.0014,0.9969,0.0016
D:\ML Project Freshness Detection\AgriFreshNET Freshness and Shelf-Life Image Datase\AgriFreshNET Freshness and Shelf-Life Image Datase\Processed Data\Processed Data\Semi_Fresh eggplant(4-8)\aug_272_IMG_20251130_182101921_HDR.jpg,Eggplant,1,Semi-Fresh,Semi-Fresh,0.9183,0.0756,0.9183,0.0061,Semi-Fresh,0.9786,0.0095,0.9786,0.0118,Semi-Fresh,0.9364,0.0581,0.9364,0.0055,Semi-Fresh,0.9943,0.0009,0.9943,0.0049,Semi-Fresh,0.9943,0.0004,0.9943,0.0052
D:\ML Project Freshness Detection\AgriFreshNET Freshness and Shelf-Life Image Datase\AgriFreshNET Freshness and Shelf-Life Image Datase\Processed Data\Processed Data\Semi fresh Orange(9-20)\IMG_20251115_121818406_HDR_AE.jpg,Orange,1,Semi-Fresh,Semi-Fresh,0.8352,0.1605,0.8352,0.0042,Semi-Fresh,0.9951,0.0044,0.9951,0.0006,Semi-Fresh,0.6539,0.3459,0.6539,0.0002,Semi-Fresh,0.9983,0.0015,0.9983,0.0002,Semi-Fresh,0.981,0.0185,0.981,0.0005
D:\ML Project Freshness Detection\AgriFreshNET Freshness and Shelf-Life Image Datase\AgriFreshNET Freshness and Shelf-Life Image Datase\Processed Data\Processed Data\Semi Fresh Papaya(4-7)\aug_297_IMG_20251124_021917.jpg,Papaya,1,Semi-Fresh,Semi-Fresh,0.4928,0.4455,0.4928,0.0617,Semi-Fresh,0.9339,0.0548,0.9339,0.0113,Semi-Fresh,0.9829,0.0147,0.9829,0.0024,Semi-Fresh,0.991,0.0032,0.991,0.0058,Semi-Fresh,0.9971,0.0014,0.9971,0.0014
D:\ML Project Freshness Detection\AgriFreshNET Freshness and Shelf-Life Image Datase\AgriFreshNET Freshness and Shelf-Life Image Datase\Processed Data\Processed Data\Fresh Tomato(1-10)\IMG_20251106_155708659_HDR_AE.jpg,Tomato,0,Fresh,Semi-Fresh,0.5049,0.485,0.5049,0.01,Fresh,0.838,0.838,0.1602,0.0018,Fresh,0.9359,0.9359,0.0639,0.0002,Fresh,0.7735,0.7735,0.225,0.0015,Fresh,0.7906,0.7906,0.2073,0.0021
D:\ML Project Freshness Detection\AgriFreshNET Freshness and Shelf-Life Image Datase\AgriFreshNET Freshness and Shelf-Life Image Datase\Processed Data\Processed Data\Semi fresh Pineapple (15-25)\aug_143_IMG_20251116_220758571_HDR.jpg,Pineapple,1,Semi-Fresh,Semi-Fresh,0.9863,0.0091,0.9863,0.0046,Semi-Fresh,0.9899,0.0049,0.9899,0.0052,Semi-Fresh,0.9969,0.0028,0.9969,0.0004,Semi-Fresh,0.9939,0.0051,0.9939,0.0009,Semi-Fresh,0.9992,0.0002,0.9992,0.0007
D:\ML Project Freshness Detection\AgriFreshNET Freshness and Shelf-Life Image Datase\AgriFreshNET Freshness and Shelf-Life Image Datase\Processed Data\Processed Data\Rotten Orange(20-35)\aug_25_IMG-20251113-WA0022.jpg,Orange,2,Rotten,Rotten,0.9656,0.0155,0.0189,0.9656,Rotten,0.9964,0.0017,0.0019,0.9964,Rotten,0.9993,0.0005,0.0002,0.9993,Rotten,0.9955,0.0025,0.002,0.9955,Rotten,0.9989,0.0004,0.0006,0.9989
D:\ML Project Freshness Detection\AgriFreshNET Freshness and Shelf-Life Image Datase\AgriFreshNET Freshness and Shelf-Life Image Datase\Processed Data\Processed Data\Semi fresh Pineapple (15-25)\IMG_20251121_144734349_HDR_AE.jpg,Pineapple,1,Semi-Fresh,Fresh,0.5136,0.5136,0.4813,0.005,Semi-Fresh,0.8701,0.1188,0.8701,0.0111,Semi-Fresh,0.9156,0.0837,0.9156,0.0007,Semi-Fresh,0.927,0.0708,0.927,0.0022,Semi-Fresh,0.9854,0.003,0.9854,0.0116
D:\ML Project Freshness Detection\AgriFreshNET Freshness and Shelf-Life Image Datase\AgriFreshNET Freshness and Shelf-Life Image Datase\Processed Data\Processed Data\Semi Fresh Bittermelon ( 3-5)\aug_351_IMG_20251123_013105.jpg,Bittermelon,1,Semi-Fresh,Semi-Fresh,0.5438,0.0141,0.5438,0.4422,Semi-Fresh,0.8732,0.0725,0.8732,0.0543,Semi-Fresh,0.9632,0.0136,0.9632,0.0232,Semi-Fresh,0.9071,0.079,0.9071,0.0139,Semi-Fresh,0.9858,0.0044,0.9858,0.0098
D:\ML Project Freshness Detection\AgriFreshNET Freshness and Shelf-Life Image Datase\AgriFreshNET Freshness and Shelf-Life Image Datase\Processed Data\Processed Data\Fresh Cucumber(1-6)\aug_10_IMG_20260116_030051.jpg,Cucumber,0,Fresh,Fresh,0.767,0.767,0.2315,0.0015,Fresh,0.987,0.987,0.0108,0.0022,Fresh,0.9838,0.9838,0.0156,0.0005,Fresh,0.9878,0.9878,0.0118,0.0004,Fresh,0.926,0.926,0.0734,0.0006
D:\ML Project Freshness Detection\AgriFreshNET Freshness and Shelf-Life Image Datase\AgriFreshNET Freshness and Shelf-Life Image Datase\Processed Data\Processed Data\Fresh Cucumber(1-6)\aug_295_IMG_20260204_151932.jpg,Cucumber,0,Fresh,Fresh,0.985,0.985,0.0145,0.0004,Fresh,0.9503,0.9503,0.0483,0.0014,Fresh,0.9505,0.9505,0.0491,0.0004,Fresh,0.8961,0.8961,0.1036,0.0003,Fresh,0.9974,0.9974,0.0021,0.0005
D:\ML Project Freshness Detection\AgriFreshNET Freshness and Shelf-Life Image Datase\AgriFreshNET Freshness and Shelf-Life Image Datase\Processed Data\Processed Data\Semi Fresh Bittermelon ( 3-5)\aug_343_IMG_20251123_013039.jpg,Bittermelon,1,Semi-Fresh,Semi-Fresh,0.7549,0.2057,0.7549,0.0394,Semi-Fresh,0.9567,0.0167,0.9567,0.0265,Semi-Fresh,0.9503,0.0038,0.9503,0.0459,Semi-Fresh,0.9763,0.0043,0.9763,0.0194,Semi-Fresh,0.9814,0.0003,0.9814,0.0183
D:\ML Project Freshness Detection\AgriFreshNET Freshness and Shelf-Life Image Datase\AgriFreshNET Freshness and Shelf-Life Image Datase\Processed Data\Processed Data\Semi fresh Orange(9-20)\IMG-20251113-WA0002.jpg,Orange,1,Semi-Fresh,Semi-Fresh,0.7742,0.1129,0.7742,0.1129,Semi-Fresh,0.9608,0.009,0.9608,0.0303,Semi-Fresh,0.8717,0.0992,0.8717,0.0291,Semi-Fresh,0.9973,0.0008,0.9973,0.0019,Semi-Fresh,0.9817,0.0152,0.9817,0.0031
D:\ML Project Freshness Detection\AgriFreshNET Freshness and Shelf-Life Image Datase\AgriFreshNET Freshness and Shelf-Life Image Datase\Processed Data\Processed Data\Fresh Orange(1-9)\IMG_20251102_080250268_HDR_AE.jpg,Orange,0,Fresh,Fresh,0.5469,0.5469,0.3801,0.073,Fresh,0.9356,0.9356,0.0635,0.0009,Fresh,0.9752,0.9752,0.0241,0.0007,Semi-Fresh,0.5656,0.4249,0.5656,0.0095,Fresh,0.9984,0.9984,0.0015,0.0001
D:\ML Project Freshness Detection\AgriFreshNET Freshness and Shelf-Life Image Datase\AgriFreshNET Freshness and Shelf-Life Image Datase\Processed Data\Processed Data\Semi fresh Orange(9-20)\IMG_20251127_191233188_HDR.jpg,Orange,1,Semi-Fresh,Semi-Fresh,0.9981,0.0016,0.9981,0.0003,Semi-Fresh,0.9992,0.0002,0.9992,0.0006,Semi-Fresh,0.9999,0.0,0.9999,0.0001,Semi-Fresh,0.9992,0.0003,0.9992,0.0005,Semi-Fresh,0.9984,0.0006,0.9984,0.001
D:\ML Project Freshness Detection\AgriFreshNET Freshness and Shelf-Life Image Datase\AgriFreshNET Freshness and Shelf-Life Image Datase\Processed Data\Processed Data\Fresh Orange(1-9)\aug_307_IMG-20251119-WA0005.jpg,Orange,0,Fresh,Fresh,0.8997,0.8997,0.0984,0.0019,Fresh,0.9732,0.9732,0.0263,0.0005,Fresh,0.9969,0.9969,0.0029,0.0001,Fresh,0.9744,0.9744,0.0246,0.001,Fresh,0.9888,0.9888,0.0098,0.0014
D:\ML Project Freshness Detection\AgriFreshNET Freshness and Shelf-Life Image Datase\AgriFreshNET Freshness and Shelf-Life Image Datase\Processed Data\Processed Data\Semi Fresh Cucumber(6-12)\aug_258_IMG_20260120_004349.jpg,Cucumber,1,Semi-Fresh,Semi-Fresh,0.7108,0.1586,0.7108,0.1306,Semi-Fresh,0.9584,0.027,0.9584,0.0146,Semi-Fresh,0.9238,0.0662,0.9238,0.01,Semi-Fresh,0.8563,0.0907,0.8563,0.0531,Semi-Fresh,0.8405,0.0054,0.8405,0.1542
D:\ML Project Freshness Detection\AgriFreshNET Freshness and Shelf-Life Image Datase\AgriFreshNET Freshness and Shelf-Life Image Datase\Processed Data\Processed Data\Fresh pineapple(1-15)\aug_303_IMG-20251125-WA0023.jpg,Pineapple,0,Fresh,Fresh,0.955,0.955,0.0449,0.0001,Fresh,0.9919,0.9919,0.008,0.0001,Fresh,0.9995,0.9995,0.0005,0.0,Fresh,0.9985,0.9985,0.0014,0.0001,Fresh,0.9987,0.9987,0.0011,0.0002
D:\ML Project Freshness Detection\AgriFreshNET Freshness and Shelf-Life Image Datase\AgriFreshNET Freshness and Shelf-Life Image Datase\Processed Data\Processed Data\Fresh Banana(1-4)\aug_136_IMG_20251104_131821580_HDR_AE.jpg,Banana,0,Fresh,Fresh,0.9304,0.9304,0.0651,0.0045,Fresh,0.9841,0.9841,0.0155,0.0003,Fresh,0.8802,0.8802,0.1187,0.0012,Fresh,0.9704,0.9704,0.0283,0.0014,Fresh,0.9959,0.9959,0.004,0.0001
D:\ML Project Freshness Detection\AgriFreshNET Freshness and Shelf-Life Image Datase\AgriFreshNET Freshness and Shelf-Life Image Datase\Processed Data\Processed Data\Rotten banana(7-13)\IMG_20251126_190503304_HDR.jpg,Banana,2,Rotten,Rotten,0.7634,0.0217,0.215,0.7634,Rotten,0.9961,0.0,0.0039,0.9961,Rotten,0.987,0.0001,0.0129,0.987,Rotten,0.9981,0.0007,0.0012,0.9981,Rotten,0.996,0.0002,0.0037,0.996
D:\ML Project Freshness Detection\AgriFreshNET Freshness and Shelf-Life Image Datase\AgriFreshNET Freshness and Shelf-Life Image Datase\Processed Data\Processed Data\Rotten banana(7-13)\IMG_20260124_113224134_HDR_AE.jpg,Banana,2,Rotten,Rotten,0.7532,0.0035,0.2433,0.7532,Rotten,0.9967,0.0001,0.0031,0.9967,Rotten,0.971,0.0005,0.0285,0.971,Rotten,0.9973,0.0005,0.0022,0.9973,Rotten,0.9996,0.0001,0.0004,0.9996
D:\ML Project Freshness Detection\AgriFreshNET Freshness and Shelf-Life Image Datase\AgriFreshNET Freshness and Shelf-Life Image Datase\Processed Data\Processed Data\Rotten Orange(20-35)\aug_53_IMG-20251215-WA0020.jpg,Orange,2,Rotten,Rotten,0.877,0.0157,0.1073,0.877,Rotten,0.9957,0.0011,0.0032,0.9957,Rotten,0.9782,0.0074,0.0144,0.9782,Rotten,0.9994,0.0003,0.0003,0.9994,Rotten,0.9974,0.0003,0.0023,0.9974
D:\ML Project Freshness Detection\AgriFreshNET Freshness and Shelf-Life Image Datase\AgriFreshNET Freshness and Shelf-Life Image Datase\Processed Data\Processed Data\Fresh Papaya(1-4)\aug_56_IMG_20251121_081118.jpg,Papaya,0,Fresh,Fresh,0.7496,0.7496,0.2484,0.0019,Fresh,0.9328,0.9328,0.0669,0.0002,Fresh,0.9623,0.9623,0.0373,0.0003,Fresh,0.9852,0.9852,0.0144,0.0004,Fresh,0.9821,0.9821,0.0162,0.0017
D:\ML Project Freshness Detection\AgriFreshNET Freshness and Shelf-Life Image Datase\AgriFreshNET Freshness and Shelf-Life Image Datase\Processed Data\Processed Data\Fresh Orange(1-9)\aug_128_IMG-20251115-WA0016.jpg,Orange,0,Fresh,Fresh,0.9796,0.9796,0.019,0.0015,Fresh,0.9885,0.9885,0.0113,0.0002,Fresh,0.9935,0.9935,0.0063,0.0002,Fresh,0.9972,0.9972,0.0023,0.0006,Fresh,0.9834,0.9834,0.0139,0.0028
D:\ML Project Freshness Detection\AgriFreshNET Freshness and Shelf-Life Image Datase\AgriFreshNET Freshness and Shelf-Life Image Datase\Processed Data\Processed Data\Rotten Bittermelon(5-8)\aug_277_IMG_20251202_020046.jpg,Bittermelon,2,Rotten,Rotten,0.9994,0.0001,0.0006,0.9994,Rotten,0.9992,0.0002,0.0006,0.9992,Rotten,1.0,0.0,0.0,1.0,Rotten,0.9967,0.0016,0.0017,0.9967,Rotten,0.9999,0.0,0.0001,0.9999
D:\ML Project Freshness Detection\AgriFreshNET Freshness and Shelf-Life Image Datase\AgriFreshNET Freshness and Shelf-Life Image Datase\Processed Data\Processed Data\Rotten Tomato(24-35)\aug_270_IMG-20260210-WA0019.jpg,Tomato,2,Rotten,Rotten,0.9432,0.0238,0.0329,0.9432,Rotten,0.9868,0.0088,0.0045,0.9868,Rotten,0.9927,0.0065,0.0008,0.9927,Rotten,0.9844,0.008,0.0076,0.9844,Rotten,0.9895,0.0068,0.0038,0.9895
D:\ML Project Freshness Detection\AgriFreshNET Freshness and Shelf-Life Image Datase\AgriFreshNET Freshness and Shelf-Life Image Datase\Processed Data\Processed Data\Semi fresh Pineapple (15-25)\aug_379_IMG-20251207-WA0039.jpg,Pineapple,1,Semi-Fresh,Semi-Fresh,0.9597,0.0278,0.9597,0.0125,Semi-Fresh,0.9926,0.0033,0.9926,0.0041,Semi-Fresh,0.9502,0.0425,0.9502,0.0073,Semi-Fresh,0.9856,0.0133,0.9856,0.0011,Semi-Fresh,0.9948,0.0006,0.9948,0.0046
D:\ML Project Freshness Detection\AgriFreshNET Freshness and Shelf-Life Image Datase\AgriFreshNET Freshness and Shelf-Life Image Datase\Processed Data\Processed Data\Semi fresh Orange(9-20)\IMG_20251119_200420656_HDR.jpg,Orange,1,Semi-Fresh,Semi-Fresh,0.7051,0.2947,0.7051,0.0002,Semi-Fresh,0.9735,0.0263,0.9735,0.0002,Semi-Fresh,0.9973,0.0026,0.9973,0.0,Semi-Fresh,0.9934,0.0056,0.9934,0.0011,Semi-Fresh,0.996,0.0038,0.996,0.0003
D:\ML Project Freshness Detection\AgriFreshNET Freshness and Shelf-Life Image Datase\AgriFreshNET Freshness and Shelf-Life Image Datase\Processed Data\Processed Data\Semi Fresh Bittermelon ( 3-5)\aug_166_IMG_20251123_013034.jpg,Bittermelon,1,Semi-Fresh,Semi-Fresh,0.5305,0.4494,0.5305,0.0201,Semi-Fresh,0.8921,0.0246,0.8921,0.0833,Semi-Fresh,0.8539,0.0145,0.8539,0.1316,Semi-Fresh,0.8822,0.0148,0.8822,0.1029,Semi-Fresh,0.9876,0.0014,0.9876,0.011
D:\ML Project Freshness Detection\AgriFreshNET Freshness and Shelf-Life Image Datase\AgriFreshNET Freshness and Shelf-Life Image Datase\Processed Data\Processed Data\Semi Fresh Cucumber(6-12)\aug_207_IMG_20260120_005114.jpg,Cucumber,1,Semi-Fresh,Semi-Fresh,0.8139,0.182,0.8139,0.0042,Semi-Fresh,0.9793,0.0196,0.9793,0.0011,Semi-Fresh,0.9882,0.009,0.9882,0.0028,Semi-Fresh,0.9936,0.0027,0.9936,0.0037,Semi-Fresh,0.9993,0.0002,0.9993,0.0005
D:\ML Project Freshness Detection\AgriFreshNET Freshness and Shelf-Life Image Datase\AgriFreshNET Freshness and Shelf-Life Image Datase\Processed Data\Processed Data\Rotten Pineapple(25-35)\IMG-20251230-WA0018.jpg,Pineapple,2,Rotten,Rotten,0.9084,0.0086,0.083,0.9084,Rotten,0.989,0.0092,0.0018,0.989,Rotten,0.995,0.0005,0.0045,0.995,Rotten,0.9865,0.0071,0.0064,0.9865,Rotten,0.9995,0.0002,0.0003,0.9995
D:\ML Project Freshness Detection\AgriFreshNET Freshness and Shelf-Life Image Datase\AgriFreshNET Freshness and Shelf-Life Image Datase\Processed Data\Processed Data\Semi Fresh Papaya(4-7)\IMG_20260214_025209.jpg,Papaya,1,Semi-Fresh,Semi-Fresh,0.5304,0.4687,0.5304,0.001,Semi-Fresh,0.9003,0.0756,0.9003,0.0242,Semi-Fresh,0.9922,0.0048,0.9922,0.003,Semi-Fresh,0.9983,0.0005,0.9983,0.0012,Semi-Fresh,0.9972,0.0025,0.9972,0.0002
D:\ML Project Freshness Detection\AgriFreshNET Freshness and Shelf-Life Image Datase\AgriFreshNET Freshness and Shelf-Life Image Datase\Processed Data\Processed Data\Fresh Banana(1-4)\aug_278_IMG_20251102_080928863_HDR_AE.jpg,Banana,0,Fresh,Fresh,0.917,0.917,0.0801,0.0029,Fresh,0.9591,0.9591,0.0404,0.0005,Fresh,0.9844,0.9844,0.0154,0.0002,Fresh,0.9985,0.9985,0.0012,0.0003,Fresh,0.9955,0.9955,0.0043,0.0002
D:\ML Project Freshness Detection\AgriFreshNET Freshness and Shelf-Life Image Datase\AgriFreshNET Freshness and Shelf-Life Image Datase\Processed Data\Processed Data\Rotten Papaya(7-12)\IMG_20260130_163418.jpg,Papaya,2,Rotten,Rotten,0.8686,0.0665,0.065,0.8686,Rotten,0.9988,0.0002,0.001,0.9988,Rotten,0.9928,0.0,0.0072,0.9928,Rotten,0.9958,0.0019,0.0023,0.9958,Rotten,0.9985,0.0001,0.0014,0.9985
D:\ML Project Freshness Detection\AgriFreshNET Freshness and Shelf-Life Image Datase\AgriFreshNET Freshness and Shelf-Life Image Datase\Processed Data\Processed Data\Semi fresh Tomato(10-24)\aug_51_IMG_20251112_113745665_HDR_AE.jpg,Tomato,1,Semi-Fresh,Fresh,0.6432,0.6432,0.353,0.0038,Semi-Fresh,0.8671,0.1155,0.8671,0.0174,Fresh,0.8049,0.8049,0.193,0.0021,Semi-Fresh,0.9214,0.0159,0.9214,0.0627,Semi-Fresh,0.8128,0.1838,0.8128,0.0034
D:\ML Project Freshness Detection\AgriFreshNET Freshness and Shelf-Life Image Datase\AgriFreshNET Freshness and Shelf-Life Image Datase\Processed Data\Processed Data\Fresh eggplant(1-4)\aug_105_IMG_20251121_143557066_HDR_AE.jpg,Eggplant,0,Fresh,Fresh,0.8075,0.8075,0.191,0.0015,Fresh,0.9345,0.9345,0.0653,0.0002,Fresh,0.9704,0.9704,0.0294,0.0002,Fresh,0.9962,0.9962,0.0037,0.0001,Fresh,0.9928,0.9928,0.0069,0.0002
D:\ML Project Freshness Detection\AgriFreshNET Freshness and Shelf-Life Image Datase\AgriFreshNET Freshness and Shelf-Life Image Datase\Processed Data\Processed Data\Rotten eggplant(8-15)\aug_26_IMG_20251117_141144965_HDR_AE.jpg,Eggplant,2,Rotten,Rotten,0.9536,0.0066,0.0398,0.9536,Rotten,0.9831,0.0038,0.0131,0.9831,Rotten,0.9995,0.0001,0.0004,0.9995,Rotten,0.9982,0.0001,0.0017,0.9982,Rotten,0.9992,0.0002,0.0006,0.9992
D:\ML Project Freshness Detection\AgriFreshNET Freshness and Shelf-Life Image Datase\AgriFreshNET Freshness and Shelf-Life Image Datase\Processed Data\Processed Data\Semi_Fresh eggplant(4-8)\aug_50_IMG_20251130_182118689_HDR.jpg,Eggplant,1,Semi-Fresh,Semi-Fresh,0.5239,0.2256,0.5239,0.2505,Rotten,0.8164,0.0558,0.1277,0.8164,Semi-Fresh,0.9403,0.0517,0.9403,0.008,Semi-Fresh,0.8774,0.0941,0.8774,0.0285,Semi-Fresh,0.9479,0.007,0.9479,0.0451
D:\ML Project Freshness Detection\AgriFreshNET Freshness and Shelf-Life Image Datase\AgriFreshNET Freshness and Shelf-Life Image Datase\Processed Data\Processed Data\Fresh Tomato(1-10)\IMG_20251118_170215005_HDR.jpg,Tomato,0,Fresh,Fresh,0.9509,0.9509,0.0485,0.0006,Fresh,0.9941,0.9941,0.0055,0.0004,Fresh,0.9927,0.9927,0.0071,0.0002,Fresh,0.9973,0.9973,0.0021,0.0006,Fresh,0.9969,0.9969,0.0025,0.0006
D:\ML Project Freshness Detection\AgriFreshNET Freshness and Shelf-Life Image Datase\AgriFreshNET Freshness and Shelf-Life Image Datase\Processed Data\Processed Data\Fresh Bittermelon(1-3)\aug_95_IMG_20251118_161126.jpg,Bittermelon,0,Fresh,Fresh,0.8867,0.8867,0.112,0.0012,Fresh,0.9856,0.9856,0.0139,0.0004,Fresh,0.9978,0.9978,0.0019,0.0003,Fresh,0.9919,0.9919,0.0072,0.0009,Fresh,0.9994,0.9994,0.0005,0.0001
D:\ML Project Freshness Detection\AgriFreshNET Freshness and Shelf-Life Image Datase\AgriFreshNET Freshness and Shelf-Life Image Datase\Processed Data\Processed Data\Rotten Cucumber(12-20)\aug_516_IMG_20251123_012342.jpg,Cucumber,2,Rotten,Rotten,0.9906,0.0014,0.008,0.9906,Rotten,0.9972,0.0002,0.0026,0.9972,Rotten,1.0,0.0,0.0,1.0,Rotten,0.9976,0.001,0.0013,0.9976,Rotten,0.9997,0.0001,0.0002,0.9997
D:\ML Project Freshness Detection\AgriFreshNET Freshness and Shelf-Life Image Datase\AgriFreshNET Freshness and Shelf-Life Image Datase\Processed Data\Processed Data\Fresh Papaya(1-4)\aug_350_IMG_20260116_030606.jpg,Papaya,0,Fresh,Fresh,0.9752,0.9752,0.024,0.0008,Fresh,0.9947,0.9947,0.0051,0.0002,Fresh,0.9998,0.9998,0.0001,0.0,Fresh,0.9951,0.9951,0.0047,0.0001,Fresh,0.9969,0.9969,0.003,0.0001
D:\ML Project Freshness Detection\AgriFreshNET Freshness and Shelf-Life Image Datase\AgriFreshNET Freshness and Shelf-Life Image Datase\Processed Data\Processed Data\Semi Fresh Cucumber(6-12)\aug_123_IMG_20260212_155538.jpg,Cucumber,1,Semi-Fresh,Semi-Fresh,0.9733,0.0266,0.9733,0.0001,Semi-Fresh,0.9911,0.0078,0.9911,0.0011,Semi-Fresh,0.999,0.0009,0.999,0.0001,Semi-Fresh,0.9986,0.0009,0.9986,0.0005,Semi-Fresh,0.9995,0.0004,0.9995,0.0001
D:\ML Project Freshness Detection\AgriFreshNET Freshness and Shelf-Life Image Datase\AgriFreshNET Freshness and Shelf-Life Image Datase\Processed Data\Processed Data\Fresh eggplant(1-4)\IMG_20251120_202213743_HDR.jpg,Eggplant,0,Fresh,Fresh,0.5406,0.5406,0.4587,0.0007,Fresh,0.5076,0.5076,0.4903,0.002,Fresh,0.5124,0.5124,0.4845,0.0031,Fresh,0.656,0.656,0.3335,0.0105,Semi-Fresh,0.9388,0.0607,0.9388,0.0005
D:\ML Project Freshness Detection\AgriFreshNET Freshness and Shelf-Life Image Datase\AgriFreshNET Freshness and Shelf-Life Image Datase\Processed Data\Processed Data\Fresh eggplant(1-4)\IMG_20251119_195502573_HDR.jpg,Eggplant,0,Fresh,Fresh,0.6918,0.6918,0.3075,0.0008,Fresh,0.6245,0.6245,0.3574,0.0181,Fresh,0.5871,0.5871,0.4045,0.0083,Fresh,0.7116,0.7116,0.2703,0.0181,Semi-Fresh,0.4845,0.4804,0.4845,0.0351
D:\ML Project Freshness Detection\AgriFreshNET Freshness and Shelf-Life Image Datase\AgriFreshNET Freshness and Shelf-Life Image Datase\Processed Data\Processed Data\Fresh Papaya(1-4)\aug_122_IMG_20251029_095751.jpg,Papaya,0,Fresh,Fresh,0.9737,0.9737,0.026,0.0002,Fresh,0.9074,0.9074,0.0913,0.0013,Fresh,0.9984,0.9984,0.0016,0.0001,Fresh,0.988,0.988,0.0108,0.0013,Fresh,0.9227,0.9227,0.0764,0.0009
D:\ML Project Freshness Detection\AgriFreshNET Freshness and Shelf-Life Image Datase\AgriFreshNET Freshness and Shelf-Life Image Datase\Processed Data\Processed Data\Rotten Bittermelon(5-8)\aug_247_IMG_20260125_005616.jpg,Bittermelon,2,Rotten,Rotten,0.8357,0.0009,0.1634,0.8357,Rotten,0.9838,0.0001,0.016,0.9838,Rotten,0.9966,0.0,0.0034,0.9966,Rotten,0.9984,0.0002,0.0014,0.9984,Rotten,0.9983,0.0003,0.0014,0.9983
D:\ML Project Freshness Detection\AgriFreshNET Freshness and Shelf-Life Image Datase\AgriFreshNET Freshness and Shelf-Life Image Datase\Processed Data\Processed Data\Fresh Cucumber(1-6)\aug_178_IMG_20251031_164917.jpg,Cucumber,0,Fresh,Fresh,0.7025,0.7025,0.2953,0.0022,Fresh,0.9217,0.9217,0.0738,0.0045,Fresh,0.9726,0.9726,0.027,0.0004,Fresh,0.9881,0.9881,0.0109,0.0009,Fresh,0.9824,0.9824,0.0163,0.0014
D:\ML Project Freshness Detection\AgriFreshNET Freshness and Shelf-Life Image Datase\AgriFreshNET Freshness and Shelf-Life Image Datase\Processed Data\Processed Data\Semi fresh Pineapple (15-25)\aug_223_IMG_20251121_144734349_HDR_AE.jpg,Pineapple,1,Semi-Fresh,Semi-Fresh,0.5394,0.4479,0.5394,0.0127,Semi-Fresh,0.8617,0.1322,0.8617,0.0061,Semi-Fresh,0.9327,0.0665,0.9327,0.0009,Semi-Fresh,0.9471,0.0511,0.9471,0.0018,Semi-Fresh,0.9885,0.0021,0.9885,0.0094
D:\ML Project Freshness Detection\AgriFreshNET Freshness and Shelf-Life Image Datase\AgriFreshNET Freshness and Shelf-Life Image Datase\Processed Data\Processed Data\Fresh Papaya(1-4)\aug_458_IMG_20251025_122045.jpg,Papaya,0,Fresh,Fresh,0.9791,0.9791,0.0209,0.0,Fresh,0.9885,0.9885,0.0111,0.0004,Fresh,0.9997,0.9997,0.0003,0.0,Fresh,0.9987,0.9987,0.0012,0.0001,Fresh,0.9945,0.9945,0.0046,0.0009
D:\ML Project Freshness Detection\AgriFreshNET Freshness and Shelf-Life Image Datase\AgriFreshNET Freshness and Shelf-Life Image Datase\Processed Data\Processed Data\Fresh Orange(1-9)\IMG_20251109_112205483_HDR_AE.jpg,Orange,0,Fresh,Semi-Fresh,0.7985,0.199,0.7985,0.0025,Fresh,0.8164,0.8164,0.1828,0.0008,Fresh,0.9781,0.9781,0.0216,0.0004,Fresh,0.9771,0.9771,0.0222,0.0007,Fresh,0.9968,0.9968,0.003,0.0002
D:\ML Project Freshness Detection\AgriFreshNET Freshness and Shelf-Life Image Datase\AgriFreshNET Freshness and Shelf-Life Image Datase\Processed Data\Processed Data\Fresh Orange(1-9)\aug_270_IMG_20251104_132204943_HDR_AE.jpg,Orange,0,Fresh,Fresh,0.9758,0.9758,0.0214,0.0028,Fresh,0.9892,0.9892,0.0105,0.0003,Fresh,0.9978,0.9978,0.0022,0.0,Fresh,0.9955,0.9955,0.0042,0.0003,Fresh,0.9988,0.9988,0.0009,0.0003
D:\ML Project Freshness Detection\AgriFreshNET Freshness and Shelf-Life Image Datase\AgriFreshNET Freshness and Shelf-Life Image Datase\Processed Data\Processed Data\Fresh Cucumber(1-6)\aug_268_IMG_20260204_152039.jpg,Cucumber,0,Fresh,Fresh,0.8941,0.8941,0.1057,0.0001,Fresh,0.9904,0.9904,0.0089,0.0007,Fresh,0.9792,0.9792,0.0121,0.0087,Fresh,0.9436,0.9436,0.049,0.0074,Fresh,0.995,0.995,0.0048,0.0002
D:\ML Project Freshness Detection\AgriFreshNET Freshness and Shelf-Life Image Datase\AgriFreshNET Freshness and Shelf-Life Image Datase\Processed Data\Processed Data\Rotten Orange(20-35)\aug_331_IMG-20251114-WA0001.jpg,Orange,2,Rotten,Rotten,0.9848,0.0033,0.0119,0.9848,Rotten,0.9989,0.0003,0.0008,0.9989,Rotten,0.9988,0.0002,0.001,0.9988,Rotten,0.9975,0.0016,0.0009,0.9975,Rotten,0.9998,0.0001,0.0001,0.9998
D:\ML Project Freshness Detection\AgriFreshNET Freshness and Shelf-Life Image Datase\AgriFreshNET Freshness and Shelf-Life Image Datase\Processed Data\Processed Data\Fresh Cucumber(1-6)\aug_270_IMG_20260204_152112.jpg,Cucumber,0,Fresh,Fresh,0.9653,0.9653,0.0338,0.001,Fresh,0.9808,0.9808,0.0189,0.0003,Fresh,0.9956,0.9956,0.0042,0.0002,Fresh,0.9958,0.9958,0.0038,0.0004,Fresh,0.9954,0.9954,0.004,0.0006
D:\ML Project Freshness Detection\AgriFreshNET Freshness and Shelf-Life Image Datase\AgriFreshNET Freshness and Shelf-Life Image Datase\Processed Data\Processed Data\Rotten Orange(20-35)\aug_152_IMG-20251114-WA0005.jpg,Orange,2,Rotten,Rotten,0.8692,0.0414,0.0893,0.8692,Rotten,0.9903,0.0016,0.0081,0.9903,Rotten,0.9973,0.0004,0.0023,0.9973,Rotten,0.9984,0.0008,0.0008,0.9984,Rotten,0.9997,0.0001,0.0001,0.9997
D:\ML Project Freshness Detection\AgriFreshNET Freshness and Shelf-Life Image Datase\AgriFreshNET Freshness and Shelf-Life Image Datase\Processed Data\Processed Data\Fresh Bittermelon(1-3)\IMG_20260120_004833.jpg,Bittermelon,0,Fresh,Fresh,0.9693,0.9693,0.0304,0.0003,Fresh,0.9738,0.9738,0.0257,0.0005,Fresh,0.9521,0.9521,0.0479,0.0001,Fresh,0.9742,0.9742,0.0222,0.0036,Fresh,0.9836,0.9836,0.0159,0.0006
D:\ML Project Freshness Detection\AgriFreshNET Freshness and Shelf-Life Image Datase\AgriFreshNET Freshness and Shelf-Life Image Datase\Processed Data\Processed Data\Fresh Tomato(1-10)\IMG_20251124_192542702_HDR.jpg,Tomato,0,Fresh,Fresh,0.9402,0.9402,0.0594,0.0004,Fresh,0.9916,0.9916,0.008,0.0004,Fresh,0.9984,0.9984,0.0015,0.0001,Fresh,0.9956,0.9956,0.0038,0.0006,Fresh,0.9962,0.9962,0.0027,0.0011
D:\ML Project Freshness Detection\AgriFreshNET Freshness and Shelf-Life Image Datase\AgriFreshNET Freshness and Shelf-Life Image Datase\Processed Data\Processed Data\Rotten Papaya(7-12)\IMG_20251202_021254.jpg,Papaya,2,Rotten,Rotten,0.9476,0.0169,0.0355,0.9476,Rotten,0.9887,0.0057,0.0056,0.9887,Rotten,0.9768,0.0013,0.0218,0.9768,Rotten,0.9965,0.0013,0.0022,0.9965,Rotten,0.9992,0.0002,0.0006,0.9992
D:\ML Project Freshness Detection\AgriFreshNET Freshness and Shelf-Life Image Datase\AgriFreshNET Freshness and Shelf-Life Image Datase\Processed Data\Processed Data\Semi Fresh Bittermelon ( 3-5)\aug_283_IMG_20260122_003123.jpg,Bittermelon,1,Semi-Fresh,Semi-Fresh,0.963,0.0266,0.963,0.0104,Semi-Fresh,0.9237,0.0054,0.9237,0.0709,Semi-Fresh,0.8898,0.1075,0.8898,0.0027,Semi-Fresh,0.9129,0.0382,0.9129,0.0489,Semi-Fresh,0.9757,0.023,0.9757,0.0012
D:\ML Project Freshness Detection\AgriFreshNET Freshness and Shelf-Life Image Datase\AgriFreshNET Freshness and Shelf-Life Image Datase\Processed Data\Processed Data\Semi fresh Tomato(10-24)\aug_62_IMG_20251119_200825531_HDR.jpg,Tomato,1,Semi-Fresh,Semi-Fresh,0.747,0.2506,0.747,0.0023,Semi-Fresh,0.981,0.0149,0.981,0.0041,Semi-Fresh,0.9989,0.0011,0.9989,0.0001,Semi-Fresh,0.9942,0.0052,0.9942,0.0006,Semi-Fresh,0.9789,0.0208,0.9789,0.0003
D:\ML Project Freshness Detection\AgriFreshNET Freshness and Shelf-Life Image Datase\AgriFreshNET Freshness and Shelf-Life Image Datase\Processed Data\Processed Data\Rotten Papaya(7-12)\IMG_20260130_163400.jpg,Papaya,2,Rotten,Rotten,0.9932,0.0016,0.0052,0.9932,Rotten,0.9999,0.0,0.0001,0.9999,Rotten,0.9998,0.0,0.0002,0.9998,Rotten,0.996,0.0016,0.0024,0.996,Rotten,0.9999,0.0,0.0001,0.9999
D:\ML Project Freshness Detection\AgriFreshNET Freshness and Shelf-Life Image Datase\AgriFreshNET Freshness and Shelf-Life Image Datase\Processed Data\Processed Data\Fresh Bittermelon(1-3)\aug_291_IMG_20251029_095446.jpg,Bittermelon,0,Fresh,Fresh,0.9782,0.9782,0.0193,0.0026,Fresh,0.9536,0.9536,0.0411,0.0053,Fresh,0.9988,0.9988,0.0009,0.0003,Fresh,0.9875,0.9875,0.0075,0.005,Fresh,0.9948,0.9948,0.004,0.0011
D:\ML Project Freshness Detection\AgriFreshNET Freshness and Shelf-Life Image Datase\AgriFreshNET Freshness and Shelf-Life Image Datase\Processed Data\Processed Data\Fresh eggplant(1-4)\IMG_20251127_192835022_HDR.jpg,Eggplant,0,Fresh,Fresh,0.6126,0.6126,0.3658,0.0216,Semi-Fresh,0.5172,0.4655,0.5172,0.0172,Fresh,0.9819,0.9819,0.017,0.001,Fresh,0.9789,0.9789,0.0174,0.0037,Fresh,0.9975,0.9975,0.0023,0.0002
D:\ML Project Freshness Detection\AgriFreshNET Freshness and Shelf-Life Image Datase\AgriFreshNET Freshness and Shelf-Life Image Datase\Processed Data\Processed Data\Fresh pineapple(1-15)\IMG-20251130-WA0007.jpg,Pineapple,0,Fresh,Fresh,0.8847,0.8847,0.102,0.0133,Fresh,0.9836,0.9836,0.0154,0.001,Fresh,0.998,0.998,0.0019,0.0001,Fresh,0.9964,0.9964,0.0033,0.0003,Fresh,0.9968,0.9968,0.0029,0.0003
D:\ML Project Freshness Detection\AgriFreshNET Freshness and Shelf-Life Image Datase\AgriFreshNET Freshness and Shelf-Life Image Datase\Processed Data\Processed Data\Rotten banana(7-13)\aug_134_IMG_20251126_190624986_HDR.jpg,Banana,2,Rotten,Rotten,0.9208,0.0013,0.0779,0.9208,Rotten,0.9993,0.0,0.0007,0.9993,Rotten,0.9976,0.0,0.0024,0.9976,Rotten,0.9988,0.0003,0.0009,0.9988,Rotten,0.999,0.0002,0.0008,0.999
D:\ML Project Freshness Detection\AgriFreshNET Freshness and Shelf-Life Image Datase\AgriFreshNET Freshness and Shelf-Life Image Datase\Processed Data\Processed Data\Fresh Cucumber(1-6)\aug_402_IMG_20260116_030150.jpg,Cucumber,0,Fresh,Fresh,0.8743,0.8743,0.1256,0.0001,Fresh,0.9988,0.9988,0.0012,0.0001,Fresh,0.9998,0.9998,0.0002,0.0,Fresh,0.971,0.971,0.0267,0.0023,Fresh,0.9942,0.9942,0.0049,0.0009
D:\ML Project Freshness Detection\AgriFreshNET Freshness and Shelf-Life Image Datase\AgriFreshNET Freshness and Shelf-Life Image Datase\Processed Data\Processed Data\Fresh eggplant(1-4)\IMG_20251122_205904756_HDR.jpg,Eggplant,0,Fresh,Fresh,0.6346,0.6346,0.3652,0.0001,Fresh,0.5021,0.5021,0.4935,0.0044,Fresh,0.856,0.856,0.1433,0.0007,Fresh,0.6723,0.6723,0.3177,0.01,Semi-Fresh,0.7686,0.2283,0.7686,0.0031
D:\ML Project Freshness Detection\AgriFreshNET Freshness and Shelf-Life Image Datase\AgriFreshNET Freshness and Shelf-Life Image Datase\Processed Data\Processed Data\Semi_Fresh eggplant(4-8)\aug_327_IMG_20251121_143015599_HDR_AE.jpg,Eggplant,1,Semi-Fresh,Semi-Fresh,0.6148,0.3357,0.6148,0.0495,Semi-Fresh,0.7494,0.2354,0.7494,0.0152,Semi-Fresh,0.9355,0.0328,0.9355,0.0317,Semi-Fresh,0.9356,0.0638,0.9356,0.0006,Semi-Fresh,0.9957,0.0033,0.9957,0.001
D:\ML Project Freshness Detection\AgriFreshNET Freshness and Shelf-Life Image Datase\AgriFreshNET Freshness and Shelf-Life Image Datase\Processed Data\Processed Data\Semi Fresh Papaya(4-7)\aug_254_IMG_20251124_021913.jpg,Papaya,1,Semi-Fresh,Semi-Fresh,0.7031,0.2949,0.7031,0.002,Semi-Fresh,0.8467,0.1522,0.8467,0.0011,Semi-Fresh,0.7262,0.2295,0.7262,0.0443,Semi-Fresh,0.9905,0.0049,0.9905,0.0046,Semi-Fresh,0.9945,0.0048,0.9945,0.0007
D:\ML Project Freshness Detection\AgriFreshNET Freshness and Shelf-Life Image Datase\AgriFreshNET Freshness and Shelf-Life Image Datase\Processed Data\Processed Data\Rotten Tomato(24-35)\IMG_20260124_112714395_HDR_AE.jpg,Tomato,2,Rotten,Rotten,0.6196,0.0206,0.3598,0.6196,Rotten,0.9917,0.0005,0.0078,0.9917,Rotten,0.8774,0.0033,0.1193,0.8774,Rotten,0.9962,0.0004,0.0034,0.9962,Rotten,0.9861,0.001,0.0129,0.9861
D:\ML Project Freshness Detection\AgriFreshNET Freshness and Shelf-Life Image Datase\AgriFreshNET Freshness and Shelf-Life Image Datase\Processed Data\Processed Data\Rotten eggplant(8-15)\aug_122_IMG_20251123_222327835_HDR.jpg,Eggplant,2,Rotten,Rotten,0.7924,0.0626,0.145,0.7924,Rotten,0.993,0.0004,0.0066,0.993,Rotten,1.0,0.0,0.0,1.0,Rotten,0.9972,0.0005,0.0023,0.9972,Rotten,0.9993,0.0001,0.0006,0.9993
D:\ML Project Freshness Detection\AgriFreshNET Freshness and Shelf-Life Image Datase\AgriFreshNET Freshness and Shelf-Life Image Datase\Processed Data\Processed Data\Rotten Bittermelon(5-8)\aug_170_IMG_20251202_020421.jpg,Bittermelon,2,Rotten,Rotten,0.9708,0.0006,0.0287,0.9708,Rotten,0.9921,0.001,0.0069,0.9921,Rotten,0.9987,0.0009,0.0004,0.9987,Rotten,0.9975,0.0007,0.0018,0.9975,Rotten,0.9988,0.0001,0.0011,0.9988
D:\ML Project Freshness Detection\AgriFreshNET Freshness and Shelf-Life Image Datase\AgriFreshNET Freshness and Shelf-Life Image Datase\Processed Data\Processed Data\Semi fresh Tomato(10-24)\IMG_20260121_230618905_HDR.jpg,Tomato,1,Semi-Fresh,Fresh,0.4945,0.4945,0.2701,0.2354,Semi-Fresh,0.5678,0.3127,0.5678,0.1195,Fresh,0.5378,0.5378,0.3314,0.1308,Semi-Fresh,0.8777,0.0824,0.8777,0.0399,Semi-Fresh,0.6727,0.2343,0.6727,0.093
D:\ML Project Freshness Detection\AgriFreshNET Freshness and Shelf-Life Image Datase\AgriFreshNET Freshness and Shelf-Life Image Datase\Processed Data\Processed Data\Semi fresh Pineapple (15-25)\aug_326_IMG-20251205-WA0040.jpg,Pineapple,1,Semi-Fresh,Semi-Fresh,0.9835,0.0109,0.9835,0.0056,Semi-Fresh,0.9932,0.004,0.9932,0.0028,Semi-Fresh,0.9962,0.0014,0.9962,0.0025,Semi-Fresh,0.9996,0.0003,0.9996,0.0001,Semi-Fresh,0.9992,0.0006,0.9992,0.0002
D:\ML Project Freshness Detection\AgriFreshNET Freshness and Shelf-Life Image Datase\AgriFreshNET Freshness and Shelf-Life Image Datase\Processed Data\Processed Data\Fresh pineapple(1-15)\aug_167_IMG_20251109_113119933_HDR_AE.jpg,Pineapple,0,Fresh,Semi-Fresh,0.6495,0.3465,0.6495,0.004,Fresh,0.8311,0.8311,0.1682,0.0008,Fresh,0.9913,0.9913,0.0087,0.0,Fresh,0.9961,0.9961,0.0038,0.0001,Fresh,0.9651,0.9651,0.0343,0.0006
D:\ML Project Freshness Detection\AgriFreshNET Freshness and Shelf-Life Image Datase\AgriFreshNET Freshness and Shelf-Life Image Datase\Processed Data\Processed Data\Semi fresh Pineapple (15-25)\aug_212_IMG_20251123_223204461_HDR.jpg,Pineapple,1,Semi-Fresh,Semi-Fresh,0.9725,0.0184,0.9725,0.009,Semi-Fresh,0.9885,0.0078,0.9885,0.0037,Semi-Fresh,0.9976,0.0007,0.9976,0.0017,Semi-Fresh,0.9891,0.0098,0.9891,0.0011,Semi-Fresh,0.9991,0.0002,0.9991,0.0007
D:\ML Project Freshness Detection\AgriFreshNET Freshness and Shelf-Life Image Datase\AgriFreshNET Freshness and Shelf-Life Image Datase\Processed Data\Processed Data\Rotten Papaya(7-12)\IMG_20260130_163539.jpg,Papaya,2,Rotten,Rotten,0.9982,0.0001,0.0016,0.9982,Rotten,0.9998,0.0,0.0002,0.9998,Rotten,1.0,0.0,0.0,1.0,Rotten,0.9998,0.0001,0.0001,0.9998,Rotten,0.9995,0.0,0.0004,0.9995
D:\ML Project Freshness Detection\AgriFreshNET Freshness and Shelf-Life Image Datase\AgriFreshNET Freshness and Shelf-Life Image Datase\Processed Data\Processed Data\Rotten Papaya(7-12)\aug_239_IMG_20260125_005205.jpg,Papaya,2,Rotten,Rotten,0.7639,0.0387,0.1974,0.7639,Rotten,0.986,0.0001,0.0139,0.986,Rotten,0.9956,0.0,0.0043,0.9956,Rotten,0.9447,0.0004,0.0548,0.9447,Rotten,0.9952,0.0001,0.0047,0.9952
D:\ML Project Freshness Detection\AgriFreshNET Freshness and Shelf-Life Image Datase\AgriFreshNET Freshness and Shelf-Life Image Datase\Processed Data\Processed Data\Rotten Pineapple(25-35)\IMG-20260130-WA0112.jpg,Pineapple,2,Rotten,Rotten,0.9992,0.0001,0.0007,0.9992,Rotten,0.9997,0.0001,0.0002,0.9997,Rotten,0.9994,0.0001,0.0005,0.9994,Rotten,0.9993,0.0002,0.0006,0.9993,Rotten,0.9999,0.0,0.0001,0.9999
D:\ML Project Freshness Detection\AgriFreshNET Freshness and Shelf-Life Image Datase\AgriFreshNET Freshness and Shelf-Life Image Datase\Processed Data\Processed Data\Semi Fresh Cucumber(6-12)\aug_286_IMG_20260212_155613_1.jpg,Cucumber,1,Semi-Fresh,Semi-Fresh,0.854,0.1252,0.854,0.0208,Semi-Fresh,0.9804,0.0061,0.9804,0.0135,Semi-Fresh,0.9892,0.0017,0.9892,0.0091,Semi-Fresh,0.9765,0.0045,0.9765,0.019,Semi-Fresh,0.9983,0.0003,0.9983,0.0013
D:\ML Project Freshness Detection\AgriFreshNET Freshness and Shelf-Life Image Datase\AgriFreshNET Freshness and Shelf-Life Image Datase\Processed Data\Processed Data\Fresh Tomato(1-10)\IMG_20251127_191810915_HDR.jpg,Tomato,0,Fresh,Fresh,0.7593,0.7593,0.2292,0.0115,Fresh,0.6655,0.6655,0.289,0.0455,Fresh,0.9332,0.9332,0.0652,0.0016,Fresh,0.9671,0.9671,0.0212,0.0117,Fresh,0.9947,0.9947,0.0044,0.0008
D:\ML Project Freshness Detection\AgriFreshNET Freshness and Shelf-Life Image Datase\AgriFreshNET Freshness and Shelf-Life Image Datase\Processed Data\Processed Data\Fresh Papaya(1-4)\aug_255_IMG_20251027_171442.jpg,Papaya,0,Fresh,Semi-Fresh,0.5475,0.4021,0.5475,0.0505,Fresh,0.5367,0.5367,0.4605,0.0028,Fresh,0.6583,0.6583,0.339,0.0027,Fresh,0.978,0.978,0.0215,0.0005,Fresh,0.9988,0.9988,0.0011,0.0001
D:\ML Project Freshness Detection\AgriFreshNET Freshness and Shelf-Life Image Datase\AgriFreshNET Freshness and Shelf-Life Image Datase\Processed Data\Processed Data\Fresh Bittermelon(1-3)\aug_295_IMG_20260114_005359.jpg,Bittermelon,0,Fresh,Fresh,0.9873,0.9873,0.0107,0.0019,Fresh,0.9978,0.9978,0.0022,0.0001,Fresh,0.9912,0.9912,0.0086,0.0002,Fresh,0.9925,0.9925,0.0052,0.0023,Fresh,0.9994,0.9994,0.0004,0.0001
D:\ML Project Freshness Detection\AgriFreshNET Freshness and Shelf-Life Image Datase\AgriFreshNET Freshness and Shelf-Life Image Datase\Processed Data\Processed Data\Rotten Pineapple(25-35)\aug_52_IMG-20251215-WA0034.jpg,Pineapple,2,Rotten,Rotten,0.6796,0.0947,0.2257,0.6796,Rotten,0.9351,0.0278,0.037,0.9351,Rotten,0.943,0.0098,0.0472,0.943,Rotten,0.9768,0.0101,0.0132,0.9768,Rotten,0.9911,0.002,0.0069,0.9911
D:\ML Project Freshness Detection\AgriFreshNET Freshness and Shelf-Life Image Datase\AgriFreshNET Freshness and Shelf-Life Image Datase\Processed Data\Processed Data\Semi fresh Orange(9-20)\aug_168_IMG_20251120_202804089_HDR.jpg,Orange,1,Semi-Fresh,Semi-Fresh,0.9099,0.0899,0.9099,0.0002,Semi-Fresh,0.9992,0.0006,0.9992,0.0002,Semi-Fresh,0.9983,0.0016,0.9983,0.0,Semi-Fresh,0.9994,0.0004,0.9994,0.0002,Semi-Fresh,0.9982,0.0016,0.9982,0.0002
D:\ML Project Freshness Detection\AgriFreshNET Freshness and Shelf-Life Image Datase\AgriFreshNET Freshness and Shelf-Life Image Datase\Processed Data\Processed Data\Fresh Papaya(1-4)\aug_392_IMG_20251123_012818.jpg,Papaya,0,Fresh,Semi-Fresh,0.6989,0.2975,0.6989,0.0036,Fresh,0.6513,0.6513,0.347,0.0017,Fresh,0.978,0.978,0.022,0.0,Fresh,0.7686,0.7686,0.2306,0.0008,Fresh,0.9651,0.9651,0.034,0.0009
D:\ML Project Freshness Detection\AgriFreshNET Freshness and Shelf-Life Image Datase\AgriFreshNET Freshness and Shelf-Life Image Datase\Processed Data\Processed Data\Rotten Cucumber(12-20)\aug_200_IMG_20251121_080621.jpg,Cucumber,2,Rotten,Rotten,0.9028,0.0343,0.063,0.9028,Rotten,0.9758,0.0012,0.023,0.9758,Rotten,0.9946,0.0,0.0054,0.9946,Rotten,0.9964,0.0013,0.0023,0.9964,Rotten,0.9946,0.0007,0.0047,0.9946
D:\ML Project Freshness Detection\AgriFreshNET Freshness and Shelf-Life Image Datase\AgriFreshNET Freshness and Shelf-Life Image Datase\Processed Data\Processed Data\Semi Fresh Papaya(4-7)\aug_55_IMG_20251031_164031.jpg,Papaya,1,Semi-Fresh,Semi-Fresh,0.9104,0.0396,0.9104,0.05,Semi-Fresh,0.9929,0.0025,0.9929,0.0046,Semi-Fresh,0.9995,0.0004,0.9995,0.0001,Semi-Fresh,0.9966,0.0017,0.9966,0.0017,Semi-Fresh,0.9898,0.0099,0.9898,0.0003
D:\ML Project Freshness Detection\AgriFreshNET Freshness and Shelf-Life Image Datase\AgriFreshNET Freshness and Shelf-Life Image Datase\Processed Data\Processed Data\Rotten Tomato(24-35)\aug_311_IMG_20260128_095417828_HDR_AE.jpg,Tomato,2,Rotten,Rotten,0.9567,0.0034,0.0399,0.9567,Rotten,0.9952,0.0011,0.0037,0.9952,Rotten,0.9986,0.0001,0.0013,0.9986,Rotten,0.9961,0.0021,0.0018,0.9961,Rotten,0.9984,0.0005,0.0011,0.9984
D:\ML Project Freshness Detection\AgriFreshNET Freshness and Shelf-Life Image Datase\AgriFreshNET Freshness and Shelf-Life Image Datase\Processed Data\Processed Data\Rotten Bittermelon(5-8)\IMG_20260122_003342.jpg,Bittermelon,2,Rotten,Rotten,0.9966,0.0,0.0034,0.9966,Rotten,0.998,0.0004,0.0016,0.998,Rotten,0.9917,0.0002,0.0081,0.9917,Rotten,0.9935,0.0007,0.0059,0.9935,Rotten,0.9984,0.0003,0.0013,0.9984
D:\ML Project Freshness Detection\AgriFreshNET Freshness and Shelf-Life Image Datase\AgriFreshNET Freshness and Shelf-Life Image Datase\Processed Data\Processed Data\Fresh Banana(1-4)\aug_248_IMG_20251121_143926483_HDR_AE.jpg,Banana,0,Fresh,Fresh,0.5307,0.5307,0.4666,0.0027,Fresh,0.8972,0.8972,0.0969,0.0059,Fresh,0.9812,0.9812,0.0185,0.0003,Fresh,0.9922,0.9922,0.0069,0.0009,Fresh,0.9733,0.9733,0.0257,0.001
D:\ML Project Freshness Detection\AgriFreshNET Freshness and Shelf-Life Image Datase\AgriFreshNET Freshness and Shelf-Life Image Datase\Processed Data\Processed Data\Fresh Bittermelon(1-3)\aug_324_IMG_20251118_161107.jpg,Bittermelon,0,Fresh,Fresh,0.9716,0.9716,0.0279,0.0005,Fresh,0.9954,0.9954,0.0044,0.0003,Fresh,0.9993,0.9993,0.0002,0.0005,Fresh,0.9982,0.9982,0.0017,0.0002,Fresh,0.9991,0.9991,0.0007,0.0002
D:\ML Project Freshness Detection\AgriFreshNET Freshness and Shelf-Life Image Datase\AgriFreshNET Freshness and Shelf-Life Image Datase\Processed Data\Processed Data\Semi fresh banana(4-7)\aug_87_IMG_20260121_230408152_HDR.jpg,Banana,1,Semi-Fresh,Semi-Fresh,0.8796,0.0999,0.8796,0.0205,Semi-Fresh,0.9875,0.0106,0.9875,0.0019,Semi-Fresh,0.9942,0.0044,0.9942,0.0013,Semi-Fresh,0.999,0.0008,0.999,0.0002,Semi-Fresh,0.9988,0.0009,0.9988,0.0003
D:\ML Project Freshness Detection\AgriFreshNET Freshness and Shelf-Life Image Datase\AgriFreshNET Freshness and Shelf-Life Image Datase\Processed Data\Processed Data\Fresh pineapple(1-15)\aug_127_IMG-20251125-WA0008.jpg,Pineapple,0,Fresh,Fresh,0.9863,0.9863,0.0136,0.0001,Fresh,0.9608,0.9608,0.0391,0.0001,Fresh,0.9997,0.9997,0.0002,0.0,Fresh,0.9997,0.9997,0.0002,0.0,Fresh,0.9996,0.9996,0.0004,0.0001
D:\ML Project Freshness Detection\AgriFreshNET Freshness and Shelf-Life Image Datase\AgriFreshNET Freshness and Shelf-Life Image Datase\Processed Data\Processed Data\Semi_Fresh eggplant(4-8)\IMG_20251127_192503559_HDR.jpg,Eggplant,1,Semi-Fresh,Semi-Fresh,0.8485,0.1489,0.8485,0.0026,Semi-Fresh,0.8699,0.1227,0.8699,0.0074,Semi-Fresh,0.9876,0.0092,0.9876,0.0032,Semi-Fresh,0.9899,0.0018,0.9899,0.0083,Semi-Fresh,0.9961,0.002,0.9961,0.0019
D:\ML Project Freshness Detection\AgriFreshNET Freshness and Shelf-Life Image Datase\AgriFreshNET Freshness and Shelf-Life Image Datase\Processed Data\Processed Data\Rotten Papaya(7-12)\IMG_20260202_032445.jpg,Papaya,2,Rotten,Rotten,0.9803,0.0004,0.0193,0.9803,Rotten,0.9973,0.0002,0.0025,0.9973,Rotten,0.9995,0.0001,0.0004,0.9995,Rotten,0.998,0.0006,0.0014,0.998,Rotten,0.9989,0.0001,0.0009,0.9989
D:\ML Project Freshness Detection\AgriFreshNET Freshness and Shelf-Life Image Datase\AgriFreshNET Freshness and Shelf-Life Image Datase\Processed Data\Processed Data\Rotten Orange(20-35)\aug_30_IMG-20251114-WA0007.jpg,Orange,2,Rotten,Rotten,0.9911,0.0018,0.0071,0.9911,Rotten,0.9829,0.0031,0.014,0.9829,Rotten,0.9998,0.0001,0.0001,0.9998,Rotten,0.9948,0.0027,0.0024,0.9948,Rotten,0.9994,0.0004,0.0002,0.9994
D:\ML Project Freshness Detection\AgriFreshNET Freshness and Shelf-Life Image Datase\AgriFreshNET Freshness and Shelf-Life Image Datase\Processed Data\Processed Data\Semi Fresh Cucumber(6-12)\IMG_20260212_155323.jpg,Cucumber,1,Semi-Fresh,Semi-Fresh,0.7604,0.2316,0.7604,0.008,Semi-Fresh,0.9988,0.0004,0.9988,0.0008,Semi-Fresh,0.9986,0.001,0.9986,0.0004,Semi-Fresh,0.9994,0.0004,0.9994,0.0002,Semi-Fresh,0.9981,0.0005,0.9981,0.0015
D:\ML Project Freshness Detection\AgriFreshNET Freshness and Shelf-Life Image Datase\AgriFreshNET Freshness and Shelf-Life Image Datase\Processed Data\Processed Data\Rotten Pineapple(25-35)\aug_85_IMG-20260128-WA0046.jpg,Pineapple,2,Rotten,Rotten,0.9106,0.038,0.0513,0.9106,Rotten,0.999,0.0007,0.0002,0.999,Rotten,0.9933,0.0046,0.002,0.9933,Rotten,0.9899,0.0065,0.0036,0.9899,Rotten,0.9989,0.0006,0.0005,0.9989
D:\ML Project Freshness Detection\AgriFreshNET Freshness and Shelf-Life Image Datase\AgriFreshNET Freshness and Shelf-Life Image Datase\Processed Data\Processed Data\Fresh Cucumber(1-6)\aug_123_IMG_20260204_152229.jpg,Cucumber,0,Fresh,Fresh,0.6953,0.6953,0.3016,0.0031,Fresh,0.9996,0.9996,0.0004,0.0001,Fresh,0.9988,0.9988,0.0011,0.0001,Fresh,0.9963,0.9963,0.0037,0.0,Fresh,0.9937,0.9937,0.0056,0.0007
D:\ML Project Freshness Detection\AgriFreshNET Freshness and Shelf-Life Image Datase\AgriFreshNET Freshness and Shelf-Life Image Datase\Processed Data\Processed Data\Fresh Bittermelon(1-3)\IMG_20260114_005339.jpg,Bittermelon,0,Fresh,Fresh,0.9964,0.9964,0.0034,0.0002,Fresh,0.9991,0.9991,0.0009,0.0,Fresh,0.9998,0.9998,0.0001,0.0001,Fresh,0.9983,0.9983,0.0011,0.0007,Fresh,0.9997,0.9997,0.0002,0.0001
D:\ML Project Freshness Detection\AgriFreshNET Freshness and Shelf-Life Image Datase\AgriFreshNET Freshness and Shelf-Life Image Datase\Processed Data\Processed Data\Rotten Pineapple(25-35)\aug_12_IMG_20251203_101253735_HDR.jpg,Pineapple,2,Rotten,Rotten,0.8414,0.013,0.1456,0.8414,Rotten,0.8685,0.0109,0.1206,0.8685,Rotten,0.9996,0.0,0.0004,0.9996,Rotten,0.9988,0.0004,0.0008,0.9988,Rotten,0.9998,0.0001,0.0002,0.9998
D:\ML Project Freshness Detection\AgriFreshNET Freshness and Shelf-Life Image Datase\AgriFreshNET Freshness and Shelf-Life Image Datase\Processed Data\Processed Data\Semi fresh banana(4-7)\aug_127_IMG_20251108_121322791_HDR_AE.jpg,Banana,1,Semi-Fresh,Semi-Fresh,0.6412,0.0091,0.6412,0.3497,Semi-Fresh,0.8854,0.019,0.8854,0.0956,Semi-Fresh,0.7363,0.0332,0.7363,0.2305,Semi-Fresh,0.9348,0.0095,0.9348,0.0557,Semi-Fresh,0.9696,0.0286,0.9696,0.0017
D:\ML Project Freshness Detection\AgriFreshNET Freshness and Shelf-Life Image Datase\AgriFreshNET Freshness and Shelf-Life Image Datase\Processed Data\Processed Data\Rotten Pineapple(25-35)\IMG-20260128-WA0051.jpg,Pineapple,2,Rotten,Rotten,0.998,0.0002,0.0018,0.998,Rotten,0.9999,0.0001,0.0,0.9999,Rotten,0.9996,0.0001,0.0004,0.9996,Rotten,0.9995,0.0001,0.0004,0.9995,Rotten,0.9995,0.0002,0.0003,0.9995
D:\ML Project Freshness Detection\AgriFreshNET Freshness and Shelf-Life Image Datase\AgriFreshNET Freshness and Shelf-Life Image Datase\Processed Data\Processed Data\Semi_Fresh eggplant(4-8)\aug_42_IMG_20251130_182322511_HDR.jpg,Eggplant,1,Semi-Fresh,Semi-Fresh,0.8029,0.0192,0.8029,0.1779,Semi-Fresh,0.859,0.054,0.859,0.087,Semi-Fresh,0.9461,0.0157,0.9461,0.0383,Semi-Fresh,0.9169,0.0031,0.9169,0.08,Semi-Fresh,0.996,0.0017,0.996,0.0023
D:\ML Project Freshness Detection\AgriFreshNET Freshness and Shelf-Life Image Datase\AgriFreshNET Freshness and Shelf-Life Image Datase\Processed Data\Processed Data\Semi fresh Tomato(10-24)\aug_32_IMG_20251122_210949997_HDR.jpg,Tomato,1,Semi-Fresh,Semi-Fresh,0.9436,0.0157,0.9436,0.0406,Semi-Fresh,0.9847,0.0006,0.9847,0.0147,Semi-Fresh,0.9972,0.0003,0.9972,0.0025,Semi-Fresh,0.9579,0.0104,0.9579,0.0316,Semi-Fresh,0.9947,0.0024,0.9947,0.0029
D:\ML Project Freshness Detection\AgriFreshNET Freshness and Shelf-Life Image Datase\AgriFreshNET Freshness and Shelf-Life Image Datase\Processed Data\Processed Data\Fresh pineapple(1-15)\aug_174_IMG-20251130-WA0024.jpg,Pineapple,0,Fresh,Semi-Fresh,0.453,0.4066,0.453,0.1403,Fresh,0.9893,0.9893,0.0103,0.0005,Fresh,0.8505,0.8505,0.1491,0.0005,Fresh,0.9236,0.9236,0.0734,0.003,Fresh,0.9868,0.9868,0.013,0.0002
D:\ML Project Freshness Detection\AgriFreshNET Freshness and Shelf-Life Image Datase\AgriFreshNET Freshness and Shelf-Life Image Datase\Processed Data\Processed Data\Rotten Orange(20-35)\aug_174_IMG-20251207-WA0012.jpg,Orange,2,Rotten,Rotten,0.8366,0.0264,0.137,0.8366,Rotten,0.9505,0.0013,0.0481,0.9505,Rotten,0.9909,0.0034,0.0058,0.9909,Rotten,0.9885,0.002,0.0095,0.9885,Rotten,0.9987,0.0002,0.0011,0.9987
D:\ML Project Freshness Detection\AgriFreshNET Freshness and Shelf-Life Image Datase\AgriFreshNET Freshness and Shelf-Life Image Datase\Processed Data\Processed Data\Fresh Papaya(1-4)\IMG_20260116_030536.jpg,Papaya,0,Fresh,Fresh,0.9439,0.9439,0.0549,0.0012,Fresh,0.942,0.942,0.0579,0.0001,Fresh,0.9044,0.9044,0.0946,0.001,Fresh,0.8312,0.8312,0.168,0.0009,Fresh,0.9941,0.9941,0.0058,0.0002
D:\ML Project Freshness Detection\AgriFreshNET Freshness and Shelf-Life Image Datase\AgriFreshNET Freshness and Shelf-Life Image Datase\Processed Data\Processed Data\Semi Fresh Bittermelon ( 3-5)\aug_127_IMG_20260120_004817.jpg,Bittermelon,1,Semi-Fresh,Semi-Fresh,0.9637,0.0119,0.9637,0.0244,Semi-Fresh,0.8882,0.0007,0.8882,0.1111,Semi-Fresh,0.9971,0.0023,0.9971,0.0006,Semi-Fresh,0.9913,0.0002,0.9913,0.0086,Semi-Fresh,0.9991,0.0006,0.9991,0.0003
D:\ML Project Freshness Detection\AgriFreshNET Freshness and Shelf-Life Image Datase\AgriFreshNET Freshness and Shelf-Life Image Datase\Processed Data\Processed Data\Rotten Bittermelon(5-8)\aug_138_IMG_20260125_005617.jpg,Bittermelon,2,Rotten,Rotten,0.8084,0.0005,0.191,0.8084,Rotten,0.9818,0.0002,0.0181,0.9818,Rotten,0.9517,0.0002,0.0481,0.9517,Rotten,0.9981,0.0005,0.0014,0.9981,Rotten,0.9994,0.0,0.0005,0.9994
D:\ML Project Freshness Detection\AgriFreshNET Freshness and Shelf-Life Image Datase\AgriFreshNET Freshness and Shelf-Life Image Datase\Processed Data\Processed Data\Semi fresh Tomato(10-24)\aug_132_IMG_20251119_200651678_HDR.jpg,Tomato,1,Semi-Fresh,Semi-Fresh,0.9571,0.0349,0.9571,0.008,Semi-Fresh,0.9596,0.0019,0.9596,0.0384,Semi-Fresh,0.9999,0.0,0.9999,0.0001,Semi-Fresh,0.9987,0.0008,0.9987,0.0005,Semi-Fresh,0.9987,0.0008,0.9987,0.0005
D:\ML Project Freshness Detection\AgriFreshNET Freshness and Shelf-Life Image Datase\AgriFreshNET Freshness and Shelf-Life Image Datase\Processed Data\Processed Data\Fresh Tomato(1-10)\IMG_20251102_075510840_HDR_AE.jpg,Tomato,0,Fresh,Fresh,0.8336,0.8336,0.1662,0.0003,Fresh,0.8814,0.8814,0.1166,0.002,Fresh,0.9913,0.9913,0.0086,0.0001,Fresh,0.9937,0.9937,0.0061,0.0003,Fresh,0.9877,0.9877,0.0118,0.0005
D:\ML Project Freshness Detection\AgriFreshNET Freshness and Shelf-Life Image Datase\AgriFreshNET Freshness and Shelf-Life Image Datase\Processed Data\Processed Data\Semi fresh Orange(9-20)\IMG_20251118_165527078_HDR.jpg,Orange,1,Semi-Fresh,Semi-Fresh,0.9739,0.0254,0.9739,0.0007,Semi-Fresh,0.9954,0.0033,0.9954,0.0013,Semi-Fresh,0.9979,0.0021,0.9979,0.0,Semi-Fresh,0.9999,0.0,0.9999,0.0,Semi-Fresh,0.9963,0.0034,0.9963,0.0003
D:\ML Project Freshness Detection\AgriFreshNET Freshness and Shelf-Life Image Datase\AgriFreshNET Freshness and Shelf-Life Image Datase\Processed Data\Processed Data\Fresh Papaya(1-4)\aug_3_IMG_20251029_095729.jpg,Papaya,0,Fresh,Fresh,0.6651,0.6651,0.3349,0.0001,Fresh,0.9741,0.9741,0.0257,0.0002,Fresh,0.9914,0.9914,0.0084,0.0002,Fresh,0.9432,0.9432,0.0565,0.0003,Fresh,0.9933,0.9933,0.0061,0.0005
D:\ML Project Freshness Detection\AgriFreshNET Freshness and Shelf-Life Image Datase\AgriFreshNET Freshness and Shelf-Life Image Datase\Processed Data\Processed Data\Fresh Bittermelon(1-3)\IMG_20260116_025954.jpg,Bittermelon,0,Fresh,Fresh,0.9841,0.9841,0.0158,0.0001,Fresh,0.9934,0.9934,0.0062,0.0005,Fresh,0.9998,0.9998,0.0002,0.0,Fresh,0.996,0.996,0.0032,0.0007,Fresh,0.999,0.999,0.0007,0.0003
D:\ML Project Freshness Detection\AgriFreshNET Freshness and Shelf-Life Image Datase\AgriFreshNET Freshness and Shelf-Life Image Datase\Processed Data\Processed Data\Semi Fresh Papaya(4-7)\IMG_20251031_164031.jpg,Papaya,1,Semi-Fresh,Semi-Fresh,0.9358,0.0092,0.9358,0.055,Semi-Fresh,0.9898,0.0017,0.9898,0.0085,Semi-Fresh,0.9997,0.0002,0.9997,0.0001,Semi-Fresh,0.9977,0.0009,0.9977,0.0014,Semi-Fresh,0.9585,0.0413,0.9585,0.0002
D:\ML Project Freshness Detection\AgriFreshNET Freshness and Shelf-Life Image Datase\AgriFreshNET Freshness and Shelf-Life Image Datase\Processed Data\Processed Data\Semi Fresh Cucumber(6-12)\aug_31_IMG_20260212_155442.jpg,Cucumber,1,Semi-Fresh,Semi-Fresh,0.5489,0.4168,0.5489,0.0343,Semi-Fresh,0.9099,0.0524,0.9099,0.0378,Semi-Fresh,0.9855,0.0135,0.9855,0.001,Semi-Fresh,0.9975,0.0018,0.9975,0.0007,Semi-Fresh,0.9973,0.0015,0.9973,0.0012
D:\ML Project Freshness Detection\AgriFreshNET Freshness and Shelf-Life Image Datase\AgriFreshNET Freshness and Shelf-Life Image Datase\Processed Data\Processed Data\Rotten Orange(20-35)\aug_401_IMG-20251114-WA0007.jpg,Orange,2,Rotten,Rotten,0.9849,0.0035,0.0116,0.9849,Rotten,0.9911,0.0031,0.0058,0.9911,Rotten,0.9997,0.0001,0.0002,0.9997,Rotten,0.997,0.0016,0.0014,0.997,Rotten,0.9995,0.0002,0.0003,0.9995
D:\ML Project Freshness Detection\AgriFreshNET Freshness and Shelf-Life Image Datase\AgriFreshNET Freshness and Shelf-Life Image Datase\Processed Data\Processed Data\Fresh eggplant(1-4)\aug_294_IMG_20251118_164855671_HDR.jpg,Eggplant,0,Fresh,Fresh,0.8475,0.8475,0.1506,0.0019,Fresh,0.9791,0.9791,0.0202,0.0008,Fresh,0.9812,0.9812,0.0186,0.0002,Fresh,0.9962,0.9962,0.0034,0.0004,Fresh,0.9989,0.9989,0.0009,0.0002
D:\ML Project Freshness Detection\AgriFreshNET Freshness and Shelf-Life Image Datase\AgriFreshNET Freshness and Shelf-Life Image Datase\Processed Data\Processed Data\Fresh Papaya(1-4)\aug_294_IMG_20260114_004852.jpg,Papaya,0,Fresh,Fresh,0.9459,0.9459,0.0509,0.0032,Fresh,0.9893,0.9893,0.0101,0.0006,Fresh,0.9944,0.9944,0.0041,0.0015,Fresh,0.9689,0.9689,0.0291,0.002,Fresh,0.9892,0.9892,0.0101,0.0007
D:\ML Project Freshness Detection\AgriFreshNET Freshness and Shelf-Life Image Datase\AgriFreshNET Freshness and Shelf-Life Image Datase\Processed Data\Processed Data\Rotten Pineapple(25-35)\aug_307_IMG-20260130-WA0108.jpg,Pineapple,2,Rotten,Rotten,0.9954,0.0008,0.0037,0.9954,Rotten,0.9996,0.0002,0.0003,0.9996,Rotten,0.9997,0.0001,0.0002,0.9997,Rotten,0.998,0.0011,0.0008,0.998,Rotten,0.9998,0.0001,0.0002,0.9998
D:\ML Project Freshness Detection\AgriFreshNET Freshness and Shelf-Life Image Datase\AgriFreshNET Freshness and Shelf-Life Image Datase\Processed Data\Processed Data\Semi fresh Tomato(10-24)\aug_226_IMG_20251113_123935118_HDR_AE.jpg,Tomato,1,Semi-Fresh,Semi-Fresh,0.8432,0.1528,0.8432,0.004,Semi-Fresh,0.9113,0.0732,0.9113,0.0155,Semi-Fresh,0.7495,0.25,0.7495,0.0005,Semi-Fresh,0.971,0.0284,0.971,0.0006,Semi-Fresh,0.9976,0.0022,0.9976,0.0002
D:\ML Project Freshness Detection\AgriFreshNET Freshness and Shelf-Life Image Datase\AgriFreshNET Freshness and Shelf-Life Image Datase\Processed Data\Processed Data\Semi_Fresh eggplant(4-8)\IMG_20251123_110419930_HDR_AE.jpg,Eggplant,1,Semi-Fresh,Semi-Fresh,0.5428,0.3509,0.5428,0.1063,Rotten,0.431,0.2098,0.3592,0.431,Semi-Fresh,0.8256,0.1355,0.8256,0.0389,Semi-Fresh,0.9146,0.0527,0.9146,0.0327,Fresh,0.4973,0.4973,0.44,0.0627
D:\ML Project Freshness Detection\AgriFreshNET Freshness and Shelf-Life Image Datase\AgriFreshNET Freshness and Shelf-Life Image Datase\Processed Data\Processed Data\Rotten eggplant(8-15)\aug_322_IMG_20251121_145935596_HDR_AE.jpg,Eggplant,2,Rotten,Rotten,0.8937,0.0315,0.0747,0.8937,Rotten,0.991,0.0023,0.0067,0.991,Rotten,0.9938,0.001,0.0052,0.9938,Rotten,0.9969,0.0008,0.0023,0.9969,Rotten,0.9996,0.0001,0.0003,0.9996
D:\ML Project Freshness Detection\AgriFreshNET Freshness and Shelf-Life Image Datase\AgriFreshNET Freshness and Shelf-Life Image Datase\Processed Data\Processed Data\Fresh Banana(1-4)\aug_254_IMG_20251121_144032307_HDR_AE.jpg,Banana,0,Fresh,Fresh,0.59,0.59,0.4036,0.0064,Fresh,0.5394,0.5394,0.4538,0.0068,Fresh,0.9196,0.9196,0.0789,0.0015,Fresh,0.9274,0.9274,0.0711,0.0015,Fresh,0.9374,0.9374,0.0623,0.0003
D:\ML Project Freshness Detection\AgriFreshNET Freshness and Shelf-Life Image Datase\AgriFreshNET Freshness and Shelf-Life Image Datase\Processed Data\Processed Data\Fresh Banana(1-4)\aug_222_IMG_20251104_131910090_HDR_AE~2.jpg,Banana,0,Fresh,Fresh,0.7789,0.7789,0.2139,0.0071,Fresh,0.9794,0.9794,0.0206,0.0001,Fresh,0.727,0.727,0.2702,0.0029,Fresh,0.9866,0.9866,0.0112,0.0022,Fresh,0.9827,0.9827,0.0164,0.0009
D:\ML Project Freshness Detection\AgriFreshNET Freshness and Shelf-Life Image Datase\AgriFreshNET Freshness and Shelf-Life Image Datase\Processed Data\Processed Data\Fresh Bittermelon(1-3)\aug_235_IMG_20260114_010516.jpg,Bittermelon,0,Fresh,Fresh,0.9502,0.9502,0.0467,0.0031,Fresh,0.9967,0.9967,0.0033,0.0,Fresh,0.9987,0.9987,0.0012,0.0001,Fresh,0.9962,0.9962,0.0035,0.0003,Fresh,0.9992,0.9992,0.0006,0.0001
D:\ML Project Freshness Detection\AgriFreshNET Freshness and Shelf-Life Image Datase\AgriFreshNET Freshness and Shelf-Life Image Datase\Processed Data\Processed Data\Rotten banana(7-13)\aug_106_IMG_20251125_210522197_HDR.jpg,Banana,2,Rotten,Rotten,0.5328,0.0342,0.433,0.5328,Rotten,0.8222,0.0006,0.1772,0.8222,Rotten,0.958,0.0017,0.0403,0.958,Rotten,0.9858,0.0026,0.0116,0.9858,Rotten,0.9368,0.0015,0.0617,0.9368
D:\ML Project Freshness Detection\AgriFreshNET Freshness and Shelf-Life Image Datase\AgriFreshNET Freshness and Shelf-Life Image Datase\Processed Data\Processed Data\Fresh Banana(1-4)\IMG_20251119_201553830_HDR.jpg,Banana,0,Fresh,Fresh,0.9713,0.9713,0.0283,0.0004,Fresh,0.9871,0.9871,0.0123,0.0006,Fresh,0.9986,0.9986,0.0013,0.0001,Fresh,0.9977,0.9977,0.0013,0.001,Fresh,0.9994,0.9994,0.0004,0.0002
D:\ML Project Freshness Detection\AgriFreshNET Freshness and Shelf-Life Image Datase\AgriFreshNET Freshness and Shelf-Life Image Datase\Processed Data\Processed Data\Rotten banana(7-13)\IMG_20251112_112757709_HDR_AE.jpg,Banana,2,Rotten,Rotten,0.9957,0.0,0.0043,0.9957,Rotten,0.9989,0.0,0.0011,0.9989,Rotten,0.9998,0.0,0.0002,0.9998,Rotten,0.9989,0.0002,0.0008,0.9989,Rotten,0.9983,0.0001,0.0016,0.9983
D:\ML Project Freshness Detection\AgriFreshNET Freshness and Shelf-Life Image Datase\AgriFreshNET Freshness and Shelf-Life Image Datase\Processed Data\Processed Data\Fresh Banana(1-4)\IMG_20251120_203623371_HDR.jpg,Banana,0,Fresh,Fresh,0.8367,0.8367,0.1495,0.0138,Fresh,0.8726,0.8726,0.1226,0.0048,Fresh,0.9706,0.9706,0.0278,0.0016,Fresh,0.9941,0.9941,0.0046,0.0013,Fresh,0.9974,0.9974,0.0021,0.0006
D:\ML Project Freshness Detection\AgriFreshNET Freshness and Shelf-Life Image Datase\AgriFreshNET Freshness and Shelf-Life Image Datase\Processed Data\Processed Data\Fresh Banana(1-4)\aug_77_Banana (10).jpeg,Banana,0,Fresh,Fresh,0.9053,0.9053,0.0943,0.0005,Fresh,0.9717,0.9717,0.0252,0.0032,Fresh,0.9968,0.9968,0.003,0.0002,Fresh,0.8021,0.8021,0.1937,0.0042,Fresh,0.9987,0.9987,0.0012,0.0001
D:\ML Project Freshness Detection\AgriFreshNET Freshness and Shelf-Life Image Datase\AgriFreshNET Freshness and Shelf-Life Image Datase\Processed Data\Processed Data\Semi Fresh Papaya(4-7)\aug_110_IMG_20251124_021909.jpg,Papaya,1,Semi-Fresh,Semi-Fresh,0.5545,0.4435,0.5545,0.002,Semi-Fresh,0.9798,0.0032,0.9798,0.017,Semi-Fresh,0.8074,0.1795,0.8074,0.0131,Semi-Fresh,0.9868,0.0005,0.9868,0.0128,Semi-Fresh,0.9952,0.0044,0.9952,0.0003
D:\ML Project Freshness Detection\AgriFreshNET Freshness and Shelf-Life Image Datase\AgriFreshNET Freshness and Shelf-Life Image Datase\Processed Data\Processed Data\Rotten banana(7-13)\IMG_20251130_175630880_HDR.jpg,Banana,2,Rotten,Rotten,0.9969,0.0005,0.0027,0.9969,Rotten,0.9979,0.0001,0.002,0.9979,Rotten,0.9984,0.0003,0.0013,0.9984,Rotten,0.999,0.0004,0.0006,0.999,Rotten,0.9994,0.0002,0.0004,0.9994
D:\ML Project Freshness Detection\AgriFreshNET Freshness and Shelf-Life Image Datase\AgriFreshNET Freshness and Shelf-Life Image Datase\Processed Data\Processed Data\Rotten Bittermelon(5-8)\aug_180_IMG_20260125_005648.jpg,Bittermelon,2,Rotten,Semi-Fresh,0.5021,0.0046,0.5021,0.4932,Rotten,0.9147,0.0016,0.0837,0.9147,Rotten,0.8754,0.0001,0.1245,0.8754,Rotten,0.9918,0.0016,0.0066,0.9918,Rotten,0.9984,0.0003,0.0012,0.9984
D:\ML Project Freshness Detection\AgriFreshNET Freshness and Shelf-Life Image Datase\AgriFreshNET Freshness and Shelf-Life Image Datase\Processed Data\Processed Data\Fresh pineapple(1-15)\IMG-20251130-WA0004.jpg,Pineapple,0,Fresh,Fresh,0.9261,0.9261,0.0643,0.0096,Fresh,0.9849,0.9849,0.0132,0.0019,Fresh,0.9891,0.9891,0.0105,0.0004,Fresh,0.9817,0.9817,0.0167,0.0016,Fresh,0.9914,0.9914,0.0082,0.0005
D:\ML Project Freshness Detection\AgriFreshNET Freshness and Shelf-Life Image Datase\AgriFreshNET Freshness and Shelf-Life Image Datase\Processed Data\Processed Data\Semi fresh Pineapple (15-25)\aug_204_IMG-20251205-WA0032.jpg,Pineapple,1,Semi-Fresh,Semi-Fresh,0.9741,0.0186,0.9741,0.0073,Semi-Fresh,0.9904,0.0077,0.9904,0.0019,Semi-Fresh,0.9915,0.0072,0.9915,0.0012,Semi-Fresh,0.9994,0.0004,0.9994,0.0001,Semi-Fresh,0.9988,0.0005,0.9988,0.0007
D:\ML Project Freshness Detection\AgriFreshNET Freshness and Shelf-Life Image Datase\AgriFreshNET Freshness and Shelf-Life Image Datase\Processed Data\Processed Data\Rotten Pineapple(25-35)\aug_69_IMG-20251215-WA0027.jpg,Pineapple,2,Rotten,Rotten,0.4846,0.0846,0.4308,0.4846,Rotten,0.6537,0.0377,0.3087,0.6537,Rotten,0.9601,0.0001,0.0398,0.9601,Rotten,0.9843,0.0012,0.0145,0.9843,Rotten,0.9936,0.0003,0.0061,0.9936
D:\ML Project Freshness Detection\AgriFreshNET Freshness and Shelf-Life Image Datase\AgriFreshNET Freshness and Shelf-Life Image Datase\Processed Data\Processed Data\Semi fresh Tomato(10-24)\aug_196_IMG_20251113_123935118_HDR_AE.jpg,Tomato,1,Semi-Fresh,Semi-Fresh,0.9225,0.0714,0.9225,0.0061,Semi-Fresh,0.9539,0.0399,0.9539,0.0063,Semi-Fresh,0.9594,0.0401,0.9594,0.0005,Semi-Fresh,0.994,0.0056,0.994,0.0003,Semi-Fresh,0.995,0.0048,0.995,0.0002
D:\ML Project Freshness Detection\AgriFreshNET Freshness and Shelf-Life Image Datase\AgriFreshNET Freshness and Shelf-Life Image Datase\Processed Data\Processed Data\Semi_Fresh eggplant(4-8)\aug_27_IMG_20251102_075955461_HDR_AE.jpg,Eggplant,1,Semi-Fresh,Rotten,0.7275,0.0763,0.1962,0.7275,Rotten,0.916,0.0086,0.0754,0.916,Rotten,0.6233,0.0075,0.3692,0.6233,Semi-Fresh,0.4663,0.1835,0.4663,0.3502,Rotten,0.8525,0.0101,0.1375,0.8525
D:\ML Project Freshness Detection\AgriFreshNET Freshness and Shelf-Life Image Datase\AgriFreshNET Freshness and Shelf-Life Image Datase\Processed Data\Processed Data\Fresh Bittermelon(1-3)\IMG_20251117_155916.jpg,Bittermelon,0,Fresh,Fresh,0.7614,0.7614,0.2264,0.0122,Fresh,0.9544,0.9544,0.0447,0.0009,Fresh,0.996,0.996,0.0035,0.0005,Fresh,0.9767,0.9767,0.0225,0.0008,Fresh,0.9991,0.9991,0.0009,0.0
D:\ML Project Freshness Detection\AgriFreshNET Freshness and Shelf-Life Image Datase\AgriFreshNET Freshness and Shelf-Life Image Datase\Processed Data\Processed Data\Semi Fresh Cucumber(6-12)\IMG_20260212_155600_1.jpg,Cucumber,1,Semi-Fresh,Semi-Fresh,0.8486,0.0855,0.8486,0.0659,Semi-Fresh,0.9978,0.0007,0.9978,0.0015,Semi-Fresh,0.9234,0.0645,0.9234,0.0121,Semi-Fresh,0.9951,0.0045,0.9951,0.0004,Semi-Fresh,0.9989,0.0004,0.9989,0.0007
D:\ML Project Freshness Detection\AgriFreshNET Freshness and Shelf-Life Image Datase\AgriFreshNET Freshness and Shelf-Life Image Datase\Processed Data\Processed Data\Rotten eggplant(8-15)\aug_86_IMG_20251130_181006450_HDR.jpg,Eggplant,2,Rotten,Semi-Fresh,0.7037,0.2072,0.7037,0.0892,Rotten,0.5388,0.2046,0.2567,0.5388,Semi-Fresh,0.6473,0.1657,0.6473,0.187,Rotten,0.6641,0.0381,0.2978,0.6641,Rotten,0.8399,0.037,0.1231,0.8399
D:\ML Project Freshness Detection\AgriFreshNET Freshness and Shelf-Life Image Datase\AgriFreshNET Freshness and Shelf-Life Image Datase\Processed Data\Processed Data\Fresh Orange(1-9)\IMG-20251112-WA0002.jpg,Orange,0,Fresh,Fresh,0.5942,0.5942,0.3647,0.041,Fresh,0.8687,0.8687,0.125,0.0062,Fresh,0.9882,0.9882,0.0117,0.0001,Fresh,0.9832,0.9832,0.0155,0.0013,Fresh,0.9437,0.9437,0.0542,0.0022
D:\ML Project Freshness Detection\AgriFreshNET Freshness and Shelf-Life Image Datase\AgriFreshNET Freshness and Shelf-Life Image Datase\Processed Data\Processed Data\Rotten Orange(20-35)\aug_1_IMG-20260128-WA0022.jpg,Orange,2,Rotten,Rotten,0.9728,0.0004,0.0268,0.9728,Rotten,0.9945,0.0002,0.0053,0.9945,Rotten,0.9923,0.0001,0.0076,0.9923,Rotten,0.9972,0.001,0.0018,0.9972,Rotten,0.9949,0.0006,0.0045,0.9949
D:\ML Project Freshness Detection\AgriFreshNET Freshness and Shelf-Life Image Datase\AgriFreshNET Freshness and Shelf-Life Image Datase\Processed Data\Processed Data\Fresh Orange(1-9)\aug_125_Fresh Malta (11).jpeg,Orange,0,Fresh,Fresh,0.9716,0.9716,0.0278,0.0006,Fresh,0.9947,0.9947,0.0052,0.0001,Fresh,0.9999,0.9999,0.0001,0.0,Fresh,0.9987,0.9987,0.0012,0.0001,Fresh,0.9981,0.9981,0.0014,0.0006
D:\ML Project Freshness Detection\AgriFreshNET Freshness and Shelf-Life Image Datase\AgriFreshNET Freshness and Shelf-Life Image Datase\Processed Data\Processed Data\Rotten Cucumber(12-20)\aug_180_IMG_20251123_012455.jpg,Cucumber,2,Rotten,Rotten,0.9888,0.003,0.0082,0.9888,Rotten,0.9983,0.0001,0.0016,0.9983,Rotten,0.9958,0.0,0.0041,0.9958,Rotten,0.9899,0.005,0.0051,0.9899,Rotten,0.9988,0.0001,0.0011,0.9988
D:\ML Project Freshness Detection\AgriFreshNET Freshness and Shelf-Life Image Datase\AgriFreshNET Freshness and Shelf-Life Image Datase\Processed Data\Processed Data\Fresh Papaya(1-4)\IMG_20260116_030616.jpg,Papaya,0,Fresh,Fresh,0.9468,0.9468,0.0485,0.0046,Fresh,0.7877,0.7877,0.2078,0.0045,Fresh,0.9933,0.9933,0.0058,0.0008,Fresh,0.6891,0.6891,0.3026,0.0083,Fresh,0.9448,0.9448,0.0536,0.0016
D:\ML Project Freshness Detection\AgriFreshNET Freshness and Shelf-Life Image Datase\AgriFreshNET Freshness and Shelf-Life Image Datase\Processed Data\Processed Data\Fresh Cucumber(1-6)\aug_442_IMG_20260204_151922.jpg,Cucumber,0,Fresh,Fresh,0.9894,0.9894,0.0105,0.0001,Fresh,0.9964,0.9964,0.0035,0.0002,Fresh,0.9969,0.9969,0.0025,0.0006,Fresh,0.9967,0.9967,0.003,0.0003,Fresh,0.9994,0.9994,0.0005,0.0002
D:\ML Project Freshness Detection\AgriFreshNET Freshness and Shelf-Life Image Datase\AgriFreshNET Freshness and Shelf-Life Image Datase\Processed Data\Processed Data\Semi fresh Orange(9-20)\IMG_20251126_191545057_HDR.jpg,Orange,1,Semi-Fresh,Semi-Fresh,0.9875,0.0105,0.9875,0.002,Semi-Fresh,0.9941,0.002,0.9941,0.0039,Semi-Fresh,0.9946,0.0004,0.9946,0.005,Semi-Fresh,0.9966,0.0015,0.9966,0.0019,Semi-Fresh,0.996,0.0036,0.996,0.0003
D:\ML Project Freshness Detection\AgriFreshNET Freshness and Shelf-Life Image Datase\AgriFreshNET Freshness and Shelf-Life Image Datase\Processed Data\Processed Data\Fresh eggplant(1-4)\IMG_20251120_202316254_HDR.jpg,Eggplant,0,Fresh,Fresh,0.4507,0.4507,0.3858,0.1635,Semi-Fresh,0.4311,0.3682,0.4311,0.2007,Fresh,0.7512,0.7512,0.2413,0.0075,Fresh,0.7296,0.7296,0.2609,0.0096,Fresh,0.9857,0.9857,0.0129,0.0014
D:\ML Project Freshness Detection\AgriFreshNET Freshness and Shelf-Life Image Datase\AgriFreshNET Freshness and Shelf-Life Image Datase\Processed Data\Processed Data\Fresh Banana(1-4)\aug_52_Banana (17).jpeg,Banana,0,Fresh,Fresh,0.9616,0.9616,0.038,0.0004,Fresh,0.9959,0.9959,0.0041,0.0,Fresh,0.9957,0.9957,0.0025,0.0018,Fresh,0.9983,0.9983,0.0016,0.0002,Fresh,0.9989,0.9989,0.0009,0.0002
D:\ML Project Freshness Detection\AgriFreshNET Freshness and Shelf-Life Image Datase\AgriFreshNET Freshness and Shelf-Life Image Datase\Processed Data\Processed Data\Rotten eggplant(8-15)\IMG_20251110_094445423_HDR_AE.jpg,Eggplant,2,Rotten,Rotten,0.9833,0.0026,0.014,0.9833,Rotten,0.985,0.0033,0.0117,0.985,Rotten,0.9986,0.0,0.0014,0.9986,Rotten,0.9926,0.0015,0.0059,0.9926,Rotten,0.9992,0.0002,0.0006,0.9992
D:\ML Project Freshness Detection\AgriFreshNET Freshness and Shelf-Life Image Datase\AgriFreshNET Freshness and Shelf-Life Image Datase\Processed Data\Processed Data\Semi Fresh Bittermelon ( 3-5)\aug_123_IMG_20251123_013355.jpg,Bittermelon,1,Semi-Fresh,Semi-Fresh,0.9492,0.0131,0.9492,0.0377,Semi-Fresh,0.9834,0.0002,0.9834,0.0165,Semi-Fresh,0.997,0.0,0.997,0.0029,Semi-Fresh,0.9888,0.0005,0.9888,0.0107,Semi-Fresh,0.9994,0.0003,0.9994,0.0004
D:\ML Project Freshness Detection\AgriFreshNET Freshness and Shelf-Life Image Datase\AgriFreshNET Freshness and Shelf-Life Image Datase\Processed Data\Processed Data\Fresh Banana(1-4)\aug_130_IMG_20251102_081029133_AE.jpg,Banana,0,Fresh,Fresh,0.8696,0.8696,0.1289,0.0015,Fresh,0.9966,0.9966,0.0034,0.0,Fresh,0.974,0.974,0.025,0.001,Fresh,0.9839,0.9839,0.0152,0.0009,Fresh,0.9963,0.9963,0.0034,0.0002
D:\ML Project Freshness Detection\AgriFreshNET Freshness and Shelf-Life Image Datase\AgriFreshNET Freshness and Shelf-Life Image Datase\Processed Data\Processed Data\Semi fresh Tomato(10-24)\IMG_20260121_230601311_HDR.jpg,Tomato,1,Semi-Fresh,Semi-Fresh,0.561,0.3207,0.561,0.1183,Semi-Fresh,0.678,0.1461,0.678,0.1758,Semi-Fresh,0.655,0.1798,0.655,0.1652,Semi-Fresh,0.8018,0.0289,0.8018,0.1693,Semi-Fresh,0.6869,0.3074,0.6869,0.0056
D:\ML Project Freshness Detection\AgriFreshNET Freshness and Shelf-Life Image Datase\AgriFreshNET Freshness and Shelf-Life Image Datase\Processed Data\Processed Data\Semi fresh Pineapple (15-25)\aug_75_IMG_20251119_202433903_HDR.jpg,Pineapple,1,Semi-Fresh,Semi-Fresh,0.9315,0.0602,0.9315,0.0083,Semi-Fresh,0.9505,0.0191,0.9505,0.0304,Semi-Fresh,0.9864,0.0134,0.9864,0.0002,Semi-Fresh,0.9865,0.0063,0.9865,0.0072,Semi-Fresh,0.9995,0.0003,0.9995,0.0002
D:\ML Project Freshness Detection\AgriFreshNET Freshness and Shelf-Life Image Datase\AgriFreshNET Freshness and Shelf-Life Image Datase\Processed Data\Processed Data\Fresh pineapple(1-15)\WhatsApp Image 2025-11-01 at 2.54.28 PM (2).jpeg,Pineapple,0,Fresh,Fresh,0.9945,0.9945,0.0054,0.0001,Fresh,0.9946,0.9946,0.0054,0.0001,Fresh,0.9981,0.9981,0.0018,0.0,Fresh,0.9983,0.9983,0.0016,0.0001,Fresh,0.9993,0.9993,0.0006,0.0001
D:\ML Project Freshness Detection\AgriFreshNET Freshness and Shelf-Life Image Datase\AgriFreshNET Freshness and Shelf-Life Image Datase\Processed Data\Processed Data\Fresh Orange(1-9)\IMG_20251110_094248325_HDR_AE.jpg,Orange,0,Fresh,Fresh,0.8788,0.8788,0.1204,0.0008,Fresh,0.8709,0.8709,0.1288,0.0004,Fresh,0.9966,0.9966,0.0034,0.0,Fresh,0.9591,0.9591,0.0399,0.001,Fresh,0.9976,0.9976,0.0021,0.0004
D:\ML Project Freshness Detection\AgriFreshNET Freshness and Shelf-Life Image Datase\AgriFreshNET Freshness and Shelf-Life Image Datase\Processed Data\Processed Data\Fresh Orange(1-9)\aug_118_IMG_20251105_102524879_HDR_AE.jpg,Orange,0,Fresh,Fresh,0.9683,0.9683,0.0312,0.0006,Fresh,0.9818,0.9818,0.0175,0.0007,Fresh,0.9676,0.9676,0.0317,0.0007,Fresh,0.9966,0.9966,0.0034,0.0001,Fresh,0.9957,0.9957,0.0037,0.0006
D:\ML Project Freshness Detection\AgriFreshNET Freshness and Shelf-Life Image Datase\AgriFreshNET Freshness and Shelf-Life Image Datase\Processed Data\Processed Data\Rotten Pineapple(25-35)\aug_94_IMG-20260128-WA0078.jpg,Pineapple,2,Rotten,Rotten,0.4958,0.0158,0.4883,0.4958,Rotten,0.9884,0.0054,0.0062,0.9884,Rotten,0.9224,0.0028,0.0748,0.9224,Rotten,0.9781,0.0041,0.0178,0.9781,Rotten,0.9968,0.0002,0.003,0.9968
D:\ML Project Freshness Detection\AgriFreshNET Freshness and Shelf-Life Image Datase\AgriFreshNET Freshness and Shelf-Life Image Datase\Processed Data\Processed Data\Semi_Fresh eggplant(4-8)\IMG_20251111_142608565_HDR_AE.jpg,Eggplant,1,Semi-Fresh,Rotten,0.8367,0.0123,0.151,0.8367,Semi-Fresh,0.6957,0.1536,0.6957,0.1507,Semi-Fresh,0.8627,0.0381,0.8627,0.0991,Semi-Fresh,0.9866,0.0067,0.9866,0.0068,Semi-Fresh,0.9837,0.0068,0.9837,0.0095
D:\ML Project Freshness Detection\AgriFreshNET Freshness and Shelf-Life Image Datase\AgriFreshNET Freshness and Shelf-Life Image Datase\Processed Data\Processed Data\Semi fresh banana(4-7)\aug_342_IMG_20260122_215648334_HDR.jpg,Banana,1,Semi-Fresh,Semi-Fresh,0.8493,0.0073,0.8493,0.1434,Semi-Fresh,0.9408,0.0202,0.9408,0.039,Semi-Fresh,0.9956,0.0021,0.9956,0.0023,Semi-Fresh,0.9981,0.0005,0.9981,0.0014,Semi-Fresh,0.9963,0.0003,0.9963,0.0034
D:\ML Project Freshness Detection\AgriFreshNET Freshness and Shelf-Life Image Datase\AgriFreshNET Freshness and Shelf-Life Image Datase\Processed Data\Processed Data\Fresh Orange(1-9)\aug_47_IMG-20251115-WA0004.jpg,Orange,0,Fresh,Fresh,0.8996,0.8996,0.0984,0.0021,Fresh,0.9788,0.9788,0.0209,0.0002,Fresh,0.9617,0.9617,0.0365,0.0018,Fresh,0.983,0.983,0.0154,0.0016,Fresh,0.9913,0.9913,0.0076,0.0011
D:\ML Project Freshness Detection\AgriFreshNET Freshness and Shelf-Life Image Datase\AgriFreshNET Freshness and Shelf-Life Image Datase\Processed Data\Processed Data\Fresh Banana(1-4)\aug_332_IMG_20251104_131653146_HDR_AE.jpg,Banana,0,Fresh,Semi-Fresh,0.7101,0.2748,0.7101,0.0151,Semi-Fresh,0.65,0.3486,0.65,0.0013,Semi-Fresh,0.7322,0.2609,0.7322,0.007,Fresh,0.5941,0.5941,0.3589,0.047,Fresh,0.504,0.504,0.4946,0.0014
D:\ML Project Freshness Detection\AgriFreshNET Freshness and Shelf-Life Image Datase\AgriFreshNET Freshness and Shelf-Life Image Datase\Processed Data\Processed Data\Fresh Cucumber(1-6)\aug_366_IMG_20260116_030049.jpg,Cucumber,0,Fresh,Fresh,0.9774,0.9774,0.022,0.0006,Fresh,0.9948,0.9948,0.0042,0.001,Fresh,0.9968,0.9968,0.003,0.0002,Fresh,0.9011,0.9011,0.0921,0.0068,Fresh,0.9973,0.9973,0.0024,0.0003
D:\ML Project Freshness Detection\AgriFreshNET Freshness and Shelf-Life Image Datase\AgriFreshNET Freshness and Shelf-Life Image Datase\Processed Data\Processed Data\Semi Fresh Cucumber(6-12)\aug_73_IMG_20260125_005558.jpg,Cucumber,1,Semi-Fresh,Semi-Fresh,0.8247,0.0391,0.8247,0.1362,Semi-Fresh,0.8616,0.0191,0.8616,0.1193,Semi-Fresh,0.9948,0.0013,0.9948,0.004,Semi-Fresh,0.6173,0.0317,0.6173,0.351,Semi-Fresh,0.9837,0.0018,0.9837,0.0145
D:\ML Project Freshness Detection\AgriFreshNET Freshness and Shelf-Life Image Datase\AgriFreshNET Freshness and Shelf-Life Image Datase\Processed Data\Processed Data\Fresh Orange(1-9)\IMG_20251110_094148743_HDR_AE.jpg,Orange,0,Fresh,Fresh,0.9859,0.9859,0.0058,0.0083,Fresh,0.9961,0.9961,0.0038,0.0001,Fresh,0.999,0.999,0.0009,0.0001,Fresh,0.9888,0.9888,0.0106,0.0007,Fresh,0.9965,0.9965,0.0027,0.0009
D:\ML Project Freshness Detection\AgriFreshNET Freshness and Shelf-Life Image Datase\AgriFreshNET Freshness and Shelf-Life Image Datase\Processed Data\Processed Data\Fresh Orange(1-9)\aug_43_IMG-20251122-WA0010.jpg,Orange,0,Fresh,Fresh,0.7895,0.7895,0.2051,0.0054,Fresh,0.8529,0.8529,0.1338,0.0133,Fresh,0.7025,0.7025,0.2767,0.0208,Fresh,0.8316,0.8316,0.1606,0.0078,Fresh,0.8629,0.8629,0.119,0.0181
D:\ML Project Freshness Detection\AgriFreshNET Freshness and Shelf-Life Image Datase\AgriFreshNET Freshness and Shelf-Life Image Datase\Processed Data\Processed Data\Fresh eggplant(1-4)\aug_31_IMG_20251123_221831242_HDR.jpg,Eggplant,0,Fresh,Fresh,0.8637,0.8637,0.1354,0.0009,Fresh,0.8556,0.8556,0.144,0.0004,Fresh,0.9875,0.9875,0.0124,0.0001,Fresh,0.9813,0.9813,0.018,0.0007,Fresh,0.9804,0.9804,0.018,0.0016
D:\ML Project Freshness Detection\AgriFreshNET Freshness and Shelf-Life Image Datase\AgriFreshNET Freshness and Shelf-Life Image Datase\Processed Data\Processed Data\Fresh Banana(1-4)\aug_177_IMG_20251121_144111875_HDR_AE.jpg,Banana,0,Fresh,Semi-Fresh,0.6647,0.2941,0.6647,0.0412,Fresh,0.5141,0.5141,0.4844,0.0016,Fresh,0.7436,0.7436,0.2533,0.0031,Fresh,0.9918,0.9918,0.008,0.0002,Fresh,0.9969,0.9969,0.0029,0.0001
D:\ML Project Freshness Detection\AgriFreshNET Freshness and Shelf-Life Image Datase\AgriFreshNET Freshness and Shelf-Life Image Datase\Processed Data\Processed Data\Rotten eggplant(8-15)\IMG_20251104_133044016_HDR_AE.jpg,Eggplant,2,Rotten,Rotten,0.9138,0.0253,0.061,0.9138,Rotten,0.9627,0.0028,0.0345,0.9627,Rotten,0.5901,0.0544,0.3556,0.5901,Rotten,0.4873,0.1474,0.3653,0.4873,Rotten,0.8529,0.0155,0.1316,0.8529
D:\ML Project Freshness Detection\AgriFreshNET Freshness and Shelf-Life Image Datase\AgriFreshNET Freshness and Shelf-Life Image Datase\Processed Data\Processed Data\Semi Fresh Bittermelon ( 3-5)\aug_280_IMG_20260120_004728.jpg,Bittermelon,1,Semi-Fresh,Semi-Fresh,0.9051,0.076,0.9051,0.0189,Semi-Fresh,0.9094,0.0092,0.9094,0.0814,Semi-Fresh,0.997,0.0005,0.997,0.0025,Semi-Fresh,0.8975,0.0025,0.8975,0.1,Semi-Fresh,0.9977,0.0003,0.9977,0.002
D:\ML Project Freshness Detection\AgriFreshNET Freshness and Shelf-Life Image Datase\AgriFreshNET Freshness and Shelf-Life Image Datase\Processed Data\Processed Data\Semi Fresh Papaya(4-7)\aug_326_IMG_20260214_025209.jpg,Papaya,1,Semi-Fresh,Semi-Fresh,0.5178,0.4816,0.5178,0.0005,Semi-Fresh,0.8826,0.0825,0.8826,0.035,Semi-Fresh,0.9708,0.027,0.9708,0.0022,Semi-Fresh,0.9955,0.001,0.9955,0.0035,Semi-Fresh,0.9953,0.0044,0.9953,0.0003
D:\ML Project Freshness Detection\AgriFreshNET Freshness and Shelf-Life Image Datase\AgriFreshNET Freshness and Shelf-Life Image Datase\Processed Data\Processed Data\Fresh Papaya(1-4)\aug_68_IMG_20260114_004841.jpg,Papaya,0,Fresh,Fresh,0.9493,0.9493,0.0077,0.043,Fresh,0.9746,0.9746,0.0181,0.0073,Fresh,0.9224,0.9224,0.0049,0.0727,Fresh,0.8607,0.8607,0.0449,0.0944,Fresh,0.9873,0.9873,0.0022,0.0105
D:\ML Project Freshness Detection\AgriFreshNET Freshness and Shelf-Life Image Datase\AgriFreshNET Freshness and Shelf-Life Image Datase\Processed Data\Processed Data\Rotten Papaya(7-12)\IMG_20260130_163546_1.jpg,Papaya,2,Rotten,Rotten,0.838,0.0368,0.1252,0.838,Rotten,0.9941,0.0004,0.0055,0.9941,Rotten,0.9898,0.0001,0.0101,0.9898,Rotten,0.9807,0.0042,0.0151,0.9807,Rotten,0.9986,0.0001,0.0013,0.9986
D:\ML Project Freshness Detection\AgriFreshNET Freshness and Shelf-Life Image Datase\AgriFreshNET Freshness and Shelf-Life Image Datase\Processed Data\Processed Data\Fresh Bittermelon(1-3)\aug_136_IMG_20260114_010559.jpg,Bittermelon,0,Fresh,Fresh,0.8134,0.8134,0.1818,0.0048,Fresh,0.992,0.992,0.0078,0.0002,Fresh,0.9975,0.9975,0.0024,0.0,Fresh,0.9903,0.9903,0.0091,0.0006,Fresh,0.9947,0.9947,0.0048,0.0005
D:\ML Project Freshness Detection\AgriFreshNET Freshness and Shelf-Life Image Datase\AgriFreshNET Freshness and Shelf-Life Image Datase\Processed Data\Processed Data\Fresh Cucumber(1-6)\aug_310_IMG_20251103_090445.jpg,Cucumber,0,Fresh,Fresh,0.7639,0.7639,0.224,0.0121,Fresh,0.836,0.836,0.1584,0.0056,Fresh,0.9445,0.9445,0.0524,0.0031,Fresh,0.9773,0.9773,0.0201,0.0026,Fresh,0.9804,0.9804,0.0163,0.0033
D:\ML Project Freshness Detection\AgriFreshNET Freshness and Shelf-Life Image Datase\AgriFreshNET Freshness and Shelf-Life Image Datase\Processed Data\Processed Data\Semi fresh Pineapple (15-25)\aug_219_IMG-20251207-WA0028.jpg,Pineapple,1,Semi-Fresh,Semi-Fresh,0.8803,0.0609,0.8803,0.0589,Semi-Fresh,0.9106,0.083,0.9106,0.0065,Semi-Fresh,0.9823,0.0171,0.9823,0.0005,Semi-Fresh,0.9914,0.0067,0.9914,0.002,Semi-Fresh,0.9529,0.0465,0.9529,0.0006
D:\ML Project Freshness Detection\AgriFreshNET Freshness and Shelf-Life Image Datase\AgriFreshNET Freshness and Shelf-Life Image Datase\Processed Data\Processed Data\Semi fresh Pineapple (15-25)\aug_299_IMG_20251117_141318994_HDR_AE.jpg,Pineapple,1,Semi-Fresh,Fresh,0.6686,0.6686,0.3185,0.0129,Fresh,0.6429,0.6429,0.3191,0.038,Semi-Fresh,0.7972,0.1682,0.7972,0.0346,Semi-Fresh,0.6755,0.3093,0.6755,0.0152,Fresh,0.5811,0.5811,0.3992,0.0197
D:\ML Project Freshness Detection\AgriFreshNET Freshness and Shelf-Life Image Datase\AgriFreshNET Freshness and Shelf-Life Image Datase\Processed Data\Processed Data\Rotten Bittermelon(5-8)\aug_257_IMG_20260125_005858.jpg,Bittermelon,2,Rotten,Rotten,0.9993,0.0,0.0007,0.9993,Rotten,0.9991,0.0003,0.0006,0.9991,Rotten,0.9936,0.0006,0.0057,0.9936,Rotten,0.999,0.0004,0.0006,0.999,Rotten,0.9996,0.0001,0.0004,0.9996
D:\ML Project Freshness Detection\AgriFreshNET Freshness and Shelf-Life Image Datase\AgriFreshNET Freshness and Shelf-Life Image Datase\Processed Data\Processed Data\Semi fresh Orange(9-20)\aug_122_IMG_20251118_165627618_HDR.jpg,Orange,1,Semi-Fresh,Semi-Fresh,0.8817,0.1172,0.8817,0.0012,Semi-Fresh,0.9136,0.0856,0.9136,0.0008,Semi-Fresh,0.9716,0.028,0.9716,0.0004,Semi-Fresh,0.9741,0.0249,0.9741,0.001,Semi-Fresh,0.8833,0.114,0.8833,0.0027
D:\ML Project Freshness Detection\AgriFreshNET Freshness and Shelf-Life Image Datase\AgriFreshNET Freshness and Shelf-Life Image Datase\Processed Data\Processed Data\Rotten banana(7-13)\IMG_20260128_095213812_HDR_AE.jpg,Banana,2,Rotten,Rotten,0.9932,0.0002,0.0066,0.9932,Rotten,0.993,0.0008,0.0062,0.993,Rotten,0.9983,0.0001,0.0016,0.9983,Rotten,0.9965,0.0007,0.0028,0.9965,Rotten,0.9998,0.0001,0.0001,0.9998
D:\ML Project Freshness Detection\AgriFreshNET Freshness and Shelf-Life Image Datase\AgriFreshNET Freshness and Shelf-Life Image Datase\Processed Data\Processed Data\Rotten Tomato(24-35)\aug_148_IMG_20251127_191649757_HDR.jpg,Tomato,2,Rotten,Semi-Fresh,0.5374,0.0482,0.5374,0.4144,Rotten,0.8962,0.0126,0.0912,0.8962,Semi-Fresh,0.6525,0.0007,0.6525,0.3468,Rotten,0.9504,0.0017,0.0479,0.9504,Semi-Fresh,0.6327,0.0029,0.6327,0.3644
D:\ML Project Freshness Detection\AgriFreshNET Freshness and Shelf-Life Image Datase\AgriFreshNET Freshness and Shelf-Life Image Datase\Processed Data\Processed Data\Semi fresh Orange(9-20)\IMG-20251122-WA0005.jpg,Orange,1,Semi-Fresh,Fresh,0.945,0.945,0.0542,0.0008,Fresh,0.8798,0.8798,0.1147,0.0055,Fresh,0.7472,0.7472,0.199,0.0538,Fresh,0.7726,0.7726,0.2146,0.0129,Fresh,0.8176,0.8176,0.165,0.0175
D:\ML Project Freshness Detection\AgriFreshNET Freshness and Shelf-Life Image Datase\AgriFreshNET Freshness and Shelf-Life Image Datase\Processed Data\Processed Data\Fresh Tomato(1-10)\IMG_20251127_192126755_HDR.jpg,Tomato,0,Fresh,Fresh,0.8248,0.8248,0.1721,0.0031,Fresh,0.99,0.99,0.0091,0.0009,Fresh,0.9929,0.9929,0.0064,0.0007,Fresh,0.9984,0.9984,0.0012,0.0004,Fresh,0.9993,0.9993,0.0006,0.0001
D:\ML Project Freshness Detection\AgriFreshNET Freshness and Shelf-Life Image Datase\AgriFreshNET Freshness and Shelf-Life Image Datase\Processed Data\Processed Data\Rotten Cucumber(12-20)\aug_489_IMG_20251202_015439.jpg,Cucumber,2,Rotten,Rotten,0.9963,0.0011,0.0026,0.9963,Rotten,0.9902,0.0015,0.0083,0.9902,Rotten,1.0,0.0,0.0,1.0,Rotten,0.9905,0.0059,0.0036,0.9905,Rotten,0.9989,0.0004,0.0007,0.9989
D:\ML Project Freshness Detection\AgriFreshNET Freshness and Shelf-Life Image Datase\AgriFreshNET Freshness and Shelf-Life Image Datase\Processed Data\Processed Data\Rotten eggplant(8-15)\aug_110_IMG_20251114_214415697_HDR.jpg,Eggplant,2,Rotten,Rotten,0.5524,0.0158,0.4317,0.5524,Rotten,0.9383,0.0029,0.0588,0.9383,Rotten,0.9867,0.0001,0.0131,0.9867,Rotten,0.9986,0.0005,0.001,0.9986,Rotten,0.9876,0.0023,0.0101,0.9876
D:\ML Project Freshness Detection\AgriFreshNET Freshness and Shelf-Life Image Datase\AgriFreshNET Freshness and Shelf-Life Image Datase\Processed Data\Processed Data\Rotten Pineapple(25-35)\IMG-20251227-WA0021.jpg,Pineapple,2,Rotten,Rotten,0.9649,0.0039,0.0312,0.9649,Rotten,0.9756,0.0211,0.0034,0.9756,Rotten,0.9794,0.0004,0.0202,0.9794,Rotten,0.994,0.0013,0.0047,0.994,Rotten,0.999,0.0002,0.0009,0.999
D:\ML Project Freshness Detection\AgriFreshNET Freshness and Shelf-Life Image Datase\AgriFreshNET Freshness and Shelf-Life Image Datase\Processed Data\Processed Data\Rotten Cucumber(12-20)\aug_206_IMG_20251121_080707.jpg,Cucumber,2,Rotten,Rotten,0.6723,0.0614,0.2663,0.6723,Rotten,0.9286,0.0024,0.069,0.9286,Rotten,0.8943,0.0,0.1057,0.8943,Rotten,0.9955,0.0003,0.0042,0.9955,Rotten,0.9794,0.0005,0.0201,0.9794
D:\ML Project Freshness Detection\AgriFreshNET Freshness and Shelf-Life Image Datase\AgriFreshNET Freshness and Shelf-Life Image Datase\Processed Data\Processed Data\Rotten Cucumber(12-20)\aug_221_IMG_20251123_012442.jpg,Cucumber,2,Rotten,Rotten,0.9891,0.0029,0.008,0.9891,Rotten,0.9876,0.0019,0.0104,0.9876,Rotten,0.9999,0.0,0.0001,0.9999,Rotten,0.9974,0.0012,0.0014,0.9974,Rotten,0.9993,0.0002,0.0005,0.9993
D:\ML Project Freshness Detection\AgriFreshNET Freshness and Shelf-Life Image Datase\AgriFreshNET Freshness and Shelf-Life Image Datase\Processed Data\Processed Data\Fresh Tomato(1-10)\IMG_20251108_121357126_HDR_AE.jpg,Tomato,0,Fresh,Fresh,0.6128,0.6128,0.3835,0.0037,Fresh,0.7171,0.7171,0.2763,0.0067,Fresh,0.8551,0.8551,0.1418,0.0031,Fresh,0.9635,0.9635,0.035,0.0015,Fresh,0.8753,0.8753,0.1234,0.0013
D:\ML Project Freshness Detection\AgriFreshNET Freshness and Shelf-Life Image Datase\AgriFreshNET Freshness and Shelf-Life Image Datase\Processed Data\Processed Data\Semi_Fresh eggplant(4-8)\IMG_20251201_190306847_HDR.jpg,Eggplant,1,Semi-Fresh,Semi-Fresh,0.8043,0.1947,0.8043,0.001,Semi-Fresh,0.9877,0.011,0.9877,0.0012,Semi-Fresh,0.9777,0.0167,0.9777,0.0056,Semi-Fresh,0.9699,0.0156,0.9699,0.0145,Semi-Fresh,0.9748,0.0244,0.9748,0.0008
D:\ML Project Freshness Detection\AgriFreshNET Freshness and Shelf-Life Image Datase\AgriFreshNET Freshness and Shelf-Life Image Datase\Processed Data\Processed Data\Fresh Orange(1-9)\aug_210_IMG-20251117-WA0010.jpg,Orange,0,Fresh,Fresh,0.9914,0.9914,0.0086,0.0,Fresh,0.9924,0.9924,0.0075,0.0,Fresh,0.9957,0.9957,0.0042,0.0001,Fresh,0.9153,0.9153,0.0802,0.0045,Fresh,0.9831,0.9831,0.016,0.0009
D:\ML Project Freshness Detection\AgriFreshNET Freshness and Shelf-Life Image Datase\AgriFreshNET Freshness and Shelf-Life Image Datase\Processed Data\Processed Data\Fresh Tomato(1-10)\IMG_20251124_192524379_HDR.jpg,Tomato,0,Fresh,Semi-Fresh,0.5222,0.4287,0.5222,0.0491,Fresh,0.8295,0.8295,0.1066,0.0639,Fresh,0.6273,0.6273,0.3406,0.0321,Fresh,0.956,0.956,0.0354,0.0086,Fresh,0.9739,0.9739,0.0217,0.0043
D:\ML Project Freshness Detection\AgriFreshNET Freshness and Shelf-Life Image Datase\AgriFreshNET Freshness and Shelf-Life Image Datase\Processed Data\Processed Data\Fresh pineapple(1-15)\IMG-20251130-WA0008.jpg,Pineapple,0,Fresh,Semi-Fresh,0.7803,0.0923,0.7803,0.1274,Fresh,0.8997,0.8997,0.0912,0.0091,Fresh,0.9873,0.9873,0.0126,0.0001,Fresh,0.9873,0.9873,0.0121,0.0006,Fresh,0.9847,0.9847,0.0147,0.0006
D:\ML Project Freshness Detection\AgriFreshNET Freshness and Shelf-Life Image Datase\AgriFreshNET Freshness and Shelf-Life Image Datase\Processed Data\Processed Data\Rotten Cucumber(12-20)\aug_346_IMG_20251124_021805.jpg,Cucumber,2,Rotten,Rotten,0.9959,0.0007,0.0034,0.9959,Rotten,0.9956,0.0003,0.0041,0.9956,Rotten,0.9999,0.0,0.0001,0.9999,Rotten,0.9911,0.0049,0.004,0.9911,Rotten,0.9991,0.0003,0.0006,0.9991
D:\ML Project Freshness Detection\AgriFreshNET Freshness and Shelf-Life Image Datase\AgriFreshNET Freshness and Shelf-Life Image Datase\Processed Data\Processed Data\Rotten eggplant(8-15)\IMG_20251124_191946564_HDR.jpg,Eggplant,2,Rotten,Rotten,0.8075,0.0142,0.1784,0.8075,Rotten,0.5186,0.0183,0.4631,0.5186,Rotten,0.6597,0.0181,0.3222,0.6597,Rotten,0.9148,0.0425,0.0426,0.9148,Rotten,0.9844,0.0022,0.0134,0.9844
D:\ML Project Freshness Detection\AgriFreshNET Freshness and Shelf-Life Image Datase\AgriFreshNET Freshness and Shelf-Life Image Datase\Processed Data\Processed Data\Fresh Orange(1-9)\IMG_20251102_080020123_HDR_AE.jpg,Orange,0,Fresh,Fresh,0.6426,0.6426,0.324,0.0334,Fresh,0.9878,0.9878,0.0115,0.0007,Fresh,0.9935,0.9935,0.0065,0.0,Fresh,0.9917,0.9917,0.0079,0.0003,Fresh,0.9955,0.9955,0.004,0.0005
D:\ML Project Freshness Detection\AgriFreshNET Freshness and Shelf-Life Image Datase\AgriFreshNET Freshness and Shelf-Life Image Datase\Processed Data\Processed Data\Semi fresh banana(4-7)\aug_147_IMG_20260122_215637117_HDR.jpg,Banana,1,Semi-Fresh,Semi-Fresh,0.9716,0.0117,0.9716,0.0167,Semi-Fresh,0.9454,0.0267,0.9454,0.0279,Semi-Fresh,0.9952,0.0018,0.9952,0.003,Semi-Fresh,0.9927,0.0014,0.9927,0.0059,Semi-Fresh,0.9994,0.0002,0.9994,0.0004
D:\ML Project Freshness Detection\AgriFreshNET Freshness and Shelf-Life Image Datase\AgriFreshNET Freshness and Shelf-Life Image Datase\Processed Data\Processed Data\Rotten Tomato(24-35)\IMG_20260128_095315407_HDR_AE.jpg,Tomato,2,Rotten,Rotten,0.9483,0.0027,0.0489,0.9483,Rotten,0.9826,0.0019,0.0155,0.9826,Rotten,0.9867,0.0038,0.0095,0.9867,Rotten,0.9913,0.0018,0.0069,0.9913,Rotten,0.9937,0.001,0.0053,0.9937
D:\ML Project Freshness Detection\AgriFreshNET Freshness and Shelf-Life Image Datase\AgriFreshNET Freshness and Shelf-Life Image Datase\Processed Data\Processed Data\Rotten Papaya(7-12)\IMG_20260202_032741.jpg,Papaya,2,Rotten,Rotten,0.6139,0.1036,0.2825,0.6139,Rotten,0.9965,0.0003,0.0032,0.9965,Rotten,0.9881,0.0037,0.0082,0.9881,Rotten,0.9873,0.0011,0.0116,0.9873,Rotten,0.9876,0.0003,0.0121,0.9876
D:\ML Project Freshness Detection\AgriFreshNET Freshness and Shelf-Life Image Datase\AgriFreshNET Freshness and Shelf-Life Image Datase\Processed Data\Processed Data\Rotten Orange(20-35)\aug_443_IMG-20260128-WA0007.jpg,Orange,2,Rotten,Rotten,0.9992,0.0,0.0008,0.9992,Rotten,0.9987,0.0004,0.001,0.9987,Rotten,0.9998,0.0,0.0002,0.9998,Rotten,0.9952,0.0005,0.0043,0.9952,Rotten,0.9996,0.0,0.0003,0.9996
D:\ML Project Freshness Detection\AgriFreshNET Freshness and Shelf-Life Image Datase\AgriFreshNET Freshness and Shelf-Life Image Datase\Processed Data\Processed Data\Semi fresh banana(4-7)\aug_78_IMG_20251106_155654677_HDR_AE.jpg,Banana,1,Semi-Fresh,Semi-Fresh,0.891,0.0786,0.891,0.0304,Semi-Fresh,0.9962,0.0029,0.9962,0.0009,Semi-Fresh,0.9899,0.0088,0.9899,0.0012,Semi-Fresh,0.9959,0.0032,0.9959,0.0009,Semi-Fresh,0.9907,0.0091,0.9907,0.0002
D:\ML Project Freshness Detection\AgriFreshNET Freshness and Shelf-Life Image Datase\AgriFreshNET Freshness and Shelf-Life Image Datase\Processed Data\Processed Data\Semi Fresh Papaya(4-7)\aug_18_IMG_20251124_021909.jpg,Papaya,1,Semi-Fresh,Semi-Fresh,0.7704,0.2235,0.7704,0.0062,Semi-Fresh,0.9353,0.0032,0.9353,0.0615,Semi-Fresh,0.9359,0.0453,0.9359,0.0188,Semi-Fresh,0.9903,0.0003,0.9903,0.0094,Semi-Fresh,0.9927,0.0064,0.9927,0.0009
D:\ML Project Freshness Detection\AgriFreshNET Freshness and Shelf-Life Image Datase\AgriFreshNET Freshness and Shelf-Life Image Datase\Processed Data\Processed Data\Rotten Cucumber(12-20)\aug_257_IMG_20251202_015448.jpg,Cucumber,2,Rotten,Rotten,0.9867,0.0023,0.011,0.9867,Rotten,0.9932,0.0008,0.006,0.9932,Rotten,0.9999,0.0,0.0001,0.9999,Rotten,0.9914,0.0044,0.0042,0.9914,Rotten,0.999,0.0002,0.0008,0.999
D:\ML Project Freshness Detection\AgriFreshNET Freshness and Shelf-Life Image Datase\AgriFreshNET Freshness and Shelf-Life Image Datase\Processed Data\Processed Data\Semi fresh Orange(9-20)\IMG-20251124-WA0008.jpg,Orange,1,Semi-Fresh,Fresh,0.518,0.518,0.4749,0.007,Semi-Fresh,0.5828,0.4164,0.5828,0.0009,Fresh,0.5918,0.5918,0.4049,0.0033,Semi-Fresh,0.5028,0.4764,0.5028,0.0208,Fresh,0.7543,0.7543,0.2431,0.0026
D:\ML Project Freshness Detection\AgriFreshNET Freshness and Shelf-Life Image Datase\AgriFreshNET Freshness and Shelf-Life Image Datase\Processed Data\Processed Data\Fresh Orange(1-9)\aug_8_IMG-20251117-WA0010.jpg,Orange,0,Fresh,Fresh,0.9896,0.9896,0.0104,0.0,Fresh,0.9856,0.9856,0.0143,0.0,Fresh,0.9964,0.9964,0.0036,0.0001,Fresh,0.9383,0.9383,0.0589,0.0027,Fresh,0.9871,0.9871,0.0123,0.0005
D:\ML Project Freshness Detection\AgriFreshNET Freshness and Shelf-Life Image Datase\AgriFreshNET Freshness and Shelf-Life Image Datase\Processed Data\Processed Data\Semi_Fresh eggplant(4-8)\aug_253_IMG_20251127_192724546_HDR.jpg,Eggplant,1,Semi-Fresh,Fresh,0.6223,0.6223,0.3051,0.0725,Rotten,0.6121,0.0841,0.3037,0.6121,Semi-Fresh,0.9558,0.0353,0.9558,0.0089,Semi-Fresh,0.4734,0.4177,0.4734,0.1089,Semi-Fresh,0.9656,0.028,0.9656,0.0064
D:\ML Project Freshness Detection\AgriFreshNET Freshness and Shelf-Life Image Datase\AgriFreshNET Freshness and Shelf-Life Image Datase\Processed Data\Processed Data\Fresh eggplant(1-4)\IMG_20251108_122057558_HDR_AE.jpg,Eggplant,0,Fresh,Fresh,0.7699,0.7699,0.2208,0.0093,Fresh,0.8165,0.8165,0.1719,0.0116,Fresh,0.9434,0.9434,0.0543,0.0023,Fresh,0.9664,0.9664,0.0326,0.001,Fresh,0.8621,0.8621,0.1366,0.0013
D:\ML Project Freshness Detection\AgriFreshNET Freshness and Shelf-Life Image Datase\AgriFreshNET Freshness and Shelf-Life Image Datase\Processed Data\Processed Data\Semi fresh banana(4-7)\aug_306_IMG_20251107_113734870_HDR_AE.jpg,Banana,1,Semi-Fresh,Semi-Fresh,0.7987,0.0177,0.7987,0.1835,Semi-Fresh,0.9765,0.0033,0.9765,0.0202,Semi-Fresh,0.9794,0.0162,0.9794,0.0044,Semi-Fresh,0.985,0.0123,0.985,0.0027,Semi-Fresh,0.9986,0.0011,0.9986,0.0003
D:\ML Project Freshness Detection\AgriFreshNET Freshness and Shelf-Life Image Datase\AgriFreshNET Freshness and Shelf-Life Image Datase\Processed Data\Processed Data\Rotten Bittermelon(5-8)\IMG_20260125_005711.jpg,Bittermelon,2,Rotten,Rotten,0.9652,0.0001,0.0348,0.9652,Rotten,0.9163,0.0005,0.0833,0.9163,Rotten,0.9683,0.0001,0.0317,0.9683,Rotten,0.9918,0.0006,0.0076,0.9918,Rotten,0.9988,0.0001,0.0011,0.9988
D:\ML Project Freshness Detection\AgriFreshNET Freshness and Shelf-Life Image Datase\AgriFreshNET Freshness and Shelf-Life Image Datase\Processed Data\Processed Data\Rotten Bittermelon(5-8)\aug_148_IMG_20260120_004905.jpg,Bittermelon,2,Rotten,Rotten,0.7825,0.0027,0.2148,0.7825,Rotten,0.9978,0.0001,0.0021,0.9978,Rotten,0.9888,0.0002,0.0109,0.9888,Rotten,0.9933,0.0012,0.0055,0.9933,Rotten,0.9992,0.0001,0.0008,0.9992
D:\ML Project Freshness Detection\AgriFreshNET Freshness and Shelf-Life Image Datase\AgriFreshNET Freshness and Shelf-Life Image Datase\Processed Data\Processed Data\Semi Fresh Papaya(4-7)\aug_302_IMG_20260120_004623.jpg,Papaya,1,Semi-Fresh,Semi-Fresh,0.7698,0.1888,0.7698,0.0414,Semi-Fresh,0.598,0.0016,0.598,0.4005,Semi-Fresh,0.9168,0.0391,0.9168,0.044,Semi-Fresh,0.9697,0.0007,0.9697,0.0296,Semi-Fresh,0.9959,0.0026,0.9959,0.0015
D:\ML Project Freshness Detection\AgriFreshNET Freshness and Shelf-Life Image Datase\AgriFreshNET Freshness and Shelf-Life Image Datase\Processed Data\Processed Data\Rotten Orange(20-35)\aug_397_IMG-20251114-WA0004.jpg,Orange,2,Rotten,Rotten,0.9479,0.013,0.0391,0.9479,Rotten,0.9911,0.0023,0.0066,0.9911,Rotten,0.9976,0.0004,0.002,0.9976,Rotten,0.9993,0.0002,0.0005,0.9993,Rotten,0.9991,0.0003,0.0007,0.9991
D:\ML Project Freshness Detection\AgriFreshNET Freshness and Shelf-Life Image Datase\AgriFreshNET Freshness and Shelf-Life Image Datase\Processed Data\Processed Data\Rotten Bittermelon(5-8)\aug_327_IMG_20251202_020022.jpg,Bittermelon,2,Rotten,Rotten,0.9985,0.0001,0.0015,0.9985,Rotten,0.9994,0.0002,0.0004,0.9994,Rotten,1.0,0.0,0.0,1.0,Rotten,0.9886,0.0079,0.0034,0.9886,Rotten,0.9992,0.0002,0.0006,0.9992
D:\ML Project Freshness Detection\AgriFreshNET Freshness and Shelf-Life Image Datase\AgriFreshNET Freshness and Shelf-Life Image Datase\Processed Data\Processed Data\Semi_Fresh eggplant(4-8)\IMG_20251130_182344787_HDR.jpg,Eggplant,1,Semi-Fresh,Semi-Fresh,0.5929,0.2992,0.5929,0.1079,Semi-Fresh,0.5186,0.2885,0.5186,0.193,Semi-Fresh,0.6903,0.2103,0.6903,0.0994,Semi-Fresh,0.7663,0.1092,0.7663,0.1245,Fresh,0.6689,0.6689,0.224,0.1071
D:\ML Project Freshness Detection\AgriFreshNET Freshness and Shelf-Life Image Datase\AgriFreshNET Freshness and Shelf-Life Image Datase\Processed Data\Processed Data\Rotten Pineapple(25-35)\aug_150_IMG-20260130-WA0121.jpg,Pineapple,2,Rotten,Rotten,0.9746,0.0012,0.0241,0.9746,Rotten,0.9999,0.0,0.0001,0.9999,Rotten,0.9999,0.0,0.0,0.9999,Rotten,0.9977,0.0011,0.0012,0.9977,Rotten,0.9998,0.0001,0.0001,0.9998
D:\ML Project Freshness Detection\AgriFreshNET Freshness and Shelf-Life Image Datase\AgriFreshNET Freshness and Shelf-Life Image Datase\Processed Data\Processed Data\Semi fresh Orange(9-20)\IMG_20251120_202809793_HDR.jpg,Orange,1,Semi-Fresh,Semi-Fresh,0.9704,0.0292,0.9704,0.0004,Semi-Fresh,0.9966,0.0033,0.9966,0.0001,Semi-Fresh,0.9998,0.0002,0.9998,0.0,Semi-Fresh,0.9995,0.0002,0.9995,0.0003,Semi-Fresh,0.9983,0.0016,0.9983,0.0001
D:\ML Project Freshness Detection\AgriFreshNET Freshness and Shelf-Life Image Datase\AgriFreshNET Freshness and Shelf-Life Image Datase\Processed Data\Processed Data\Fresh Tomato(1-10)\IMG_20251125_211900377_HDR.jpg,Tomato,0,Fresh,Fresh,0.672,0.672,0.3056,0.0225,Fresh,0.8262,0.8262,0.1391,0.0347,Fresh,0.9329,0.9329,0.0637,0.0035,Fresh,0.9979,0.9979,0.0016,0.0005,Fresh,0.9901,0.9901,0.009,0.0009
D:\ML Project Freshness Detection\AgriFreshNET Freshness and Shelf-Life Image Datase\AgriFreshNET Freshness and Shelf-Life Image Datase\Processed Data\Processed Data\Rotten eggplant(8-15)\aug_100_IMG_20251115_122002265_HDR_AE.jpg,Eggplant,2,Rotten,Rotten,0.825,0.0474,0.1276,0.825,Rotten,0.9884,0.0037,0.0079,0.9884,Rotten,0.991,0.001,0.008,0.991,Rotten,0.9972,0.0008,0.002,0.9972,Rotten,0.9997,0.0001,0.0002,0.9997
D:\ML Project Freshness Detection\AgriFreshNET Freshness and Shelf-Life Image Datase\AgriFreshNET Freshness and Shelf-Life Image Datase\Processed Data\Processed Data\Semi Fresh Cucumber(6-12)\aug_362_IMG_20251117_160445.jpg,Cucumber,1,Semi-Fresh,Rotten,0.4543,0.1005,0.4452,0.4543,Semi-Fresh,0.6207,0.0109,0.6207,0.3684,Semi-Fresh,0.9794,0.0014,0.9794,0.0192,Semi-Fresh,0.9521,0.0015,0.9521,0.0465,Semi-Fresh,0.9191,0.0017,0.9191,0.0792
D:\ML Project Freshness Detection\AgriFreshNET Freshness and Shelf-Life Image Datase\AgriFreshNET Freshness and Shelf-Life Image Datase\Processed Data\Processed Data\Semi Fresh Bittermelon ( 3-5)\aug_330_IMG_20260120_004811.jpg,Bittermelon,1,Semi-Fresh,Semi-Fresh,0.9582,0.0251,0.9582,0.0166,Semi-Fresh,0.8748,0.0127,0.8748,0.1126,Semi-Fresh,0.9813,0.0006,0.9813,0.0181,Semi-Fresh,0.9838,0.0027,0.9838,0.0135,Semi-Fresh,0.9818,0.001,0.9818,0.0172
D:\ML Project Freshness Detection\AgriFreshNET Freshness and Shelf-Life Image Datase\AgriFreshNET Freshness and Shelf-Life Image Datase\Processed Data\Processed Data\Rotten banana(7-13)\aug_83_IMG_20251110_093535224_HDR_AE.jpg,Banana,2,Rotten,Rotten,0.8137,0.0045,0.1818,0.8137,Rotten,0.9661,0.0006,0.0333,0.9661,Rotten,0.9958,0.0002,0.004,0.9958,Rotten,0.9922,0.0022,0.0055,0.9922,Rotten,0.997,0.0005,0.0025,0.997
D:\ML Project Freshness Detection\AgriFreshNET Freshness and Shelf-Life Image Datase\AgriFreshNET Freshness and Shelf-Life Image Datase\Processed Data\Processed Data\Fresh Bittermelon(1-3)\IMG_20251118_161043.jpg,Bittermelon,0,Fresh,Fresh,0.955,0.955,0.0444,0.0006,Fresh,0.9961,0.9961,0.0038,0.0001,Fresh,0.9992,0.9992,0.0005,0.0002,Fresh,0.9735,0.9735,0.0226,0.0039,Fresh,0.9965,0.9965,0.0031,0.0004
D:\ML Project Freshness Detection\AgriFreshNET Freshness and Shelf-Life Image Datase\AgriFreshNET Freshness and Shelf-Life Image Datase\Processed Data\Processed Data\Semi Fresh Bittermelon ( 3-5)\aug_41_IMG_20251103_090535.jpg,Bittermelon,1,Semi-Fresh,Semi-Fresh,0.6,0.3916,0.6,0.0084,Semi-Fresh,0.9104,0.009,0.9104,0.0806,Semi-Fresh,0.9879,0.0088,0.9879,0.0033,Semi-Fresh,0.985,0.0062,0.985,0.0088,Semi-Fresh,0.9982,0.0004,0.9982,0.0014
D:\ML Project Freshness Detection\AgriFreshNET Freshness and Shelf-Life Image Datase\AgriFreshNET Freshness and Shelf-Life Image Datase\Processed Data\Processed Data\Rotten Orange(20-35)\aug_294_IMG-20251227-WA0007.jpg,Orange,2,Rotten,Rotten,0.9812,0.0002,0.0186,0.9812,Rotten,0.9963,0.0003,0.0034,0.9963,Rotten,0.9982,0.0001,0.0017,0.9982,Rotten,0.9913,0.0007,0.008,0.9913,Rotten,0.9987,0.0001,0.0012,0.9987
D:\ML Project Freshness Detection\AgriFreshNET Freshness and Shelf-Life Image Datase\AgriFreshNET Freshness and Shelf-Life Image Datase\Processed Data\Processed Data\Semi fresh Orange(9-20)\IMG_20251124_191523913_HDR.jpg,Orange,1,Semi-Fresh,Semi-Fresh,0.9353,0.0645,0.9353,0.0002,Semi-Fresh,0.9991,0.0006,0.9991,0.0002,Semi-Fresh,0.9975,0.0025,0.9975,0.0,Semi-Fresh,0.998,0.0015,0.998,0.0005,Semi-Fresh,0.9905,0.009,0.9905,0.0005
D:\ML Project Freshness Detection\AgriFreshNET Freshness and Shelf-Life Image Datase\AgriFreshNET Freshness and Shelf-Life Image Datase\Processed Data\Processed Data\Semi_Fresh eggplant(4-8)\aug_142_IMG_20251201_190422770_HDR.jpg,Eggplant,1,Semi-Fresh,Semi-Fresh,0.772,0.2183,0.772,0.0098,Semi-Fresh,0.9513,0.0395,0.9513,0.0092,Semi-Fresh,0.9817,0.0164,0.9817,0.0019,Semi-Fresh,0.9373,0.017,0.9373,0.0457,Semi-Fresh,0.9749,0.0239,0.9749,0.0012
D:\ML Project Freshness Detection\AgriFreshNET Freshness and Shelf-Life Image Datase\AgriFreshNET Freshness and Shelf-Life Image Datase\Processed Data\Processed Data\Fresh pineapple(1-15)\aug_364_pineapple(4).jpeg,Pineapple,0,Fresh,Fresh,0.8529,0.8529,0.1107,0.0364,Fresh,0.8246,0.8246,0.1428,0.0327,Fresh,0.9901,0.9901,0.0072,0.0028,Fresh,0.9958,0.9958,0.0038,0.0004,Fresh,0.9931,0.9931,0.0057,0.0012
D:\ML Project Freshness Detection\AgriFreshNET Freshness and Shelf-Life Image Datase\AgriFreshNET Freshness and Shelf-Life Image Datase\Processed Data\Processed Data\Rotten Tomato(24-35)\aug_244_IMG_20260124_112928403_HDR_AE.jpg,Tomato,2,Rotten,Rotten,0.9964,0.0011,0.0025,0.9964,Rotten,0.9818,0.0079,0.0103,0.9818,Rotten,0.9986,0.001,0.0004,0.9986,Rotten,0.9978,0.0008,0.0014,0.9978,Rotten,0.9976,0.0008,0.0016,0.9976
D:\ML Project Freshness Detection\AgriFreshNET Freshness and Shelf-Life Image Datase\AgriFreshNET Freshness and Shelf-Life Image Datase\Processed Data\Processed Data\Semi Fresh Bittermelon ( 3-5)\IMG_20260116_025828.jpg,Bittermelon,1,Semi-Fresh,Semi-Fresh,0.9031,0.0454,0.9031,0.0515,Semi-Fresh,0.9789,0.0018,0.9789,0.0194,Semi-Fresh,0.9977,0.0002,0.9977,0.002,Semi-Fresh,0.9944,0.0009,0.9944,0.0047,Semi-Fresh,0.9973,0.0008,0.9973,0.0019
D:\ML Project Freshness Detection\AgriFreshNET Freshness and Shelf-Life Image Datase\AgriFreshNET Freshness and Shelf-Life Image Datase\Processed Data\Processed Data\Semi Fresh Bittermelon ( 3-5)\aug_353_IMG_20251123_013340.jpg,Bittermelon,1,Semi-Fresh,Semi-Fresh,0.9358,0.0591,0.9358,0.0051,Semi-Fresh,0.9423,0.0245,0.9423,0.0332,Semi-Fresh,0.9845,0.0124,0.9845,0.0031,Semi-Fresh,0.9986,0.0001,0.9986,0.0013,Semi-Fresh,0.9987,0.0003,0.9987,0.001
D:\ML Project Freshness Detection\AgriFreshNET Freshness and Shelf-Life Image Datase\AgriFreshNET Freshness and Shelf-Life Image Datase\Processed Data\Processed Data\Semi fresh Pineapple (15-25)\IMG_20251122_211157374_HDR.jpg,Pineapple,1,Semi-Fresh,Semi-Fresh,0.9862,0.0065,0.9862,0.0074,Semi-Fresh,0.9767,0.005,0.9767,0.0183,Semi-Fresh,0.9959,0.002,0.9959,0.0021,Semi-Fresh,0.9954,0.0041,0.9954,0.0006,Semi-Fresh,0.9995,0.0004,0.9995,0.0001
D:\ML Project Freshness Detection\AgriFreshNET Freshness and Shelf-Life Image Datase\AgriFreshNET Freshness and Shelf-Life Image Datase\Processed Data\Processed Data\Semi Fresh Bittermelon ( 3-5)\aug_284_IMG_20260123_013939.jpg,Bittermelon,1,Semi-Fresh,Semi-Fresh,0.9039,0.0072,0.9039,0.089,Semi-Fresh,0.8566,0.0005,0.8566,0.1429,Semi-Fresh,0.9993,0.0,0.9993,0.0006,Semi-Fresh,0.9813,0.0009,0.9813,0.0178,Semi-Fresh,0.9985,0.0002,0.9985,0.0013
D:\ML Project Freshness Detection\AgriFreshNET Freshness and Shelf-Life Image Datase\AgriFreshNET Freshness and Shelf-Life Image Datase\Processed Data\Processed Data\Semi Fresh Cucumber(6-12)\aug_203_IMG_20260212_155153.jpg,Cucumber,1,Semi-Fresh,Semi-Fresh,0.9052,0.0907,0.9052,0.0041,Semi-Fresh,0.998,0.0015,0.998,0.0005,Semi-Fresh,0.9992,0.0006,0.9992,0.0002,Semi-Fresh,0.9997,0.0001,0.9997,0.0002,Semi-Fresh,0.9939,0.0046,0.9939,0.0015
D:\ML Project Freshness Detection\AgriFreshNET Freshness and Shelf-Life Image Datase\AgriFreshNET Freshness and Shelf-Life Image Datase\Processed Data\Processed Data\Rotten Bittermelon(5-8)\IMG_20251202_020008.jpg,Bittermelon,2,Rotten,Rotten,0.9962,0.0002,0.0036,0.9962,Rotten,0.9985,0.0002,0.0013,0.9985,Rotten,0.9991,0.0003,0.0006,0.9991,Rotten,0.9689,0.0178,0.0133,0.9689,Rotten,0.9997,0.0001,0.0002,0.9997
D:\ML Project Freshness Detection\AgriFreshNET Freshness and Shelf-Life Image Datase\AgriFreshNET Freshness and Shelf-Life Image Datase\Processed Data\Processed Data\Fresh Banana(1-4)\aug_186_IMG_20251103_192216987_HDR.jpg,Banana,0,Fresh,Fresh,0.8797,0.8797,0.1198,0.0005,Fresh,0.8179,0.8179,0.1808,0.0013,Fresh,0.9863,0.9863,0.0133,0.0004,Fresh,0.9412,0.9412,0.0567,0.0021,Fresh,0.9829,0.9829,0.0169,0.0001
D:\ML Project Freshness Detection\AgriFreshNET Freshness and Shelf-Life Image Datase\AgriFreshNET Freshness and Shelf-Life Image Datase\Processed Data\Processed Data\Semi fresh Pineapple (15-25)\IMG_20251116_220856128_HDR.jpg,Pineapple,1,Semi-Fresh,Fresh,0.615,0.615,0.3248,0.0602,Fresh,0.4447,0.4447,0.3925,0.1628,Semi-Fresh,0.8013,0.1816,0.8013,0.017,Fresh,0.767,0.767,0.223,0.0099,Semi-Fresh,0.6622,0.2854,0.6622,0.0524
D:\ML Project Freshness Detection\AgriFreshNET Freshness and Shelf-Life Image Datase\AgriFreshNET Freshness and Shelf-Life Image Datase\Processed Data\Processed Data\Semi fresh Pineapple (15-25)\aug_422_IMG_20251119_202505431_HDR.jpg,Pineapple,1,Semi-Fresh,Semi-Fresh,0.991,0.0068,0.991,0.0022,Semi-Fresh,0.9456,0.0216,0.9456,0.0328,Semi-Fresh,0.9957,0.0041,0.9957,0.0002,Semi-Fresh,0.9964,0.0027,0.9964,0.001,Semi-Fresh,0.9995,0.0004,0.9995,0.0001
D:\ML Project Freshness Detection\AgriFreshNET Freshness and Shelf-Life Image Datase\AgriFreshNET Freshness and Shelf-Life Image Datase\Processed Data\Processed Data\Semi Fresh Bittermelon ( 3-5)\aug_202_IMG_20251103_090535.jpg,Bittermelon,1,Semi-Fresh,Fresh,0.5901,0.5901,0.4063,0.0036,Semi-Fresh,0.9436,0.0263,0.9436,0.0301,Semi-Fresh,0.9739,0.022,0.9739,0.0041,Semi-Fresh,0.9886,0.0066,0.9886,0.0048,Semi-Fresh,0.9981,0.0004,0.9981,0.0015
D:\ML Project Freshness Detection\AgriFreshNET Freshness and Shelf-Life Image Datase\AgriFreshNET Freshness and Shelf-Life Image Datase\Processed Data\Processed Data\Fresh Cucumber(1-6)\aug_206_IMG_20260116_030149.jpg,Cucumber,0,Fresh,Fresh,0.9934,0.9934,0.0065,0.0001,Fresh,0.9986,0.9986,0.0013,0.0002,Fresh,0.9999,0.9999,0.0001,0.0,Fresh,0.9936,0.9936,0.0061,0.0003,Fresh,0.9974,0.9974,0.0022,0.0004
D:\ML Project Freshness Detection\AgriFreshNET Freshness and Shelf-Life Image Datase\AgriFreshNET Freshness and Shelf-Life Image Datase\Processed Data\Processed Data\Fresh Cucumber(1-6)\aug_262_IMG_20260204_152120.jpg,Cucumber,0,Fresh,Fresh,0.946,0.946,0.0536,0.0003,Fresh,0.9897,0.9897,0.0099,0.0004,Fresh,0.9982,0.9982,0.0017,0.0,Fresh,0.9984,0.9984,0.0015,0.0,Fresh,0.9943,0.9943,0.0052,0.0005
D:\ML Project Freshness Detection\AgriFreshNET Freshness and Shelf-Life Image Datase\AgriFreshNET Freshness and Shelf-Life Image Datase\Processed Data\Processed Data\Fresh Orange(1-9)\aug_298_IMG_20251110_094216300_HDR_AE.jpg,Orange,0,Fresh,Fresh,0.8723,0.8723,0.1225,0.0051,Fresh,0.7904,0.7904,0.2089,0.0007,Fresh,0.9972,0.9972,0.0028,0.0,Fresh,0.9717,0.9717,0.0238,0.0045,Fresh,0.9893,0.9893,0.0101,0.0006
D:\ML Project Freshness Detection\AgriFreshNET Freshness and Shelf-Life Image Datase\AgriFreshNET Freshness and Shelf-Life Image Datase\Processed Data\Processed Data\Fresh Tomato(1-10)\IMG_20251120_204203930_HDR.jpg,Tomato,0,Fresh,Fresh,0.868,0.868,0.1302,0.0018,Fresh,0.9593,0.9593,0.0388,0.0019,Fresh,0.9869,0.9869,0.0127,0.0004,Fresh,0.9977,0.9977,0.002,0.0003,Fresh,0.9983,0.9983,0.0012,0.0005
D:\ML Project Freshness Detection\AgriFreshNET Freshness and Shelf-Life Image Datase\AgriFreshNET Freshness and Shelf-Life Image Datase\Processed Data\Processed Data\Semi_Fresh eggplant(4-8)\IMG_20251111_142614301_HDR_AE.jpg,Eggplant,1,Semi-Fresh,Rotten,0.8488,0.0778,0.0734,0.8488,Rotten,0.8974,0.0184,0.0843,0.8974,Rotten,0.8086,0.0061,0.1853,0.8086,Rotten,0.8954,0.0148,0.0898,0.8954,Rotten,0.8965,0.0114,0.0921,0.8965
D:\ML Project Freshness Detection\AgriFreshNET Freshness and Shelf-Life Image Datase\AgriFreshNET Freshness and Shelf-Life Image Datase\Processed Data\Processed Data\Fresh Orange(1-9)\aug_331_IMG_20251109_112231023_HDR_AE.jpg,Orange,0,Fresh,Fresh,0.8856,0.8856,0.1123,0.0021,Fresh,0.9392,0.9392,0.0593,0.0015,Fresh,0.9959,0.9959,0.004,0.0,Fresh,0.9893,0.9893,0.0103,0.0004,Fresh,0.9986,0.9986,0.0011,0.0003
D:\ML Project Freshness Detection\AgriFreshNET Freshness and Shelf-Life Image Datase\AgriFreshNET Freshness and Shelf-Life Image Datase\Processed Data\Processed Data\Semi fresh banana(4-7)\aug_284_IMG_20251107_113703366_HDR_AE.jpg,Banana,1,Semi-Fresh,Semi-Fresh,0.6443,0.0802,0.6443,0.2755,Semi-Fresh,0.7347,0.0035,0.7347,0.2617,Semi-Fresh,0.9967,0.0008,0.9967,0.0025,Semi-Fresh,0.9915,0.0015,0.9915,0.007,Semi-Fresh,0.9903,0.0022,0.9903,0.0076
D:\ML Project Freshness Detection\AgriFreshNET Freshness and Shelf-Life Image Datase\AgriFreshNET Freshness and Shelf-Life Image Datase\Processed Data\Processed Data\Rotten banana(7-13)\IMG_20251115_121114721_HDR_AE.jpg,Banana,2,Rotten,Rotten,0.9975,0.0001,0.0024,0.9975,Rotten,0.9956,0.0002,0.0042,0.9956,Rotten,0.9999,0.0,0.0001,0.9999,Rotten,0.9972,0.0005,0.0023,0.9972,Rotten,0.9997,0.0,0.0003,0.9997
D:\ML Project Freshness Detection\AgriFreshNET Freshness and Shelf-Life Image Datase\AgriFreshNET Freshness and Shelf-Life Image Datase\Processed Data\Processed Data\Semi_Fresh eggplant(4-8)\aug_223_IMG_20251126_193246978_HDR.jpg,Eggplant,1,Semi-Fresh,Semi-Fresh,0.7038,0.2483,0.7038,0.0479,Semi-Fresh,0.4521,0.1161,0.4521,0.4318,Semi-Fresh,0.9236,0.0391,0.9236,0.0373,Semi-Fresh,0.743,0.1037,0.743,0.1533,Semi-Fresh,0.9295,0.0408,0.9295,0.0298
D:\ML Project Freshness Detection\AgriFreshNET Freshness and Shelf-Life Image Datase\AgriFreshNET Freshness and Shelf-Life Image Datase\Processed Data\Processed Data\Fresh pineapple(1-15)\aug_316_IMG-20251128-WA0014.jpg,Pineapple,0,Fresh,Semi-Fresh,0.6149,0.2729,0.6149,0.1122,Fresh,0.6987,0.6987,0.075,0.2263,Fresh,0.9924,0.9924,0.0042,0.0034,Fresh,0.8793,0.8793,0.0752,0.0454,Fresh,0.973,0.973,0.0266,0.0004
D:\ML Project Freshness Detection\AgriFreshNET Freshness and Shelf-Life Image Datase\AgriFreshNET Freshness and Shelf-Life Image Datase\Processed Data\Processed Data\Semi_Fresh eggplant(4-8)\aug_31_IMG_20251130_182304626_HDR.jpg,Eggplant,1,Semi-Fresh,Semi-Fresh,0.8556,0.1098,0.8556,0.0346,Semi-Fresh,0.8137,0.0833,0.8137,0.1029,Semi-Fresh,0.901,0.0931,0.901,0.0059,Semi-Fresh,0.9386,0.0353,0.9386,0.0261,Semi-Fresh,0.8092,0.1715,0.8092,0.0192
D:\ML Project Freshness Detection\AgriFreshNET Freshness and Shelf-Life Image Datase\AgriFreshNET Freshness and Shelf-Life Image Datase\Processed Data\Processed Data\Rotten Tomato(24-35)\aug_173_IMG-20260210-WA0017.jpg,Tomato,2,Rotten,Fresh,0.4893,0.4893,0.1044,0.4062,Rotten,0.9763,0.0164,0.0073,0.9763,Rotten,0.9259,0.0678,0.0063,0.9259,Rotten,0.9357,0.0502,0.0141,0.9357,Rotten,0.9642,0.0139,0.0219,0.9642
D:\ML Project Freshness Detection\AgriFreshNET Freshness and Shelf-Life Image Datase\AgriFreshNET Freshness and Shelf-Life Image Datase\Processed Data\Processed Data\Rotten Papaya(7-12)\IMG_20260122_002546.jpg,Papaya,2,Rotten,Semi-Fresh,0.4337,0.4151,0.4337,0.1511,Semi-Fresh,0.8303,0.0136,0.8303,0.1561,Semi-Fresh,0.9507,0.0001,0.9507,0.0493,Rotten,0.5465,0.0147,0.4388,0.5465,Rotten,0.9493,0.0017,0.049,0.9493
D:\ML Project Freshness Detection\AgriFreshNET Freshness and Shelf-Life Image Datase\AgriFreshNET Freshness and Shelf-Life Image Datase\Processed Data\Processed Data\Semi fresh Pineapple (15-25)\aug_181_IMG-20251205-WA0029.jpg,Pineapple,1,Semi-Fresh,Semi-Fresh,0.9643,0.0296,0.9643,0.0061,Semi-Fresh,0.983,0.0101,0.983,0.0069,Semi-Fresh,0.9975,0.0013,0.9975,0.0012,Semi-Fresh,0.9991,0.0007,0.9991,0.0002,Semi-Fresh,0.9991,0.0003,0.9991,0.0005
D:\ML Project Freshness Detection\AgriFreshNET Freshness and Shelf-Life Image Datase\AgriFreshNET Freshness and Shelf-Life Image Datase\Processed Data\Processed Data\Semi Fresh Cucumber(6-12)\IMG_20260212_155339.jpg,Cucumber,1,Semi-Fresh,Semi-Fresh,0.9513,0.0473,0.9513,0.0015,Semi-Fresh,0.9985,0.001,0.9985,0.0005,Semi-Fresh,0.9947,0.0005,0.9947,0.0048,Semi-Fresh,0.9969,0.0006,0.9969,0.0025,Semi-Fresh,0.9977,0.0015,0.9977,0.0008
D:\ML Project Freshness Detection\AgriFreshNET Freshness and Shelf-Life Image Datase\AgriFreshNET Freshness and Shelf-Life Image Datase\Processed Data\Processed Data\Fresh pineapple(1-15)\aug_3_IMG_20251107_114742513_HDR_AE.jpg,Pineapple,0,Fresh,Fresh,0.8119,0.8119,0.1854,0.0027,Fresh,0.8888,0.8888,0.1102,0.001,Fresh,0.9996,0.9996,0.0004,0.0,Fresh,0.999,0.999,0.001,0.0,Fresh,0.999,0.999,0.0009,0.0001
D:\ML Project Freshness Detection\AgriFreshNET Freshness and Shelf-Life Image Datase\AgriFreshNET Freshness and Shelf-Life Image Datase\Processed Data\Processed Data\Semi Fresh Bittermelon ( 3-5)\IMG_20251105_143101.jpg,Bittermelon,1,Semi-Fresh,Semi-Fresh,0.7882,0.2052,0.7882,0.0065,Semi-Fresh,0.9482,0.0125,0.9482,0.0393,Semi-Fresh,0.9985,0.0004,0.9985,0.0011,Semi-Fresh,0.9875,0.0049,0.9875,0.0077,Semi-Fresh,0.9989,0.0003,0.9989,0.0008
D:\ML Project Freshness Detection\AgriFreshNET Freshness and Shelf-Life Image Datase\AgriFreshNET Freshness and Shelf-Life Image Datase\Processed Data\Processed Data\Fresh pineapple(1-15)\aug_248_pineapple(15).jpeg,Pineapple,0,Fresh,Fresh,0.7982,0.7982,0.1793,0.0225,Fresh,0.9616,0.9616,0.0334,0.0049,Fresh,0.9976,0.9976,0.0024,0.0,Fresh,0.9969,0.9969,0.0027,0.0004,Fresh,0.9978,0.9978,0.0007,0.0015
D:\ML Project Freshness Detection\AgriFreshNET Freshness and Shelf-Life Image Datase\AgriFreshNET Freshness and Shelf-Life Image Datase\Processed Data\Processed Data\Fresh pineapple(1-15)\IMG_20251102_081423708_HDR_AE.jpg,Pineapple,0,Fresh,Fresh,0.9887,0.9887,0.0111,0.0002,Fresh,0.9974,0.9974,0.0025,0.0,Fresh,0.9999,0.9999,0.0001,0.0,Fresh,0.9984,0.9984,0.0015,0.0001,Fresh,0.9994,0.9994,0.0004,0.0002
D:\ML Project Freshness Detection\AgriFreshNET Freshness and Shelf-Life Image Datase\AgriFreshNET Freshness and Shelf-Life Image Datase\Processed Data\Processed Data\Semi fresh Orange(9-20)\IMG_20251121_144446117_HDR_AE.jpg,Orange,1,Semi-Fresh,Semi-Fresh,0.9483,0.0368,0.9483,0.015,Semi-Fresh,0.9974,0.0022,0.9974,0.0004,Semi-Fresh,0.9776,0.0199,0.9776,0.0025,Semi-Fresh,0.9986,0.0007,0.9986,0.0006,Semi-Fresh,0.9973,0.0022,0.9973,0.0005
D:\ML Project Freshness Detection\AgriFreshNET Freshness and Shelf-Life Image Datase\AgriFreshNET Freshness and Shelf-Life Image Datase\Processed Data\Processed Data\Fresh Papaya(1-4)\aug_297_IMG_20260114_004723.jpg,Papaya,0,Fresh,Fresh,0.9481,0.9481,0.0103,0.0416,Fresh,0.9636,0.9636,0.0308,0.0056,Fresh,0.9985,0.9985,0.0009,0.0006,Fresh,0.9982,0.9982,0.0015,0.0004,Fresh,0.9986,0.9986,0.0011,0.0004
D:\ML Project Freshness Detection\AgriFreshNET Freshness and Shelf-Life Image Datase\AgriFreshNET Freshness and Shelf-Life Image Datase\Processed Data\Processed Data\Semi fresh Orange(9-20)\aug_126_IMG_20251112_113226253_HDR_AE.jpg,Orange,1,Semi-Fresh,Semi-Fresh,0.867,0.1314,0.867,0.0016,Semi-Fresh,0.9954,0.0043,0.9954,0.0003,Semi-Fresh,0.9453,0.0546,0.9453,0.0001,Semi-Fresh,0.9759,0.0238,0.9759,0.0003,Semi-Fresh,0.9726,0.0272,0.9726,0.0002
D:\ML Project Freshness Detection\AgriFreshNET Freshness and Shelf-Life Image Datase\AgriFreshNET Freshness and Shelf-Life Image Datase\Processed Data\Processed Data\Fresh Bittermelon(1-3)\IMG_20260114_005346.jpg,Bittermelon,0,Fresh,Fresh,0.9897,0.9897,0.0101,0.0002,Fresh,0.9977,0.9977,0.0022,0.0001,Fresh,0.9996,0.9996,0.0003,0.0001,Fresh,0.9983,0.9983,0.0013,0.0004,Fresh,0.9994,0.9994,0.0004,0.0002
D:\ML Project Freshness Detection\AgriFreshNET Freshness and Shelf-Life Image Datase\AgriFreshNET Freshness and Shelf-Life Image Datase\Processed Data\Processed Data\Semi Fresh Bittermelon ( 3-5)\aug_206_IMG_20260123_013943.jpg,Bittermelon,1,Semi-Fresh,Semi-Fresh,0.9516,0.0422,0.9516,0.0062,Semi-Fresh,0.9844,0.0052,0.9844,0.0104,Semi-Fresh,0.9992,0.0004,0.9992,0.0004,Semi-Fresh,0.9789,0.0015,0.9789,0.0196,Semi-Fresh,0.999,0.0002,0.999,0.0008
D:\ML Project Freshness Detection\AgriFreshNET Freshness and Shelf-Life Image Datase\AgriFreshNET Freshness and Shelf-Life Image Datase\Processed Data\Processed Data\Rotten Tomato(24-35)\aug_8_IMG_20251130_180751874_HDR.jpg,Tomato,2,Rotten,Rotten,0.8298,0.0626,0.1076,0.8298,Rotten,0.9906,0.002,0.0074,0.9906,Rotten,0.9955,0.0009,0.0036,0.9955,Rotten,0.9992,0.0001,0.0007,0.9992,Rotten,0.997,0.0017,0.0013,0.997
D:\ML Project Freshness Detection\AgriFreshNET Freshness and Shelf-Life Image Datase\AgriFreshNET Freshness and Shelf-Life Image Datase\Processed Data\Processed Data\Rotten Cucumber(12-20)\aug_254_IMG_20251123_012442.jpg,Cucumber,2,Rotten,Rotten,0.9933,0.0013,0.0054,0.9933,Rotten,0.9874,0.0015,0.0111,0.9874,Rotten,0.9998,0.0,0.0002,0.9998,Rotten,0.9978,0.001,0.0012,0.9978,Rotten,0.999,0.0003,0.0007,0.999
D:\ML Project Freshness Detection\AgriFreshNET Freshness and Shelf-Life Image Datase\AgriFreshNET Freshness and Shelf-Life Image Datase\Processed Data\Processed Data\Rotten Tomato(24-35)\aug_85_IMG_20260128_095404997_HDR_AE.jpg,Tomato,2,Rotten,Rotten,0.9959,0.0002,0.0039,0.9959,Rotten,0.9874,0.0032,0.0093,0.9874,Rotten,0.9991,0.0001,0.0008,0.9991,Rotten,0.9964,0.0008,0.0028,0.9964,Rotten,0.996,0.0004,0.0036,0.996
D:\ML Project Freshness Detection\AgriFreshNET Freshness and Shelf-Life Image Datase\AgriFreshNET Freshness and Shelf-Life Image Datase\Processed Data\Processed Data\Fresh eggplant(1-4)\aug_175_IMG_20251120_201506224_HDR.jpg,Eggplant,0,Fresh,Fresh,0.7992,0.7992,0.1548,0.046,Fresh,0.8366,0.8366,0.1351,0.0283,Fresh,0.9631,0.9631,0.0361,0.0008,Fresh,0.9795,0.9795,0.0163,0.0042,Fresh,0.9958,0.9958,0.0037,0.0005
D:\ML Project Freshness Detection\AgriFreshNET Freshness and Shelf-Life Image Datase\AgriFreshNET Freshness and Shelf-Life Image Datase\Processed Data\Processed Data\Rotten eggplant(8-15)\aug_368_IMG_20251118_165252874_HDR.jpg,Eggplant,2,Rotten,Rotten,0.9837,0.011,0.0054,0.9837,Rotten,0.9977,0.0005,0.0019,0.9977,Rotten,0.9888,0.0014,0.0098,0.9888,Rotten,0.9988,0.0004,0.0008,0.9988,Rotten,0.9997,0.0001,0.0002,0.9997
D:\ML Project Freshness Detection\AgriFreshNET Freshness and Shelf-Life Image Datase\AgriFreshNET Freshness and Shelf-Life Image Datase\Processed Data\Processed Data\Fresh Cucumber(1-6)\IMG_20260114_010355.jpg,Cucumber,0,Fresh,Fresh,0.9463,0.9463,0.0536,0.0001,Fresh,0.9964,0.9964,0.0034,0.0003,Fresh,0.9942,0.9942,0.0055,0.0003,Fresh,0.9916,0.9916,0.0081,0.0003,Fresh,0.997,0.997,0.0027,0.0003
D:\ML Project Freshness Detection\AgriFreshNET Freshness and Shelf-Life Image Datase\AgriFreshNET Freshness and Shelf-Life Image Datase\Processed Data\Processed Data\Rotten Tomato(24-35)\aug_10_IMG-20260207-WA0026.jpg,Tomato,2,Rotten,Rotten,0.996,0.0013,0.0028,0.996,Rotten,0.9997,0.0001,0.0002,0.9997,Rotten,0.9957,0.0017,0.0026,0.9957,Rotten,0.9989,0.0004,0.0007,0.9989,Rotten,0.9993,0.0003,0.0004,0.9993
D:\ML Project Freshness Detection\AgriFreshNET Freshness and Shelf-Life Image Datase\AgriFreshNET Freshness and Shelf-Life Image Datase\Processed Data\Processed Data\Fresh eggplant(1-4)\aug_209_IMG_20251119_195952857_HDR.jpg,Eggplant,0,Fresh,Fresh,0.6963,0.6963,0.3032,0.0004,Fresh,0.8976,0.8976,0.1002,0.0022,Fresh,0.9912,0.9912,0.0084,0.0004,Fresh,0.9722,0.9722,0.0236,0.0042,Fresh,0.9913,0.9913,0.0084,0.0004
D:\ML Project Freshness Detection\AgriFreshNET Freshness and Shelf-Life Image Datase\AgriFreshNET Freshness and Shelf-Life Image Datase\Processed Data\Processed Data\Rotten Tomato(24-35)\IMG_20260124_112759186_HDR_AE.jpg,Tomato,2,Rotten,Rotten,0.9535,0.0046,0.0418,0.9535,Rotten,0.9829,0.0047,0.0124,0.9829,Rotten,0.9998,0.0001,0.0001,0.9998,Rotten,0.9987,0.0002,0.0011,0.9987,Rotten,0.9995,0.0002,0.0003,0.9995
D:\ML Project Freshness Detection\AgriFreshNET Freshness and Shelf-Life Image Datase\AgriFreshNET Freshness and Shelf-Life Image Datase\Processed Data\Processed Data\Rotten Bittermelon(5-8)\aug_290_IMG_20251202_020035.jpg,Bittermelon,2,Rotten,Rotten,0.9963,0.0012,0.0025,0.9963,Rotten,0.9966,0.0008,0.0026,0.9966,Rotten,0.9996,0.0001,0.0003,0.9996,Rotten,0.99,0.0052,0.0048,0.99,Rotten,0.9989,0.0002,0.0009,0.9989
D:\ML Project Freshness Detection\AgriFreshNET Freshness and Shelf-Life Image Datase\AgriFreshNET Freshness and Shelf-Life Image Datase\Processed Data\Processed Data\Fresh Tomato(1-10)\IMG_20251124_192022570_HDR.jpg,Tomato,0,Fresh,Fresh,0.915,0.915,0.0846,0.0004,Fresh,0.9948,0.9948,0.005,0.0001,Fresh,0.9977,0.9977,0.0021,0.0002,Fresh,0.9992,0.9992,0.0006,0.0001,Fresh,0.9994,0.9994,0.0005,0.0001
D:\ML Project Freshness Detection\AgriFreshNET Freshness and Shelf-Life Image Datase\AgriFreshNET Freshness and Shelf-Life Image Datase\Processed Data\Processed Data\Fresh eggplant(1-4)\aug_51_IMG_20251120_201455711_HDR.jpg,Eggplant,0,Fresh,Fresh,0.7658,0.7658,0.2299,0.0043,Fresh,0.9003,0.9003,0.0985,0.0011,Fresh,0.991,0.991,0.009,0.0,Fresh,0.9885,0.9885,0.0102,0.0013,Fresh,0.9986,0.9986,0.0012,0.0002
D:\ML Project Freshness Detection\AgriFreshNET Freshness and Shelf-Life Image Datase\AgriFreshNET Freshness and Shelf-Life Image Datase\Processed Data\Processed Data\Rotten Papaya(7-12)\IMG_20260123_013656_1.jpg,Papaya,2,Rotten,Semi-Fresh,0.5046,0.0231,0.5046,0.4723,Rotten,0.7402,0.0055,0.2543,0.7402,Rotten,0.9924,0.001,0.0066,0.9924,Rotten,0.9271,0.0046,0.0682,0.9271,Rotten,0.9763,0.0048,0.019,0.9763
D:\ML Project Freshness Detection\AgriFreshNET Freshness and Shelf-Life Image Datase\AgriFreshNET Freshness and Shelf-Life Image Datase\Processed Data\Processed Data\Semi fresh banana(4-7)\IMG_20251124_191132980_HDR.jpg,Banana,1,Semi-Fresh,Semi-Fresh,0.9314,0.0504,0.9314,0.0183,Semi-Fresh,0.9625,0.0207,0.9625,0.0168,Semi-Fresh,0.9824,0.0073,0.9824,0.0103,Semi-Fresh,0.9458,0.0164,0.9458,0.0378,Semi-Fresh,0.9981,0.0005,0.9981,0.0014
D:\ML Project Freshness Detection\AgriFreshNET Freshness and Shelf-Life Image Datase\AgriFreshNET Freshness and Shelf-Life Image Datase\Processed Data\Processed Data\Semi fresh Pineapple (15-25)\aug_145_IMG_20251121_144720059_HDR_AE.jpg,Pineapple,1,Semi-Fresh,Semi-Fresh,0.6657,0.3314,0.6657,0.0029,Semi-Fresh,0.9093,0.0776,0.9093,0.0131,Semi-Fresh,0.9751,0.0244,0.9751,0.0006,Semi-Fresh,0.9932,0.0053,0.9932,0.0014,Semi-Fresh,0.9957,0.0026,0.9957,0.0017
D:\ML Project Freshness Detection\AgriFreshNET Freshness and Shelf-Life Image Datase\AgriFreshNET Freshness and Shelf-Life Image Datase\Processed Data\Processed Data\Semi_Fresh eggplant(4-8)\aug_257_IMG_20251126_193610543_HDR.jpg,Eggplant,1,Semi-Fresh,Semi-Fresh,0.7096,0.2837,0.7096,0.0067,Semi-Fresh,0.9511,0.0377,0.9511,0.0112,Semi-Fresh,0.7866,0.2099,0.7866,0.0035,Semi-Fresh,0.9835,0.0074,0.9835,0.009,Semi-Fresh,0.9896,0.0019,0.9896,0.0085
D:\ML Project Freshness Detection\AgriFreshNET Freshness and Shelf-Life Image Datase\AgriFreshNET Freshness and Shelf-Life Image Datase\Processed Data\Processed Data\Semi fresh Tomato(10-24)\aug_73_IMG_20251125_211333282_HDR.jpg,Tomato,1,Semi-Fresh,Semi-Fresh,0.7669,0.1594,0.7669,0.0737,Semi-Fresh,0.9251,0.0558,0.9251,0.0191,Semi-Fresh,0.9587,0.0403,0.9587,0.001,Semi-Fresh,0.996,0.0024,0.996,0.0016,Semi-Fresh,0.7645,0.2307,0.7645,0.0048
D:\ML Project Freshness Detection\AgriFreshNET Freshness and Shelf-Life Image Datase\AgriFreshNET Freshness and Shelf-Life Image Datase\Processed Data\Processed Data\Fresh Tomato(1-10)\IMG_20260120_095816793_HDR_AE.jpg,Tomato,0,Fresh,Fresh,0.6893,0.6893,0.2784,0.0323,Fresh,0.8441,0.8441,0.0396,0.1163,Fresh,0.9955,0.9955,0.004,0.0005,Fresh,0.9901,0.9901,0.008,0.0019,Fresh,0.9737,0.9737,0.0226,0.0037
D:\ML Project Freshness Detection\AgriFreshNET Freshness and Shelf-Life Image Datase\AgriFreshNET Freshness and Shelf-Life Image Datase\Processed Data\Processed Data\Semi Fresh Papaya(4-7)\aug_117_IMG_20251124_022533.jpg,Papaya,1,Semi-Fresh,Fresh,0.8423,0.8423,0.1572,0.0005,Semi-Fresh,0.959,0.0393,0.959,0.0017,Semi-Fresh,0.9958,0.0038,0.9958,0.0004,Semi-Fresh,0.9978,0.0014,0.9978,0.0007,Semi-Fresh,0.9968,0.0024,0.9968,0.0008
D:\ML Project Freshness Detection\AgriFreshNET Freshness and Shelf-Life Image Datase\AgriFreshNET Freshness and Shelf-Life Image Datase\Processed Data\Processed Data\Semi Fresh Papaya(4-7)\aug_497_IMG_20260125_005113.jpg,Papaya,1,Semi-Fresh,Semi-Fresh,0.5684,0.3137,0.5684,0.1179,Semi-Fresh,0.9713,0.0281,0.9713,0.0006,Semi-Fresh,0.9707,0.0205,0.9707,0.0088,Semi-Fresh,0.9887,0.0071,0.9887,0.0043,Semi-Fresh,0.9989,0.0006,0.9989,0.0005
D:\ML Project Freshness Detection\AgriFreshNET Freshness and Shelf-Life Image Datase\AgriFreshNET Freshness and Shelf-Life Image Datase\Processed Data\Processed Data\Semi Fresh Cucumber(6-12)\aug_339_IMG_20260212_155551.jpg,Cucumber,1,Semi-Fresh,Semi-Fresh,0.9817,0.0183,0.9817,0.0001,Semi-Fresh,0.9986,0.0007,0.9986,0.0008,Semi-Fresh,0.998,0.002,0.998,0.0,Semi-Fresh,0.9996,0.0002,0.9996,0.0002,Semi-Fresh,0.9995,0.0004,0.9995,0.0001
D:\ML Project Freshness Detection\AgriFreshNET Freshness and Shelf-Life Image Datase\AgriFreshNET Freshness and Shelf-Life Image Datase\Processed Data\Processed Data\Rotten eggplant(8-15)\aug_338_IMG_20251122_210814316_HDR.jpg,Eggplant,2,Rotten,Rotten,0.9746,0.0043,0.021,0.9746,Rotten,0.9946,0.0011,0.0043,0.9946,Rotten,0.9998,0.0002,0.0001,0.9998,Rotten,0.9984,0.0007,0.0009,0.9984,Rotten,0.9994,0.0001,0.0006,0.9994
D:\ML Project Freshness Detection\AgriFreshNET Freshness and Shelf-Life Image Datase\AgriFreshNET Freshness and Shelf-Life Image Datase\Processed Data\Processed Data\Semi fresh Pineapple (15-25)\aug_215_IMG_20251119_202540220_HDR.jpg,Pineapple,1,Semi-Fresh,Fresh,0.5624,0.5624,0.3706,0.067,Semi-Fresh,0.5722,0.2483,0.5722,0.1795,Semi-Fresh,0.9774,0.0092,0.9774,0.0134,Semi-Fresh,0.9166,0.0719,0.9166,0.0115,Semi-Fresh,0.9644,0.0093,0.9644,0.0263
D:\ML Project Freshness Detection\AgriFreshNET Freshness and Shelf-Life Image Datase\AgriFreshNET Freshness and Shelf-Life Image Datase\Processed Data\Processed Data\Semi_Fresh eggplant(4-8)\IMG_20251123_110414319_HDR_AE.jpg,Eggplant,1,Semi-Fresh,Fresh,0.6823,0.6823,0.2223,0.0954,Semi-Fresh,0.8517,0.1457,0.8517,0.0026,Semi-Fresh,0.9522,0.0355,0.9522,0.0123,Semi-Fresh,0.9811,0.0082,0.9811,0.0107,Semi-Fresh,0.9968,0.0028,0.9968,0.0004
D:\ML Project Freshness Detection\AgriFreshNET Freshness and Shelf-Life Image Datase\AgriFreshNET Freshness and Shelf-Life Image Datase\Processed Data\Processed Data\Fresh Orange(1-9)\aug_34_IMG-20251121-WA0005.jpg,Orange,0,Fresh,Fresh,0.8372,0.8372,0.1624,0.0004,Fresh,0.9664,0.9664,0.0332,0.0005,Fresh,0.9931,0.9931,0.0066,0.0003,Fresh,0.967,0.967,0.0316,0.0014,Fresh,0.9917,0.9917,0.0074,0.0009
D:\ML Project Freshness Detection\AgriFreshNET Freshness and Shelf-Life Image Datase\AgriFreshNET Freshness and Shelf-Life Image Datase\Processed Data\Processed Data\Rotten Cucumber(12-20)\aug_275_IMG_20251202_015425.jpg,Cucumber,2,Rotten,Rotten,0.9936,0.0012,0.0052,0.9936,Rotten,0.9876,0.0011,0.0112,0.9876,Rotten,0.9998,0.0,0.0001,0.9998,Rotten,0.9966,0.0015,0.002,0.9966,Rotten,0.9967,0.0005,0.0028,0.9967
D:\ML Project Freshness Detection\AgriFreshNET Freshness and Shelf-Life Image Datase\AgriFreshNET Freshness and Shelf-Life Image Datase\Processed Data\Processed Data\Fresh Banana(1-4)\IMG_20251104_131847912_HDR_AE.jpg,Banana,0,Fresh,Semi-Fresh,0.5198,0.4726,0.5198,0.0076,Fresh,0.8665,0.8665,0.1321,0.0014,Semi-Fresh,0.7331,0.258,0.7331,0.0088,Fresh,0.9531,0.9531,0.0363,0.0106,Fresh,0.9536,0.9536,0.0461,0.0002
D:\ML Project Freshness Detection\AgriFreshNET Freshness and Shelf-Life Image Datase\AgriFreshNET Freshness and Shelf-Life Image Datase\Processed Data\Processed Data\Fresh Banana(1-4)\aug_268_IMG_20251119_201248053_HDR.jpg,Banana,0,Fresh,Fresh,0.9744,0.9744,0.0254,0.0003,Fresh,0.9721,0.9721,0.0265,0.0014,Fresh,0.9775,0.9775,0.0221,0.0004,Fresh,0.977,0.977,0.0158,0.0072,Fresh,0.9996,0.9996,0.0003,0.0001
D:\ML Project Freshness Detection\AgriFreshNET Freshness and Shelf-Life Image Datase\AgriFreshNET Freshness and Shelf-Life Image Datase\Processed Data\Processed Data\Rotten Cucumber(12-20)\aug_107_IMG_20251202_015425.jpg,Cucumber,2,Rotten,Rotten,0.9942,0.0017,0.0041,0.9942,Rotten,0.9838,0.0022,0.014,0.9838,Rotten,0.9999,0.0,0.0001,0.9999,Rotten,0.9951,0.0024,0.0025,0.9951,Rotten,0.9964,0.0009,0.0027,0.9964
D:\ML Project Freshness Detection\AgriFreshNET Freshness and Shelf-Life Image Datase\AgriFreshNET Freshness and Shelf-Life Image Datase\Processed Data\Processed Data\Fresh pineapple(1-15)\IMG_20251102_081345249_HDR_AE.jpg,Pineapple,0,Fresh,Fresh,0.6214,0.6214,0.328,0.0506,Fresh,0.7018,0.7018,0.2932,0.005,Fresh,0.9917,0.9917,0.0064,0.0019,Fresh,0.9919,0.9919,0.0075,0.0006,Fresh,0.9937,0.9937,0.0054,0.0009
D:\ML Project Freshness Detection\AgriFreshNET Freshness and Shelf-Life Image Datase\AgriFreshNET Freshness and Shelf-Life Image Datase\Processed Data\Processed Data\Semi fresh Tomato(10-24)\IMG_20251123_222141801_HDR.jpg,Tomato,1,Semi-Fresh,Semi-Fresh,0.9066,0.0649,0.9066,0.0285,Semi-Fresh,0.9852,0.0029,0.9852,0.0119,Semi-Fresh,0.9976,0.0005,0.9976,0.0019,Semi-Fresh,0.9994,0.0002,0.9994,0.0004,Semi-Fresh,0.9996,0.0003,0.9996,0.0001
D:\ML Project Freshness Detection\AgriFreshNET Freshness and Shelf-Life Image Datase\AgriFreshNET Freshness and Shelf-Life Image Datase\Processed Data\Processed Data\Rotten Papaya(7-12)\IMG_20260202_032743.jpg,Papaya,2,Rotten,Rotten,0.5211,0.2065,0.2724,0.5211,Rotten,0.9947,0.0006,0.0047,0.9947,Rotten,0.9982,0.0001,0.0018,0.9982,Rotten,0.9964,0.0004,0.0033,0.9964,Rotten,0.9977,0.0001,0.0021,0.9977
D:\ML Project Freshness Detection\AgriFreshNET Freshness and Shelf-Life Image Datase\AgriFreshNET Freshness and Shelf-Life Image Datase\Processed Data\Processed Data\Fresh Cucumber(1-6)\aug_109_IMG_20260116_030118.jpg,Cucumber,0,Fresh,Fresh,0.9885,0.9885,0.0113,0.0001,Fresh,0.9835,0.9835,0.0132,0.0033,Fresh,0.9932,0.9932,0.0067,0.0001,Fresh,0.9798,0.9798,0.018,0.0023,Fresh,0.9866,0.9866,0.0123,0.0011
D:\ML Project Freshness Detection\AgriFreshNET Freshness and Shelf-Life Image Datase\AgriFreshNET Freshness and Shelf-Life Image Datase\Processed Data\Processed Data\Fresh Orange(1-9)\IMG-20251119-WA0015.jpg,Orange,0,Fresh,Semi-Fresh,0.5463,0.4372,0.5463,0.0165,Fresh,0.8432,0.8432,0.1558,0.0011,Fresh,0.9938,0.9938,0.006,0.0001,Fresh,0.8675,0.8675,0.1281,0.0044,Fresh,0.9812,0.9812,0.0173,0.0016
D:\ML Project Freshness Detection\AgriFreshNET Freshness and Shelf-Life Image Datase\AgriFreshNET Freshness and Shelf-Life Image Datase\Processed Data\Processed Data\Rotten Tomato(24-35)\aug_95_IMG-20260219-WA0015.jpg,Tomato,2,Rotten,Rotten,0.971,0.0162,0.0128,0.971,Rotten,0.9927,0.0018,0.0055,0.9927,Rotten,0.9982,0.0,0.0018,0.9982,Rotten,0.9996,0.0001,0.0003,0.9996,Rotten,0.9978,0.0002,0.002,0.9978
D:\ML Project Freshness Detection\AgriFreshNET Freshness and Shelf-Life Image Datase\AgriFreshNET Freshness and Shelf-Life Image Datase\Processed Data\Processed Data\Rotten Orange(20-35)\aug_109_IMG-20260130-WA0101.jpg,Orange,2,Rotten,Rotten,0.9894,0.0,0.0105,0.9894,Rotten,0.9952,0.0003,0.0046,0.9952,Rotten,0.9999,0.0,0.0001,0.9999,Rotten,0.9975,0.0009,0.0016,0.9975,Rotten,0.9997,0.0001,0.0003,0.9997
D:\ML Project Freshness Detection\AgriFreshNET Freshness and Shelf-Life Image Datase\AgriFreshNET Freshness and Shelf-Life Image Datase\Processed Data\Processed Data\Semi fresh Orange(9-20)\aug_2_IMG_20251112_113056499_HDR_AE.jpg,Orange,1,Semi-Fresh,Semi-Fresh,0.8501,0.1451,0.8501,0.0049,Semi-Fresh,0.9759,0.0238,0.9759,0.0004,Semi-Fresh,0.9357,0.0641,0.9357,0.0001,Semi-Fresh,0.9789,0.0203,0.9789,0.0009,Semi-Fresh,0.9784,0.0214,0.9784,0.0003
D:\ML Project Freshness Detection\AgriFreshNET Freshness and Shelf-Life Image Datase\AgriFreshNET Freshness and Shelf-Life Image Datase\Processed Data\Processed Data\Rotten banana(7-13)\aug_14_IMG_20251130_175702303_HDR.jpg,Banana,2,Rotten,Rotten,0.9922,0.0011,0.0068,0.9922,Rotten,0.9989,0.0001,0.0011,0.9989,Rotten,0.9872,0.0003,0.0125,0.9872,Rotten,0.9923,0.0038,0.0039,0.9923,Rotten,0.9999,0.0,0.0001,0.9999
D:\ML Project Freshness Detection\AgriFreshNET Freshness and Shelf-Life Image Datase\AgriFreshNET Freshness and Shelf-Life Image Datase\Processed Data\Processed Data\Fresh Tomato(1-10)\IMG_20251124_192517128_HDR.jpg,Tomato,0,Fresh,Fresh,0.8731,0.8731,0.1244,0.0025,Fresh,0.9553,0.9553,0.0352,0.0095,Fresh,0.99,0.99,0.009,0.001,Fresh,0.9976,0.9976,0.0019,0.0005,Fresh,0.997,0.997,0.0023,0.0007
D:\ML Project Freshness Detection\AgriFreshNET Freshness and Shelf-Life Image Datase\AgriFreshNET Freshness and Shelf-Life Image Datase\Processed Data\Processed Data\Semi Fresh Bittermelon ( 3-5)\aug_429_IMG_20260116_025858.jpg,Bittermelon,1,Semi-Fresh,Semi-Fresh,0.8993,0.029,0.8993,0.0717,Semi-Fresh,0.8768,0.0013,0.8768,0.1219,Semi-Fresh,0.9923,0.0029,0.9923,0.0047,Semi-Fresh,0.9864,0.0009,0.9864,0.0127,Semi-Fresh,0.9994,0.0002,0.9994,0.0004
D:\ML Project Freshness Detection\AgriFreshNET Freshness and Shelf-Life Image Datase\AgriFreshNET Freshness and Shelf-Life Image Datase\Processed Data\Processed Data\Rotten Bittermelon(5-8)\IMG_20251202_020038.jpg,Bittermelon,2,Rotten,Rotten,0.9968,0.0008,0.0024,0.9968,Rotten,0.9994,0.0002,0.0004,0.9994,Rotten,1.0,0.0,0.0,1.0,Rotten,0.9959,0.002,0.0021,0.9959,Rotten,0.9996,0.0001,0.0003,0.9996
D:\ML Project Freshness Detection\AgriFreshNET Freshness and Shelf-Life Image Datase\AgriFreshNET Freshness and Shelf-Life Image Datase\Processed Data\Processed Data\Rotten Papaya(7-12)\aug_145_IMG_20260130_163539.jpg,Papaya,2,Rotten,Rotten,0.9982,0.0002,0.0016,0.9982,Rotten,0.9998,0.0,0.0002,0.9998,Rotten,1.0,0.0,0.0,1.0,Rotten,0.9997,0.0001,0.0002,0.9997,Rotten,0.9995,0.0001,0.0004,0.9995
D:\ML Project Freshness Detection\AgriFreshNET Freshness and Shelf-Life Image Datase\AgriFreshNET Freshness and Shelf-Life Image Datase\Processed Data\Processed Data\Rotten banana(7-13)\IMG_20260128_095224313_HDR_AE.jpg,Banana,2,Rotten,Rotten,0.9717,0.0028,0.0255,0.9717,Rotten,0.984,0.001,0.015,0.984,Rotten,0.9796,0.0014,0.0189,0.9796,Rotten,0.9957,0.0016,0.0027,0.9957,Rotten,0.999,0.0001,0.0009,0.999
D:\ML Project Freshness Detection\AgriFreshNET Freshness and Shelf-Life Image Datase\AgriFreshNET Freshness and Shelf-Life Image Datase\Processed Data\Processed Data\Rotten Pineapple(25-35)\aug_284_IMG-20260128-WA0044.jpg,Pineapple,2,Rotten,Semi-Fresh,0.6649,0.0151,0.6649,0.32,Rotten,0.8278,0.005,0.1672,0.8278,Rotten,0.9766,0.0001,0.0234,0.9766,Rotten,0.9774,0.0029,0.0197,0.9774,Rotten,0.9978,0.0003,0.0018,0.9978
D:\ML Project Freshness Detection\AgriFreshNET Freshness and Shelf-Life Image Datase\AgriFreshNET Freshness and Shelf-Life Image Datase\Processed Data\Processed Data\Fresh eggplant(1-4)\IMG_20251120_202130522_HDR.jpg,Eggplant,0,Fresh,Fresh,0.8106,0.8106,0.1888,0.0006,Fresh,0.6681,0.6681,0.326,0.0059,Fresh,0.9909,0.9909,0.0085,0.0006,Fresh,0.7813,0.7813,0.1974,0.0213,Fresh,0.8591,0.8591,0.134,0.0069
D:\ML Project Freshness Detection\AgriFreshNET Freshness and Shelf-Life Image Datase\AgriFreshNET Freshness and Shelf-Life Image Datase\Processed Data\Processed Data\Fresh Cucumber(1-6)\aug_379_IMG_20260114_005508.jpg,Cucumber,0,Fresh,Fresh,0.8039,0.8039,0.1854,0.0107,Fresh,0.9567,0.9567,0.0432,0.0001,Fresh,0.9322,0.9322,0.0657,0.0021,Fresh,0.9928,0.9928,0.007,0.0002,Fresh,0.9962,0.9962,0.0034,0.0004
D:\ML Project Freshness Detection\AgriFreshNET Freshness and Shelf-Life Image Datase\AgriFreshNET Freshness and Shelf-Life Image Datase\Processed Data\Processed Data\Rotten Cucumber(12-20)\aug_29_IMG_20260202_032701.jpg,Cucumber,2,Rotten,Rotten,0.9758,0.0005,0.0237,0.9758,Rotten,0.9989,0.0,0.0011,0.9989,Rotten,0.993,0.0001,0.0069,0.993,Rotten,0.9925,0.0006,0.0069,0.9925,Rotten,0.9978,0.0003,0.002,0.9978
D:\ML Project Freshness Detection\AgriFreshNET Freshness and Shelf-Life Image Datase\AgriFreshNET Freshness and Shelf-Life Image Datase\Processed Data\Processed Data\Semi fresh Tomato(10-24)\IMG_20251127_193228451_HDR.jpg,Tomato,1,Semi-Fresh,Semi-Fresh,0.8151,0.0363,0.8151,0.1486,Semi-Fresh,0.9522,0.0006,0.9522,0.0472,Semi-Fresh,0.9971,0.0006,0.9971,0.0024,Semi-Fresh,0.9886,0.0008,0.9886,0.0106,Semi-Fresh,0.9975,0.0007,0.9975,0.0017
D:\ML Project Freshness Detection\AgriFreshNET Freshness and Shelf-Life Image Datase\AgriFreshNET Freshness and Shelf-Life Image Datase\Processed Data\Processed Data\Fresh Banana(1-4)\IMG_20251104_131700306_HDR_AE~4.jpg,Banana,0,Fresh,Fresh,0.7006,0.7006,0.293,0.0064,Fresh,0.6407,0.6407,0.356,0.0032,Fresh,0.8634,0.8634,0.1357,0.0009,Fresh,0.8891,0.8891,0.1088,0.0022,Fresh,0.9812,0.9812,0.0184,0.0003
D:\ML Project Freshness Detection\AgriFreshNET Freshness and Shelf-Life Image Datase\AgriFreshNET Freshness and Shelf-Life Image Datase\Processed Data\Processed Data\Rotten Orange(20-35)\aug_208_IMG-20260128-WA0014.jpg,Orange,2,Rotten,Rotten,0.9969,0.0,0.003,0.9969,Rotten,0.9952,0.0001,0.0047,0.9952,Rotten,0.9998,0.0,0.0002,0.9998,Rotten,0.9986,0.0005,0.0009,0.9986,Rotten,0.9999,0.0,0.0001,0.9999
D:\ML Project Freshness Detection\AgriFreshNET Freshness and Shelf-Life Image Datase\AgriFreshNET Freshness and Shelf-Life Image Datase\Processed Data\Processed Data\Semi Fresh Bittermelon ( 3-5)\aug_83_IMG_20260116_025906.jpg,Bittermelon,1,Semi-Fresh,Semi-Fresh,0.885,0.016,0.885,0.099,Semi-Fresh,0.9952,0.0004,0.9952,0.0044,Semi-Fresh,0.9992,0.0001,0.9992,0.0007,Semi-Fresh,0.9968,0.0024,0.9968,0.0008,Semi-Fresh,0.9982,0.0001,0.9982,0.0017
D:\ML Project Freshness Detection\AgriFreshNET Freshness and Shelf-Life Image Datase\AgriFreshNET Freshness and Shelf-Life Image Datase\Processed Data\Processed Data\Semi fresh Tomato(10-24)\IMG_20251120_204538502_HDR.jpg,Tomato,1,Semi-Fresh,Semi-Fresh,0.7887,0.21,0.7887,0.0013,Semi-Fresh,0.9434,0.0422,0.9434,0.0144,Semi-Fresh,0.9921,0.0077,0.9921,0.0002,Semi-Fresh,0.9938,0.0048,0.9938,0.0014,Semi-Fresh,0.9955,0.0032,0.9955,0.0013
D:\ML Project Freshness Detection\AgriFreshNET Freshness and Shelf-Life Image Datase\AgriFreshNET Freshness and Shelf-Life Image Datase\Processed Data\Processed Data\Semi fresh banana(4-7)\aug_238_IMG_20251122_112545956_HDR_AE.jpg,Banana,1,Semi-Fresh,Semi-Fresh,0.8525,0.1165,0.8525,0.031,Semi-Fresh,0.8546,0.0863,0.8546,0.0591,Semi-Fresh,0.8241,0.1362,0.8241,0.0398,Semi-Fresh,0.9723,0.0188,0.9723,0.0089,Semi-Fresh,0.976,0.0235,0.976,0.0005
D:\ML Project Freshness Detection\AgriFreshNET Freshness and Shelf-Life Image Datase\AgriFreshNET Freshness and Shelf-Life Image Datase\Processed Data\Processed Data\Semi Fresh Bittermelon ( 3-5)\aug_455_IMG_20251123_013131.jpg,Bittermelon,1,Semi-Fresh,Semi-Fresh,0.8608,0.1383,0.8608,0.0009,Semi-Fresh,0.9684,0.0234,0.9684,0.0082,Semi-Fresh,0.9875,0.0015,0.9875,0.011,Semi-Fresh,0.9954,0.0005,0.9954,0.0041,Semi-Fresh,0.9983,0.0009,0.9983,0.0007
D:\ML Project Freshness Detection\AgriFreshNET Freshness and Shelf-Life Image Datase\AgriFreshNET Freshness and Shelf-Life Image Datase\Processed Data\Processed Data\Rotten Cucumber(12-20)\IMG_20251202_015503.jpg,Cucumber,2,Rotten,Rotten,0.9886,0.0036,0.0078,0.9886,Rotten,0.9867,0.0011,0.0123,0.9867,Rotten,0.9998,0.0,0.0002,0.9998,Rotten,0.9928,0.0029,0.0043,0.9928,Rotten,0.9875,0.0014,0.0111,0.9875
D:\ML Project Freshness Detection\AgriFreshNET Freshness and Shelf-Life Image Datase\AgriFreshNET Freshness and Shelf-Life Image Datase\Processed Data\Processed Data\Semi_Fresh eggplant(4-8)\aug_152_IMG_20251201_190521890_HDR.jpg,Eggplant,1,Semi-Fresh,Semi-Fresh,0.8891,0.1103,0.8891,0.0006,Semi-Fresh,0.9866,0.0121,0.9866,0.0012,Semi-Fresh,0.9925,0.006,0.9925,0.0015,Semi-Fresh,0.9931,0.0017,0.9931,0.0052,Semi-Fresh,0.9991,0.0006,0.9991,0.0003
D:\ML Project Freshness Detection\AgriFreshNET Freshness and Shelf-Life Image Datase\AgriFreshNET Freshness and Shelf-Life Image Datase\Processed Data\Processed Data\Semi Fresh Cucumber(6-12)\aug_17_IMG_20251117_160445.jpg,Cucumber,1,Semi-Fresh,Rotten,0.6352,0.0737,0.2911,0.6352,Semi-Fresh,0.6848,0.0119,0.6848,0.3033,Semi-Fresh,0.8195,0.0004,0.8195,0.1801,Semi-Fresh,0.9671,0.0008,0.9671,0.0321,Semi-Fresh,0.8898,0.0024,0.8898,0.1079
D:\ML Project Freshness Detection\AgriFreshNET Freshness and Shelf-Life Image Datase\AgriFreshNET Freshness and Shelf-Life Image Datase\Processed Data\Processed Data\Fresh pineapple(1-15)\aug_186_IMG-20251127-WA0031.jpg,Pineapple,0,Fresh,Fresh,0.9973,0.9973,0.0026,0.0001,Fresh,0.9962,0.9962,0.0034,0.0004,Fresh,0.999,0.999,0.001,0.0,Fresh,0.999,0.999,0.0009,0.0001,Fresh,0.9995,0.9995,0.0004,0.0001
D:\ML Project Freshness Detection\AgriFreshNET Freshness and Shelf-Life Image Datase\AgriFreshNET Freshness and Shelf-Life Image Datase\Processed Data\Processed Data\Semi_Fresh eggplant(4-8)\IMG_20251201_190441397_HDR.jpg,Eggplant,1,Semi-Fresh,Semi-Fresh,0.9293,0.0666,0.9293,0.0041,Semi-Fresh,0.9366,0.0417,0.9366,0.0217,Semi-Fresh,0.8804,0.1159,0.8804,0.0037,Semi-Fresh,0.9968,0.0018,0.9968,0.0013,Semi-Fresh,0.9919,0.0065,0.9919,0.0016
D:\ML Project Freshness Detection\AgriFreshNET Freshness and Shelf-Life Image Datase\AgriFreshNET Freshness and Shelf-Life Image Datase\Processed Data\Processed Data\Fresh Tomato(1-10)\IMG_20251124_192141474_HDR.jpg,Tomato,0,Fresh,Fresh,0.9333,0.9333,0.066,0.0007,Fresh,0.9874,0.9874,0.0118,0.0009,Fresh,0.9979,0.9979,0.002,0.0001,Fresh,0.9971,0.9971,0.0026,0.0003,Fresh,0.9914,0.9914,0.0062,0.0024
D:\ML Project Freshness Detection\AgriFreshNET Freshness and Shelf-Life Image Datase\AgriFreshNET Freshness and Shelf-Life Image Datase\Processed Data\Processed Data\Rotten Orange(20-35)\aug_269_IMG-20251207-WA0000.jpg,Orange,2,Rotten,Rotten,0.8759,0.0452,0.0789,0.8759,Rotten,0.989,0.001,0.0101,0.989,Rotten,0.9975,0.0001,0.0024,0.9975,Rotten,0.9997,0.0001,0.0002,0.9997,Rotten,0.9971,0.001,0.0019,0.9971
D:\ML Project Freshness Detection\AgriFreshNET Freshness and Shelf-Life Image Datase\AgriFreshNET Freshness and Shelf-Life Image Datase\Processed Data\Processed Data\Rotten Cucumber(12-20)\aug_478_IMG_20251202_015503.jpg,Cucumber,2,Rotten,Rotten,0.9885,0.0041,0.0075,0.9885,Rotten,0.9834,0.0013,0.0153,0.9834,Rotten,0.9998,0.0,0.0002,0.9998,Rotten,0.9917,0.0034,0.0049,0.9917,Rotten,0.9866,0.0012,0.0123,0.9866
D:\ML Project Freshness Detection\AgriFreshNET Freshness and Shelf-Life Image Datase\AgriFreshNET Freshness and Shelf-Life Image Datase\Processed Data\Processed Data\Rotten Cucumber(12-20)\aug_84_IMG_20251123_012423.jpg,Cucumber,2,Rotten,Rotten,0.9893,0.0007,0.01,0.9893,Rotten,0.9909,0.0004,0.0087,0.9909,Rotten,0.9997,0.0,0.0003,0.9997,Rotten,0.9919,0.004,0.0041,0.9919,Rotten,0.9964,0.0007,0.0029,0.9964
D:\ML Project Freshness Detection\AgriFreshNET Freshness and Shelf-Life Image Datase\AgriFreshNET Freshness and Shelf-Life Image Datase\Processed Data\Processed Data\Fresh Tomato(1-10)\IMG_20251126_192504903_HDR.jpg,Tomato,0,Fresh,Fresh,0.4804,0.4804,0.3276,0.192,Fresh,0.934,0.934,0.0351,0.0309,Fresh,0.9411,0.9411,0.058,0.0009,Fresh,0.9244,0.9244,0.0653,0.0103,Fresh,0.9967,0.9967,0.0032,0.0001
D:\ML Project Freshness Detection\AgriFreshNET Freshness and Shelf-Life Image Datase\AgriFreshNET Freshness and Shelf-Life Image Datase\Processed Data\Processed Data\Rotten Cucumber(12-20)\aug_485_IMG_20251202_015533.jpg,Cucumber,2,Rotten,Rotten,0.9964,0.0013,0.0023,0.9964,Rotten,0.9888,0.0004,0.0108,0.9888,Rotten,0.9999,0.0,0.0001,0.9999,Rotten,0.9959,0.0015,0.0026,0.9959,Rotten,0.9939,0.0027,0.0034,0.9939
D:\ML Project Freshness Detection\AgriFreshNET Freshness and Shelf-Life Image Datase\AgriFreshNET Freshness and Shelf-Life Image Datase\Processed Data\Processed Data\Semi fresh Pineapple (15-25)\aug_239_IMG_20251117_141251940_HDR_AE.jpg,Pineapple,1,Semi-Fresh,Semi-Fresh,0.6988,0.2709,0.6988,0.0302,Semi-Fresh,0.908,0.087,0.908,0.005,Semi-Fresh,0.9136,0.0835,0.9136,0.0029,Semi-Fresh,0.999,0.0009,0.999,0.0001,Semi-Fresh,0.5703,0.428,0.5703,0.0017
D:\ML Project Freshness Detection\AgriFreshNET Freshness and Shelf-Life Image Datase\AgriFreshNET Freshness and Shelf-Life Image Datase\Processed Data\Processed Data\Semi fresh banana(4-7)\aug_202_IMG_20260121_230224738_HDR.jpg,Banana,1,Semi-Fresh,Semi-Fresh,0.7594,0.211,0.7594,0.0295,Semi-Fresh,0.9873,0.0095,0.9873,0.0033,Semi-Fresh,0.9889,0.008,0.9889,0.0031,Semi-Fresh,0.9733,0.0253,0.9733,0.0014,Semi-Fresh,0.9859,0.0137,0.9859,0.0003
D:\ML Project Freshness Detection\AgriFreshNET Freshness and Shelf-Life Image Datase\AgriFreshNET Freshness and Shelf-Life Image Datase\Processed Data\Processed Data\Rotten eggplant(8-15)\aug_218_IMG_20251119_200556291_HDR.jpg,Eggplant,2,Rotten,Rotten,0.996,0.0003,0.0037,0.996,Rotten,0.9959,0.0011,0.003,0.9959,Rotten,0.9999,0.0,0.0001,0.9999,Rotten,0.999,0.0003,0.0006,0.999,Rotten,0.9993,0.0002,0.0005,0.9993
D:\ML Project Freshness Detection\AgriFreshNET Freshness and Shelf-Life Image Datase\AgriFreshNET Freshness and Shelf-Life Image Datase\Processed Data\Processed Data\Fresh Banana(1-4)\IMG_20251103_192052151_HDR.jpg,Banana,0,Fresh,Semi-Fresh,0.8163,0.175,0.8163,0.0087,Semi-Fresh,0.5357,0.4551,0.5357,0.0093,Fresh,0.7954,0.7954,0.2026,0.002,Fresh,0.9884,0.9884,0.01,0.0016,Fresh,0.9653,0.9653,0.0286,0.0062
D:\ML Project Freshness Detection\AgriFreshNET Freshness and Shelf-Life Image Datase\AgriFreshNET Freshness and Shelf-Life Image Datase\Processed Data\Processed Data\Semi_Fresh eggplant(4-8)\IMG_20251111_142549108_HDR_AE.jpg,Eggplant,1,Semi-Fresh,Fresh,0.4551,0.4551,0.3322,0.2127,Semi-Fresh,0.6963,0.037,0.6963,0.2667,Fresh,0.6528,0.6528,0.2913,0.0559,Semi-Fresh,0.7301,0.2556,0.7301,0.0143,Rotten,0.49,0.2414,0.2686,0.49
D:\ML Project Freshness Detection\AgriFreshNET Freshness and Shelf-Life Image Datase\AgriFreshNET Freshness and Shelf-Life Image Datase\Processed Data\Processed Data\Rotten Pineapple(25-35)\aug_91_IMG-20260128-WA0039.jpg,Pineapple,2,Rotten,Rotten,0.9957,0.0007,0.0037,0.9957,Rotten,1.0,0.0,0.0,1.0,Rotten,0.9986,0.0001,0.0014,0.9986,Rotten,0.9985,0.0007,0.0008,0.9985,Rotten,0.9999,0.0,0.0001,0.9999
D:\ML Project Freshness Detection\AgriFreshNET Freshness and Shelf-Life Image Datase\AgriFreshNET Freshness and Shelf-Life Image Datase\Processed Data\Processed Data\Rotten Pineapple(25-35)\IMG-20251227-WA0036.jpg,Pineapple,2,Rotten,Rotten,0.9948,0.0002,0.005,0.9948,Rotten,0.9998,0.0002,0.0001,0.9998,Rotten,0.9998,0.0,0.0001,0.9998,Rotten,0.9999,0.0,0.0001,0.9999,Rotten,0.9998,0.0,0.0001,0.9998
D:\ML Project Freshness Detection\AgriFreshNET Freshness and Shelf-Life Image Datase\AgriFreshNET Freshness and Shelf-Life Image Datase\Processed Data\Processed Data\Semi Fresh Cucumber(6-12)\IMG_20260120_005125.jpg,Cucumber,1,Semi-Fresh,Semi-Fresh,0.8618,0.134,0.8618,0.0042,Semi-Fresh,0.9914,0.008,0.9914,0.0005,Semi-Fresh,0.9745,0.0236,0.9745,0.0018,Semi-Fresh,0.9968,0.0012,0.9968,0.0021,Semi-Fresh,0.9987,0.0003,0.9987,0.001
D:\ML Project Freshness Detection\AgriFreshNET Freshness and Shelf-Life Image Datase\AgriFreshNET Freshness and Shelf-Life Image Datase\Processed Data\Processed Data\Rotten banana(7-13)\aug_33_IMG_20251113_123338760_HDR_AE.jpg,Banana,2,Rotten,Rotten,0.9923,0.0006,0.0071,0.9923,Rotten,0.9977,0.0004,0.0019,0.9977,Rotten,0.9989,0.0004,0.0007,0.9989,Rotten,0.9976,0.0005,0.0019,0.9976,Rotten,0.9998,0.0001,0.0002,0.9998
D:\ML Project Freshness Detection\AgriFreshNET Freshness and Shelf-Life Image Datase\AgriFreshNET Freshness and Shelf-Life Image Datase\Processed Data\Processed Data\Fresh Bittermelon(1-3)\aug_22_IMG_20260114_005335.jpg,Bittermelon,0,Fresh,Fresh,0.9693,0.9693,0.0282,0.0025,Fresh,0.9985,0.9985,0.0014,0.0001,Fresh,0.9997,0.9997,0.0002,0.0001,Fresh,0.997,0.997,0.0019,0.0011,Fresh,0.9996,0.9996,0.0002,0.0002
D:\ML Project Freshness Detection\AgriFreshNET Freshness and Shelf-Life Image Datase\AgriFreshNET Freshness and Shelf-Life Image Datase\Processed Data\Processed Data\Rotten Bittermelon(5-8)\aug_72_IMG_20260125_005712.jpg,Bittermelon,2,Rotten,Rotten,0.8744,0.0002,0.1254,0.8744,Rotten,0.9959,0.0001,0.0041,0.9959,Rotten,0.9391,0.0001,0.0607,0.9391,Rotten,0.9969,0.0005,0.0026,0.9969,Rotten,0.9992,0.0001,0.0007,0.9992
D:\ML Project Freshness Detection\AgriFreshNET Freshness and Shelf-Life Image Datase\AgriFreshNET Freshness and Shelf-Life Image Datase\Processed Data\Processed Data\Semi fresh Tomato(10-24)\aug_65_IMG_20251124_191610762_HDR.jpg,Tomato,1,Semi-Fresh,Semi-Fresh,0.9322,0.0284,0.9322,0.0394,Semi-Fresh,0.9786,0.0037,0.9786,0.0178,Semi-Fresh,0.9927,0.0022,0.9927,0.0051,Semi-Fresh,0.9929,0.0014,0.9929,0.0057,Semi-Fresh,0.9967,0.0006,0.9967,0.0027
D:\ML Project Freshness Detection\AgriFreshNET Freshness and Shelf-Life Image Datase\AgriFreshNET Freshness and Shelf-Life Image Datase\Processed Data\Processed Data\Semi fresh Orange(9-20)\aug_123_IMG-20251130-WA0031.jpg,Orange,1,Semi-Fresh,Semi-Fresh,0.9381,0.0515,0.9381,0.0103,Semi-Fresh,0.9939,0.0014,0.9939,0.0047,Semi-Fresh,0.9851,0.0032,0.9851,0.0117,Semi-Fresh,0.9916,0.0051,0.9916,0.0033,Semi-Fresh,0.993,0.0067,0.993,0.0003
D:\ML Project Freshness Detection\AgriFreshNET Freshness and Shelf-Life Image Datase\AgriFreshNET Freshness and Shelf-Life Image Datase\Processed Data\Processed Data\Rotten banana(7-13)\aug_109_IMG_20251125_210121879_HDR.jpg,Banana,2,Rotten,Semi-Fresh,0.5445,0.088,0.5445,0.3675,Rotten,0.7986,0.014,0.1875,0.7986,Rotten,0.8406,0.0044,0.155,0.8406,Rotten,0.9946,0.0009,0.0045,0.9946,Rotten,0.9856,0.0008,0.0136,0.9856
D:\ML Project Freshness Detection\AgriFreshNET Freshness and Shelf-Life Image Datase\AgriFreshNET Freshness and Shelf-Life Image Datase\Processed Data\Processed Data\Fresh Cucumber(1-6)\aug_165_IMG_20251103_090442.jpg,Cucumber,0,Fresh,Fresh,0.6473,0.6473,0.204,0.1487,Fresh,0.5248,0.5248,0.4503,0.0249,Fresh,0.7508,0.7508,0.1484,0.1008,Fresh,0.8595,0.8595,0.1191,0.0214,Fresh,0.9728,0.9728,0.0237,0.0035
D:\ML Project Freshness Detection\AgriFreshNET Freshness and Shelf-Life Image Datase\AgriFreshNET Freshness and Shelf-Life Image Datase\Processed Data\Processed Data\Rotten Cucumber(12-20)\aug_68_IMG_20251121_080615.jpg,Cucumber,2,Rotten,Rotten,0.9409,0.0158,0.0433,0.9409,Rotten,0.9765,0.0004,0.0231,0.9765,Rotten,0.9947,0.0,0.0053,0.9947,Rotten,0.9956,0.0004,0.004,0.9956,Rotten,0.9985,0.0001,0.0015,0.9985
D:\ML Project Freshness Detection\AgriFreshNET Freshness and Shelf-Life Image Datase\AgriFreshNET Freshness and Shelf-Life Image Datase\Processed Data\Processed Data\Rotten Orange(20-35)\aug_299_IMG-20260128-WA0006.jpg,Orange,2,Rotten,Rotten,0.9938,0.0001,0.0062,0.9938,Rotten,0.9997,0.0,0.0003,0.9997,Rotten,1.0,0.0,0.0,1.0,Rotten,0.9984,0.0005,0.0011,0.9984,Rotten,0.9999,0.0,0.0001,0.9999
D:\ML Project Freshness Detection\AgriFreshNET Freshness and Shelf-Life Image Datase\AgriFreshNET Freshness and Shelf-Life Image Datase\Processed Data\Processed Data\Fresh Papaya(1-4)\aug_289_IMG_20251123_012822.jpg,Papaya,0,Fresh,Fresh,0.5299,0.5299,0.4692,0.0009,Fresh,0.8383,0.8383,0.1611,0.0006,Fresh,0.9958,0.9958,0.0042,0.0,Fresh,0.9924,0.9924,0.0074,0.0002,Fresh,0.9663,0.9663,0.0331,0.0005
D:\ML Project Freshness Detection\AgriFreshNET Freshness and Shelf-Life Image Datase\AgriFreshNET Freshness and Shelf-Life Image Datase\Processed Data\Processed Data\Rotten Cucumber(12-20)\aug_383_IMG_20251202_015448.jpg,Cucumber,2,Rotten,Rotten,0.9931,0.0016,0.0053,0.9931,Rotten,0.9964,0.0003,0.0033,0.9964,Rotten,1.0,0.0,0.0,1.0,Rotten,0.9932,0.0034,0.0034,0.9932,Rotten,0.9995,0.0002,0.0004,0.9995
D:\ML Project Freshness Detection\AgriFreshNET Freshness and Shelf-Life Image Datase\AgriFreshNET Freshness and Shelf-Life Image Datase\Processed Data\Processed Data\Semi fresh banana(4-7)\aug_27_IMG_20251124_190912120_HDR.jpg,Banana,1,Semi-Fresh,Semi-Fresh,0.7232,0.0656,0.7232,0.2112,Semi-Fresh,0.8952,0.0064,0.8952,0.0984,Semi-Fresh,0.9115,0.0134,0.9115,0.0751,Semi-Fresh,0.7519,0.012,0.7519,0.2361,Semi-Fresh,0.9949,0.0013,0.9949,0.0038
D:\ML Project Freshness Detection\AgriFreshNET Freshness and Shelf-Life Image Datase\AgriFreshNET Freshness and Shelf-Life Image Datase\Processed Data\Processed Data\Semi fresh Tomato(10-24)\IMG_20251126_192029980_HDR.jpg,Tomato,1,Semi-Fresh,Semi-Fresh,0.5571,0.4234,0.5571,0.0195,Semi-Fresh,0.6601,0.3133,0.6601,0.0266,Semi-Fresh,0.8463,0.1513,0.8463,0.0024,Semi-Fresh,0.9965,0.0023,0.9965,0.0012,Semi-Fresh,0.8715,0.1269,0.8715,0.0016
D:\ML Project Freshness Detection\AgriFreshNET Freshness and Shelf-Life Image Datase\AgriFreshNET Freshness and Shelf-Life Image Datase\Processed Data\Processed Data\Rotten Papaya(7-12)\aug_97_IMG_20251202_021506.jpg,Papaya,2,Rotten,Rotten,0.9095,0.0021,0.0884,0.9095,Rotten,0.9602,0.0079,0.0319,0.9602,Rotten,0.7119,0.0071,0.281,0.7119,Rotten,0.9875,0.0011,0.0114,0.9875,Rotten,0.9989,0.0001,0.001,0.9989
D:\ML Project Freshness Detection\AgriFreshNET Freshness and Shelf-Life Image Datase\AgriFreshNET Freshness and Shelf-Life Image Datase\Processed Data\Processed Data\Fresh Cucumber(1-6)\aug_93_IMG_20260116_030047.jpg,Cucumber,0,Fresh,Fresh,0.974,0.974,0.0255,0.0005,Fresh,0.9963,0.9963,0.0028,0.0009,Fresh,0.9968,0.9968,0.0031,0.0001,Fresh,0.9743,0.9743,0.024,0.0017,Fresh,0.9934,0.9934,0.0059,0.0007
D:\ML Project Freshness Detection\AgriFreshNET Freshness and Shelf-Life Image Datase\AgriFreshNET Freshness and Shelf-Life Image Datase\Processed Data\Processed Data\Fresh Bittermelon(1-3)\IMG_20260114_010511.jpg,Bittermelon,0,Fresh,Fresh,0.9894,0.9894,0.0105,0.0001,Fresh,0.9981,0.9981,0.0018,0.0001,Fresh,0.9971,0.9971,0.0027,0.0002,Fresh,0.9987,0.9987,0.0011,0.0002,Fresh,0.9993,0.9993,0.0006,0.0001
D:\ML Project Freshness Detection\AgriFreshNET Freshness and Shelf-Life Image Datase\AgriFreshNET Freshness and Shelf-Life Image Datase\Processed Data\Processed Data\Semi fresh banana(4-7)\aug_254_IMG_20251122_112749778_HDR_AE.jpg,Banana,1,Semi-Fresh,Fresh,0.6451,0.6451,0.3369,0.018,Semi-Fresh,0.9036,0.0884,0.9036,0.008,Semi-Fresh,0.9159,0.0799,0.9159,0.0042,Semi-Fresh,0.9912,0.0069,0.9912,0.0019,Semi-Fresh,0.9857,0.014,0.9857,0.0003
D:\ML Project Freshness Detection\AgriFreshNET Freshness and Shelf-Life Image Datase\AgriFreshNET Freshness and Shelf-Life Image Datase\Processed Data\Processed Data\Fresh Orange(1-9)\aug_178_IMG-20251112-WA0008.jpg,Orange,0,Fresh,Fresh,0.7133,0.7133,0.216,0.0708,Fresh,0.8415,0.8415,0.15,0.0086,Fresh,0.9834,0.9834,0.0165,0.0001,Fresh,0.9478,0.9478,0.0486,0.0035,Fresh,0.93,0.93,0.0646,0.0054
D:\ML Project Freshness Detection\AgriFreshNET Freshness and Shelf-Life Image Datase\AgriFreshNET Freshness and Shelf-Life Image Datase\Processed Data\Processed Data\Rotten Pineapple(25-35)\IMG-20260128-WA0057.jpg,Pineapple,2,Rotten,Rotten,0.9938,0.0011,0.0051,0.9938,Rotten,0.9999,0.0,0.0,0.9999,Rotten,0.9998,0.0,0.0001,0.9998,Rotten,0.9993,0.0002,0.0004,0.9993,Rotten,0.9995,0.0002,0.0003,0.9995
D:\ML Project Freshness Detection\AgriFreshNET Freshness and Shelf-Life Image Datase\AgriFreshNET Freshness and Shelf-Life Image Datase\Processed Data\Processed Data\Rotten Cucumber(12-20)\aug_339_IMG_20251202_015434.jpg,Cucumber,2,Rotten,Rotten,0.9779,0.0061,0.0161,0.9779,Rotten,0.9953,0.0006,0.0041,0.9953,Rotten,0.9999,0.0,0.0001,0.9999,Rotten,0.989,0.0058,0.0052,0.989,Rotten,0.9988,0.0006,0.0006,0.9988
D:\ML Project Freshness Detection\AgriFreshNET Freshness and Shelf-Life Image Datase\AgriFreshNET Freshness and Shelf-Life Image Datase\Processed Data\Processed Data\Fresh eggplant(1-4)\aug_120_IMG_20251127_192956708_HDR.jpg,Eggplant,0,Fresh,Fresh,0.6795,0.6795,0.317,0.0034,Fresh,0.7587,0.7587,0.2373,0.004,Fresh,0.9931,0.9931,0.0066,0.0002,Fresh,0.942,0.942,0.0548,0.0032,Fresh,0.9619,0.9619,0.0367,0.0014
D:\ML Project Freshness Detection\AgriFreshNET Freshness and Shelf-Life Image Datase\AgriFreshNET Freshness and Shelf-Life Image Datase\Processed Data\Processed Data\Fresh pineapple(1-15)\aug_331_IMG-20251130-WA0007.jpg,Pineapple,0,Fresh,Semi-Fresh,0.4981,0.4828,0.4981,0.0191,Fresh,0.9885,0.9885,0.0113,0.0002,Fresh,0.9909,0.9909,0.0088,0.0002,Fresh,0.99,0.99,0.0092,0.0008,Fresh,0.9915,0.9915,0.0082,0.0003
D:\ML Project Freshness Detection\AgriFreshNET Freshness and Shelf-Life Image Datase\AgriFreshNET Freshness and Shelf-Life Image Datase\Processed Data\Processed Data\Fresh Banana(1-4)\aug_200_IMG_20251121_144216482_HDR_AE.jpg,Banana,0,Fresh,Semi-Fresh,0.5734,0.4099,0.5734,0.0167,Semi-Fresh,0.7153,0.2669,0.7153,0.0177,Fresh,0.9118,0.9118,0.0808,0.0074,Fresh,0.9471,0.9471,0.046,0.0069,Fresh,0.9897,0.9897,0.0101,0.0002
D:\ML Project Freshness Detection\AgriFreshNET Freshness and Shelf-Life Image Datase\AgriFreshNET Freshness and Shelf-Life Image Datase\Processed Data\Processed Data\Fresh Tomato(1-10)\IMG_20251126_192443023_HDR.jpg,Tomato,0,Fresh,Fresh,0.9255,0.9255,0.0718,0.0028,Fresh,0.9698,0.9698,0.0149,0.0153,Fresh,0.9927,0.9927,0.0067,0.0006,Fresh,0.9978,0.9978,0.0019,0.0003,Fresh,0.9993,0.9993,0.0005,0.0002
D:\ML Project Freshness Detection\AgriFreshNET Freshness and Shelf-Life Image Datase\AgriFreshNET Freshness and Shelf-Life Image Datase\Processed Data\Processed Data\Semi_Fresh eggplant(4-8)\aug_116_IMG_20251127_192452434_HDR.jpg,Eggplant,1,Semi-Fresh,Semi-Fresh,0.8112,0.1849,0.8112,0.0039,Semi-Fresh,0.9447,0.0432,0.9447,0.012,Semi-Fresh,0.7491,0.2401,0.7491,0.0109,Semi-Fresh,0.9884,0.0018,0.9884,0.0098,Semi-Fresh,0.9714,0.0268,0.9714,0.0018
D:\ML Project Freshness Detection\AgriFreshNET Freshness and Shelf-Life Image Datase\AgriFreshNET Freshness and Shelf-Life Image Datase\Processed Data\Processed Data\Rotten eggplant(8-15)\IMG_20251114_214415697_HDR.jpg,Eggplant,2,Rotten,Rotten,0.7338,0.0114,0.2549,0.7338,Rotten,0.9666,0.0045,0.029,0.9666,Rotten,0.999,0.0,0.001,0.999,Rotten,0.9986,0.0005,0.0009,0.9986,Rotten,0.9899,0.0014,0.0087,0.9899
D:\ML Project Freshness Detection\AgriFreshNET Freshness and Shelf-Life Image Datase\AgriFreshNET Freshness and Shelf-Life Image Datase\Processed Data\Processed Data\Semi_Fresh eggplant(4-8)\aug_283_IMG_20251122_205347412_HDR.jpg,Eggplant,1,Semi-Fresh,Fresh,0.406,0.406,0.2857,0.3082,Fresh,0.7036,0.7036,0.2473,0.0491,Semi-Fresh,0.8812,0.1151,0.8812,0.0037,Semi-Fresh,0.8175,0.1537,0.8175,0.0288,Fresh,0.8759,0.8759,0.1187,0.0054
D:\ML Project Freshness Detection\AgriFreshNET Freshness and Shelf-Life Image Datase\AgriFreshNET Freshness and Shelf-Life Image Datase\Processed Data\Processed Data\Fresh Orange(1-9)\IMG-20251112-WA0004.jpg,Orange,0,Fresh,Fresh,0.7583,0.7583,0.226,0.0157,Fresh,0.8773,0.8773,0.1212,0.0015,Fresh,0.9821,0.9821,0.0178,0.0001,Fresh,0.9743,0.9743,0.0218,0.0039,Fresh,0.9706,0.9706,0.0279,0.0015
D:\ML Project Freshness Detection\AgriFreshNET Freshness and Shelf-Life Image Datase\AgriFreshNET Freshness and Shelf-Life Image Datase\Processed Data\Processed Data\Rotten Tomato(24-35)\aug_271_IMG-20260207-WA0015.jpg,Tomato,2,Rotten,Rotten,0.9962,0.0011,0.0027,0.9962,Rotten,0.9989,0.0005,0.0005,0.9989,Rotten,0.9997,0.0001,0.0002,0.9997,Rotten,0.9996,0.0002,0.0002,0.9996,Rotten,0.9989,0.0002,0.0008,0.9989
D:\ML Project Freshness Detection\AgriFreshNET Freshness and Shelf-Life Image Datase\AgriFreshNET Freshness and Shelf-Life Image Datase\Processed Data\Processed Data\Semi_Fresh eggplant(4-8)\aug_79_IMG_20251121_142940567_HDR_AE.jpg,Eggplant,1,Semi-Fresh,Fresh,0.581,0.581,0.4186,0.0004,Fresh,0.5882,0.5882,0.4106,0.0012,Semi-Fresh,0.9021,0.0964,0.9021,0.0015,Semi-Fresh,0.9287,0.0706,0.9287,0.0007,Semi-Fresh,0.9921,0.0056,0.9921,0.0023
D:\ML Project Freshness Detection\AgriFreshNET Freshness and Shelf-Life Image Datase\AgriFreshNET Freshness and Shelf-Life Image Datase\Processed Data\Processed Data\Rotten Cucumber(12-20)\aug_188_IMG_20260209_011504.jpg,Cucumber,2,Rotten,Rotten,0.9809,0.0005,0.0186,0.9809,Rotten,0.998,0.0003,0.0017,0.998,Rotten,0.9945,0.0003,0.0052,0.9945,Rotten,0.9982,0.0005,0.0013,0.9982,Rotten,0.9995,0.0,0.0004,0.9995
D:\ML Project Freshness Detection\AgriFreshNET Freshness and Shelf-Life Image Datase\AgriFreshNET Freshness and Shelf-Life Image Datase\Processed Data\Processed Data\Fresh Tomato(1-10)\IMG_20251126_192750771_HDR.jpg,Tomato,0,Fresh,Fresh,0.8496,0.8496,0.1382,0.0122,Fresh,0.9964,0.9964,0.0024,0.0012,Fresh,0.9966,0.9966,0.0032,0.0002,Fresh,0.9962,0.9962,0.0034,0.0003,Fresh,0.9998,0.9998,0.0002,0.0001
D:\ML Project Freshness Detection\AgriFreshNET Freshness and Shelf-Life Image Datase\AgriFreshNET Freshness and Shelf-Life Image Datase\Processed Data\Processed Data\Semi fresh Orange(9-20)\IMG-20251113-WA0004.jpg,Orange,1,Semi-Fresh,Semi-Fresh,0.5563,0.0814,0.5563,0.3623,Semi-Fresh,0.903,0.0452,0.903,0.0518,Semi-Fresh,0.897,0.0616,0.897,0.0414,Semi-Fresh,0.9962,0.0008,0.9962,0.003,Semi-Fresh,0.9935,0.0038,0.9935,0.0028
D:\ML Project Freshness Detection\AgriFreshNET Freshness and Shelf-Life Image Datase\AgriFreshNET Freshness and Shelf-Life Image Datase\Processed Data\Processed Data\Fresh Cucumber(1-6)\aug_378_IMG_20260114_010153.jpg,Cucumber,0,Fresh,Fresh,0.9806,0.9806,0.0175,0.0018,Fresh,0.9978,0.9978,0.0019,0.0003,Fresh,0.9956,0.9956,0.0035,0.0008,Fresh,0.9965,0.9965,0.0032,0.0004,Fresh,0.9973,0.9973,0.0023,0.0004
D:\ML Project Freshness Detection\AgriFreshNET Freshness and Shelf-Life Image Datase\AgriFreshNET Freshness and Shelf-Life Image Datase\Processed Data\Processed Data\Rotten Papaya(7-12)\IMG_20260202_032522.jpg,Papaya,2,Rotten,Rotten,0.9973,0.0001,0.0026,0.9973,Rotten,0.9988,0.0001,0.0012,0.9988,Rotten,0.9999,0.0,0.0,0.9999,Rotten,0.9997,0.0001,0.0002,0.9997,Rotten,0.9996,0.0001,0.0003,0.9996
D:\ML Project Freshness Detection\AgriFreshNET Freshness and Shelf-Life Image Datase\AgriFreshNET Freshness and Shelf-Life Image Datase\Processed Data\Processed Data\Fresh eggplant(1-4)\aug_178_IMG_20251119_195909459_HDR.jpg,Eggplant,0,Fresh,Fresh,0.9232,0.9232,0.0767,0.0,Fresh,0.9078,0.9078,0.0901,0.0021,Fresh,0.9847,0.9847,0.015,0.0003,Fresh,0.9911,0.9911,0.0075,0.0014,Fresh,0.9981,0.9981,0.0017,0.0002
D:\ML Project Freshness Detection\AgriFreshNET Freshness and Shelf-Life Image Datase\AgriFreshNET Freshness and Shelf-Life Image Datase\Processed Data\Processed Data\Fresh Papaya(1-4)\aug_286_IMG_20260116_030536.jpg,Papaya,0,Fresh,Fresh,0.8922,0.8922,0.1073,0.0005,Fresh,0.9136,0.9136,0.0862,0.0001,Fresh,0.993,0.993,0.0067,0.0002,Fresh,0.9548,0.9548,0.0447,0.0005,Fresh,0.9934,0.9934,0.0064,0.0002
D:\ML Project Freshness Detection\AgriFreshNET Freshness and Shelf-Life Image Datase\AgriFreshNET Freshness and Shelf-Life Image Datase\Processed Data\Processed Data\Fresh pineapple(1-15)\IMG-20251127-WA0014.jpg,Pineapple,0,Fresh,Fresh,0.9898,0.9898,0.0101,0.0002,Fresh,0.9949,0.9949,0.0047,0.0004,Fresh,1.0,1.0,0.0,0.0,Fresh,0.9995,0.9995,0.0005,0.0,Fresh,0.998,0.998,0.0016,0.0004
D:\ML Project Freshness Detection\AgriFreshNET Freshness and Shelf-Life Image Datase\AgriFreshNET Freshness and Shelf-Life Image Datase\Processed Data\Processed Data\Rotten Pineapple(25-35)\aug_294_IMG_20251126_194147358_HDR.jpg,Pineapple,2,Rotten,Semi-Fresh,0.7185,0.0139,0.7185,0.2676,Rotten,0.7489,0.0072,0.2439,0.7489,Rotten,0.9227,0.0003,0.077,0.9227,Rotten,0.8937,0.0064,0.0999,0.8937,Rotten,0.9982,0.0001,0.0017,0.9982
D:\ML Project Freshness Detection\AgriFreshNET Freshness and Shelf-Life Image Datase\AgriFreshNET Freshness and Shelf-Life Image Datase\Processed Data\Processed Data\Fresh eggplant(1-4)\aug_59_IMG_20251121_143439942_HDR_AE.jpg,Eggplant,0,Fresh,Fresh,0.9749,0.9749,0.0247,0.0004,Fresh,0.9799,0.9799,0.0198,0.0002,Fresh,0.995,0.995,0.0049,0.0001,Fresh,0.9974,0.9974,0.0025,0.0001,Fresh,0.9991,0.9991,0.0007,0.0002
D:\ML Project Freshness Detection\AgriFreshNET Freshness and Shelf-Life Image Datase\AgriFreshNET Freshness and Shelf-Life Image Datase\Processed Data\Processed Data\Semi fresh Pineapple (15-25)\aug_15_IMG-20251207-WA0039.jpg,Pineapple,1,Semi-Fresh,Semi-Fresh,0.9641,0.0253,0.9641,0.0106,Semi-Fresh,0.9873,0.0098,0.9873,0.0029,Semi-Fresh,0.953,0.0385,0.953,0.0086,Semi-Fresh,0.9442,0.0521,0.9442,0.0037,Semi-Fresh,0.9953,0.0007,0.9953,0.0041
D:\ML Project Freshness Detection\AgriFreshNET Freshness and Shelf-Life Image Datase\AgriFreshNET Freshness and Shelf-Life Image Datase\Processed Data\Processed Data\Semi Fresh Papaya(4-7)\aug_119_IMG_20260123_013740.jpg,Papaya,1,Semi-Fresh,Semi-Fresh,0.8488,0.0417,0.8488,0.1095,Semi-Fresh,0.9941,0.0017,0.9941,0.0042,Semi-Fresh,0.9787,0.0026,0.9787,0.0188,Semi-Fresh,0.9988,0.0002,0.9988,0.001,Semi-Fresh,0.9978,0.0007,0.9978,0.0016
D:\ML Project Freshness Detection\AgriFreshNET Freshness and Shelf-Life Image Datase\AgriFreshNET Freshness and Shelf-Life Image Datase\Processed Data\Processed Data\Rotten Pineapple(25-35)\IMG-20251215-WA0036.jpg,Pineapple,2,Rotten,Rotten,0.9342,0.0126,0.0532,0.9342,Rotten,0.9871,0.0051,0.0078,0.9871,Rotten,0.9277,0.0071,0.0652,0.9277,Rotten,0.9951,0.001,0.004,0.9951,Rotten,0.9997,0.0001,0.0003,0.9997
D:\ML Project Freshness Detection\AgriFreshNET Freshness and Shelf-Life Image Datase\AgriFreshNET Freshness and Shelf-Life Image Datase\Processed Data\Processed Data\Rotten banana(7-13)\aug_166_IMG_20251112_112621484_HDR_AE.jpg,Banana,2,Rotten,Rotten,0.9986,0.0,0.0014,0.9986,Rotten,0.9981,0.0001,0.0018,0.9981,Rotten,0.9732,0.0,0.0268,0.9732,Rotten,0.9974,0.0004,0.0022,0.9974,Rotten,0.9971,0.0002,0.0027,0.9971
D:\ML Project Freshness Detection\AgriFreshNET Freshness and Shelf-Life Image Datase\AgriFreshNET Freshness and Shelf-Life Image Datase\Processed Data\Processed Data\Rotten Tomato(24-35)\IMG-20260210-WA0026.jpg,Tomato,2,Rotten,Rotten,0.9979,0.0005,0.0016,0.9979,Rotten,0.999,0.0004,0.0005,0.999,Rotten,0.9999,0.0001,0.0001,0.9999,Rotten,0.998,0.0008,0.0012,0.998,Rotten,0.9997,0.0001,0.0002,0.9997
D:\ML Project Freshness Detection\AgriFreshNET Freshness and Shelf-Life Image Datase\AgriFreshNET Freshness and Shelf-Life Image Datase\Processed Data\Processed Data\Semi Fresh Papaya(4-7)\aug_104_IMG_20260214_025258.jpg,Papaya,1,Semi-Fresh,Fresh,0.5232,0.5232,0.4728,0.004,Semi-Fresh,0.9309,0.0568,0.9309,0.0122,Semi-Fresh,0.9865,0.0015,0.9865,0.012,Semi-Fresh,0.9986,0.0006,0.9986,0.0008,Semi-Fresh,0.9982,0.0011,0.9982,0.0007
D:\ML Project Freshness Detection\AgriFreshNET Freshness and Shelf-Life Image Datase\AgriFreshNET Freshness and Shelf-Life Image Datase\Processed Data\Processed Data\Fresh Banana(1-4)\IMG_20251119_201142753_HDR.jpg,Banana,0,Fresh,Fresh,0.9215,0.9215,0.0745,0.004,Fresh,0.9187,0.9187,0.0797,0.0015,Fresh,0.9985,0.9985,0.0015,0.0,Fresh,0.9813,0.9813,0.0165,0.0023,Fresh,0.9977,0.9977,0.0019,0.0004
D:\ML Project Freshness Detection\AgriFreshNET Freshness and Shelf-Life Image Datase\AgriFreshNET Freshness and Shelf-Life Image Datase\Processed Data\Processed Data\Fresh pineapple(1-15)\aug_351_IMG-20251127-WA0029.jpg,Pineapple,0,Fresh,Fresh,0.9325,0.9325,0.0615,0.0061,Fresh,0.9976,0.9976,0.0022,0.0002,Fresh,0.9981,0.9981,0.0008,0.0011,Fresh,0.9954,0.9954,0.0041,0.0005,Fresh,0.9954,0.9954,0.0043,0.0003
D:\ML Project Freshness Detection\AgriFreshNET Freshness and Shelf-Life Image Datase\AgriFreshNET Freshness and Shelf-Life Image Datase\Processed Data\Processed Data\Semi Fresh Bittermelon ( 3-5)\aug_297_IMG_20260122_003121.jpg,Bittermelon,1,Semi-Fresh,Semi-Fresh,0.6482,0.3505,0.6482,0.0013,Semi-Fresh,0.897,0.0731,0.897,0.0299,Semi-Fresh,0.9725,0.0252,0.9725,0.0024,Semi-Fresh,0.9923,0.0065,0.9923,0.0012,Semi-Fresh,0.9978,0.0005,0.9978,0.0017
D:\ML Project Freshness Detection\AgriFreshNET Freshness and Shelf-Life Image Datase\AgriFreshNET Freshness and Shelf-Life Image Datase\Processed Data\Processed Data\Rotten eggplant(8-15)\aug_75_IMG_20251130_181006450_HDR.jpg,Eggplant,2,Rotten,Semi-Fresh,0.6863,0.2415,0.6863,0.0722,Rotten,0.6201,0.1599,0.2201,0.6201,Semi-Fresh,0.6142,0.1504,0.6142,0.2354,Rotten,0.648,0.044,0.3081,0.648,Rotten,0.842,0.0195,0.1385,0.842
D:\ML Project Freshness Detection\AgriFreshNET Freshness and Shelf-Life Image Datase\AgriFreshNET Freshness and Shelf-Life Image Datase\Processed Data\Processed Data\Fresh Bittermelon(1-3)\aug_311_IMG_20260114_005316.jpg,Bittermelon,0,Fresh,Fresh,0.9782,0.9782,0.0217,0.0002,Fresh,0.9988,0.9988,0.0012,0.0,Fresh,0.9993,0.9993,0.0005,0.0002,Fresh,0.9986,0.9986,0.0008,0.0006,Fresh,0.9995,0.9995,0.0003,0.0002
D:\ML Project Freshness Detection\AgriFreshNET Freshness and Shelf-Life Image Datase\AgriFreshNET Freshness and Shelf-Life Image Datase\Processed Data\Processed Data\Semi fresh Pineapple (15-25)\IMG_20251117_141225961_HDR_AE.jpg,Pineapple,1,Semi-Fresh,Fresh,0.6464,0.6464,0.3466,0.007,Semi-Fresh,0.7125,0.276,0.7125,0.0115,Semi-Fresh,0.9927,0.0072,0.9927,0.0001,Semi-Fresh,0.9774,0.0217,0.9774,0.0009,Semi-Fresh,0.996,0.0029,0.996,0.0011
D:\ML Project Freshness Detection\AgriFreshNET Freshness and Shelf-Life Image Datase\AgriFreshNET Freshness and Shelf-Life Image Datase\Processed Data\Processed Data\Semi Fresh Papaya(4-7)\aug_341_IMG_20260214_025241.jpg,Papaya,1,Semi-Fresh,Fresh,0.9547,0.9547,0.0442,0.0011,Semi-Fresh,0.7609,0.21,0.7609,0.0291,Semi-Fresh,0.6335,0.3421,0.6335,0.0244,Semi-Fresh,0.9861,0.0109,0.9861,0.003,Semi-Fresh,0.9963,0.0029,0.9963,0.0009
D:\ML Project Freshness Detection\AgriFreshNET Freshness and Shelf-Life Image Datase\AgriFreshNET Freshness and Shelf-Life Image Datase\Processed Data\Processed Data\Rotten banana(7-13)\aug_249_IMG_20251111_142439028_HDR_AE.jpg,Banana,2,Rotten,Rotten,0.87,0.0088,0.1212,0.87,Rotten,0.9922,0.0007,0.0071,0.9922,Rotten,0.996,0.0017,0.0023,0.996,Rotten,0.9976,0.0004,0.0021,0.9976,Rotten,0.9995,0.0001,0.0004,0.9995
D:\ML Project Freshness Detection\AgriFreshNET Freshness and Shelf-Life Image Datase\AgriFreshNET Freshness and Shelf-Life Image Datase\Processed Data\Processed Data\Semi Fresh Bittermelon ( 3-5)\aug_142_IMG_20260120_004811.jpg,Bittermelon,1,Semi-Fresh,Semi-Fresh,0.9554,0.0277,0.9554,0.0169,Semi-Fresh,0.929,0.0104,0.929,0.0606,Semi-Fresh,0.9803,0.0009,0.9803,0.0188,Semi-Fresh,0.9873,0.0032,0.9873,0.0094,Semi-Fresh,0.9931,0.0009,0.9931,0.006
D:\ML Project Freshness Detection\AgriFreshNET Freshness and Shelf-Life Image Datase\AgriFreshNET Freshness and Shelf-Life Image Datase\Processed Data\Processed Data\Semi fresh Tomato(10-24)\aug_35_IMG_20251123_222239983_HDR.jpg,Tomato,1,Semi-Fresh,Semi-Fresh,0.9596,0.0262,0.9596,0.0142,Semi-Fresh,0.9894,0.0046,0.9894,0.006,Semi-Fresh,0.9957,0.0026,0.9957,0.0017,Semi-Fresh,0.9982,0.001,0.9982,0.0008,Semi-Fresh,0.9947,0.0045,0.9947,0.0009
D:\ML Project Freshness Detection\AgriFreshNET Freshness and Shelf-Life Image Datase\AgriFreshNET Freshness and Shelf-Life Image Datase\Processed Data\Processed Data\Rotten Tomato(24-35)\aug_117_IMG_20251130_180732543_HDR.jpg,Tomato,2,Rotten,Rotten,0.8388,0.067,0.0943,0.8388,Rotten,0.9947,0.0012,0.0042,0.9947,Rotten,0.9936,0.0001,0.0063,0.9936,Rotten,0.9984,0.0007,0.0009,0.9984,Rotten,0.9986,0.0003,0.0011,0.9986
D:\ML Project Freshness Detection\AgriFreshNET Freshness and Shelf-Life Image Datase\AgriFreshNET Freshness and Shelf-Life Image Datase\Processed Data\Processed Data\Rotten Bittermelon(5-8)\aug_342_IMG_20251124_022328.jpg,Bittermelon,2,Rotten,Semi-Fresh,0.8562,0.052,0.8562,0.0918,Rotten,0.6518,0.0022,0.346,0.6518,Rotten,0.8291,0.0007,0.1703,0.8291,Rotten,0.7658,0.0064,0.2278,0.7658,Rotten,0.8725,0.0018,0.1257,0.8725
D:\ML Project Freshness Detection\AgriFreshNET Freshness and Shelf-Life Image Datase\AgriFreshNET Freshness and Shelf-Life Image Datase\Processed Data\Processed Data\Fresh Banana(1-4)\IMG_20251119_201513026_HDR.jpg,Banana,0,Fresh,Fresh,0.9941,0.9941,0.0058,0.0001,Fresh,0.9896,0.9896,0.0097,0.0007,Fresh,0.9993,0.9993,0.0007,0.0,Fresh,0.9972,0.9972,0.0019,0.0008,Fresh,0.9993,0.9993,0.0006,0.0002
D:\ML Project Freshness Detection\AgriFreshNET Freshness and Shelf-Life Image Datase\AgriFreshNET Freshness and Shelf-Life Image Datase\Processed Data\Processed Data\Fresh Banana(1-4)\IMG_20251121_144149316_HDR_AE.jpg,Banana,0,Fresh,Semi-Fresh,0.6698,0.1544,0.6698,0.1758,Semi-Fresh,0.7138,0.2673,0.7138,0.0189,Fresh,0.8582,0.8582,0.1353,0.0065,Fresh,0.9123,0.9123,0.0772,0.0105,Fresh,0.9873,0.9873,0.0125,0.0003
D:\ML Project Freshness Detection\AgriFreshNET Freshness and Shelf-Life Image Datase\AgriFreshNET Freshness and Shelf-Life Image Datase\Processed Data\Processed Data\Fresh Banana(1-4)\aug_220_IMG_20251120_203536076_HDR.jpg,Banana,0,Fresh,Fresh,0.7832,0.7832,0.1901,0.0268,Fresh,0.9685,0.9685,0.031,0.0005,Fresh,0.9968,0.9968,0.0031,0.0001,Fresh,0.9927,0.9927,0.0051,0.0021,Fresh,0.9996,0.9996,0.0003,0.0001
D:\ML Project Freshness Detection\AgriFreshNET Freshness and Shelf-Life Image Datase\AgriFreshNET Freshness and Shelf-Life Image Datase\Processed Data\Processed Data\Rotten banana(7-13)\IMG_20251201_132912206_HDR.jpg,Banana,2,Rotten,Rotten,0.9943,0.0005,0.0051,0.9943,Rotten,0.9989,0.0002,0.001,0.9989,Rotten,0.9983,0.0001,0.0017,0.9983,Rotten,0.9942,0.0032,0.0026,0.9942,Rotten,0.9997,0.0001,0.0002,0.9997
D:\ML Project Freshness Detection\AgriFreshNET Freshness and Shelf-Life Image Datase\AgriFreshNET Freshness and Shelf-Life Image Datase\Processed Data\Processed Data\Semi Fresh Bittermelon ( 3-5)\IMG_20260122_003142.jpg,Bittermelon,1,Semi-Fresh,Semi-Fresh,0.9233,0.066,0.9233,0.0107,Semi-Fresh,0.7445,0.2451,0.7445,0.0105,Semi-Fresh,0.7911,0.2083,0.7911,0.0006,Semi-Fresh,0.9931,0.0055,0.9931,0.0014,Semi-Fresh,0.9994,0.0004,0.9994,0.0002
D:\ML Project Freshness Detection\AgriFreshNET Freshness and Shelf-Life Image Datase\AgriFreshNET Freshness and Shelf-Life Image Datase\Processed Data\Processed Data\Fresh eggplant(1-4)\aug_206_IMG_20251119_195804531_HDR.jpg,Eggplant,0,Fresh,Fresh,0.9108,0.9108,0.0886,0.0005,Fresh,0.9629,0.9629,0.0368,0.0003,Fresh,0.9962,0.9962,0.0037,0.0001,Fresh,0.9949,0.9949,0.0048,0.0003,Fresh,0.9988,0.9988,0.0011,0.0002
D:\ML Project Freshness Detection\AgriFreshNET Freshness and Shelf-Life Image Datase\AgriFreshNET Freshness and Shelf-Life Image Datase\Processed Data\Processed Data\Rotten Cucumber(12-20)\aug_269_IMG_20251123_012402.jpg,Cucumber,2,Rotten,Rotten,0.9924,0.0018,0.0057,0.9924,Rotten,0.9899,0.0004,0.0097,0.9899,Rotten,0.9998,0.0,0.0002,0.9998,Rotten,0.9974,0.0012,0.0014,0.9974,Rotten,0.9992,0.0002,0.0007,0.9992
D:\ML Project Freshness Detection\AgriFreshNET Freshness and Shelf-Life Image Datase\AgriFreshNET Freshness and Shelf-Life Image Datase\Processed Data\Processed Data\Fresh Cucumber(1-6)\aug_254_IMG_20260204_152017.jpg,Cucumber,0,Fresh,Fresh,0.9888,0.9888,0.0111,0.0001,Fresh,0.9232,0.9232,0.0751,0.0016,Fresh,0.9814,0.9814,0.0144,0.0042,Fresh,0.9958,0.9958,0.0036,0.0006,Fresh,0.9886,0.9886,0.0097,0.0017
D:\ML Project Freshness Detection\AgriFreshNET Freshness and Shelf-Life Image Datase\AgriFreshNET Freshness and Shelf-Life Image Datase\Processed Data\Processed Data\Rotten Tomato(24-35)\aug_11_IMG_20260123_182358701_HDR.jpg,Tomato,2,Rotten,Rotten,0.8153,0.0763,0.1084,0.8153,Rotten,0.763,0.0189,0.2181,0.763,Rotten,0.9928,0.0003,0.007,0.9928,Rotten,0.9921,0.0013,0.0065,0.9921,Rotten,0.9917,0.0009,0.0075,0.9917
D:\ML Project Freshness Detection\AgriFreshNET Freshness and Shelf-Life Image Datase\AgriFreshNET Freshness and Shelf-Life Image Datase\Processed Data\Processed Data\Semi fresh banana(4-7)\IMG_20251123_110053212_HDR_AE.jpg,Banana,1,Semi-Fresh,Semi-Fresh,0.685,0.0116,0.685,0.3034,Semi-Fresh,0.8713,0.0146,0.8713,0.1141,Semi-Fresh,0.8522,0.0959,0.8522,0.0519,Semi-Fresh,0.9198,0.0235,0.9198,0.0567,Semi-Fresh,0.9989,0.0005,0.9989,0.0006
D:\ML Project Freshness Detection\AgriFreshNET Freshness and Shelf-Life Image Datase\AgriFreshNET Freshness and Shelf-Life Image Datase\Processed Data\Processed Data\Semi fresh banana(4-7)\aug_218_IMG_20260121_230303610_HDR.jpg,Banana,1,Semi-Fresh,Semi-Fresh,0.6506,0.0723,0.6506,0.2771,Semi-Fresh,0.9455,0.0102,0.9455,0.0443,Semi-Fresh,0.9949,0.0022,0.9949,0.0029,Semi-Fresh,0.9909,0.0015,0.9909,0.0076,Semi-Fresh,0.9972,0.0003,0.9972,0.0025
D:\ML Project Freshness Detection\AgriFreshNET Freshness and Shelf-Life Image Datase\AgriFreshNET Freshness and Shelf-Life Image Datase\Processed Data\Processed Data\Fresh Banana(1-4)\IMG_20251104_131713223_HDR_AE~6.jpg,Banana,0,Fresh,Semi-Fresh,0.6045,0.394,0.6045,0.0015,Fresh,0.922,0.922,0.0771,0.0009,Fresh,0.9601,0.9601,0.039,0.0009,Fresh,0.9873,0.9873,0.0118,0.001,Fresh,0.9953,0.9953,0.0045,0.0002
D:\ML Project Freshness Detection\AgriFreshNET Freshness and Shelf-Life Image Datase\AgriFreshNET Freshness and Shelf-Life Image Datase\Processed Data\Processed Data\Semi fresh banana(4-7)\aug_289_IMG_20251108_121232908_HDR_AE.jpg,Banana,1,Semi-Fresh,Semi-Fresh,0.698,0.0162,0.698,0.2858,Semi-Fresh,0.6059,0.0109,0.6059,0.3832,Rotten,0.7955,0.0088,0.1957,0.7955,Rotten,0.8935,0.0029,0.1037,0.8935,Rotten,0.6198,0.0218,0.3584,0.6198
D:\ML Project Freshness Detection\AgriFreshNET Freshness and Shelf-Life Image Datase\AgriFreshNET Freshness and Shelf-Life Image Datase\Processed Data\Processed Data\Fresh Orange(1-9)\IMG-20251118-WA0017.jpg,Orange,0,Fresh,Fresh,0.948,0.948,0.0519,0.0,Fresh,0.9317,0.9317,0.0678,0.0006,Fresh,0.9856,0.9856,0.0142,0.0002,Fresh,0.9875,0.9875,0.0121,0.0004,Fresh,0.9765,0.9765,0.0204,0.0032
D:\ML Project Freshness Detection\AgriFreshNET Freshness and Shelf-Life Image Datase\AgriFreshNET Freshness and Shelf-Life Image Datase\Processed Data\Processed Data\Semi fresh banana(4-7)\aug_193_IMG_20251106_155641383_HDR_AE.jpg,Banana,1,Semi-Fresh,Semi-Fresh,0.9681,0.0142,0.9681,0.0177,Semi-Fresh,0.9861,0.0004,0.9861,0.0135,Semi-Fresh,0.9992,0.0007,0.9992,0.0,Semi-Fresh,0.9987,0.0005,0.9987,0.0007,Semi-Fresh,0.9992,0.0007,0.9992,0.0001
D:\ML Project Freshness Detection\AgriFreshNET Freshness and Shelf-Life Image Datase\AgriFreshNET Freshness and Shelf-Life Image Datase\Processed Data\Processed Data\Semi fresh Pineapple (15-25)\aug_66_IMG-20251207-WA0024.jpg,Pineapple,1,Semi-Fresh,Semi-Fresh,0.9131,0.0755,0.9131,0.0114,Semi-Fresh,0.9896,0.0046,0.9896,0.0057,Semi-Fresh,0.9892,0.0044,0.9892,0.0064,Semi-Fresh,0.9987,0.0004,0.9987,0.0008,Semi-Fresh,0.9967,0.0004,0.9967,0.0029
D:\ML Project Freshness Detection\AgriFreshNET Freshness and Shelf-Life Image Datase\AgriFreshNET Freshness and Shelf-Life Image Datase\Processed Data\Processed Data\Fresh Bittermelon(1-3)\IMG_20251027_171142.jpg,Bittermelon,0,Fresh,Fresh,0.9981,0.9981,0.0018,0.0001,Fresh,0.9933,0.9933,0.0061,0.0006,Fresh,0.9971,0.9971,0.0027,0.0003,Fresh,0.9925,0.9925,0.0057,0.0017,Fresh,0.9957,0.9957,0.0035,0.0008
D:\ML Project Freshness Detection\AgriFreshNET Freshness and Shelf-Life Image Datase\AgriFreshNET Freshness and Shelf-Life Image Datase\Processed Data\Processed Data\Rotten Bittermelon(5-8)\aug_192_IMG_20260123_014000.jpg,Bittermelon,2,Rotten,Rotten,0.8339,0.0012,0.1649,0.8339,Rotten,0.9551,0.0,0.0449,0.9551,Rotten,0.8261,0.0,0.1739,0.8261,Rotten,0.9954,0.0002,0.0044,0.9954,Rotten,0.9958,0.0001,0.0041,0.9958
D:\ML Project Freshness Detection\AgriFreshNET Freshness and Shelf-Life Image Datase\AgriFreshNET Freshness and Shelf-Life Image Datase\Processed Data\Processed Data\Semi Fresh Papaya(4-7)\aug_353_IMG_20260214_025258.jpg,Papaya,1,Semi-Fresh,Fresh,0.5056,0.5056,0.4863,0.0081,Semi-Fresh,0.9303,0.0616,0.9303,0.0082,Semi-Fresh,0.9834,0.0018,0.9834,0.0148,Semi-Fresh,0.9985,0.0006,0.9985,0.0008,Semi-Fresh,0.9987,0.0005,0.9987,0.0008
D:\ML Project Freshness Detection\AgriFreshNET Freshness and Shelf-Life Image Datase\AgriFreshNET Freshness and Shelf-Life Image Datase\Processed Data\Processed Data\Rotten eggplant(8-15)\IMG_20251120_204402628_HDR.jpg,Eggplant,2,Rotten,Rotten,0.9711,0.014,0.0149,0.9711,Rotten,0.995,0.0015,0.0035,0.995,Rotten,1.0,0.0,0.0,1.0,Rotten,0.9995,0.0002,0.0003,0.9995,Rotten,0.9997,0.0001,0.0002,0.9997
D:\ML Project Freshness Detection\AgriFreshNET Freshness and Shelf-Life Image Datase\AgriFreshNET Freshness and Shelf-Life Image Datase\Processed Data\Processed Data\Fresh Tomato(1-10)\IMG_20251122_210738658_HDR.jpg,Tomato,0,Fresh,Fresh,0.6611,0.6611,0.3377,0.0013,Fresh,0.9524,0.9524,0.0452,0.0024,Fresh,0.8869,0.8869,0.1056,0.0075,Fresh,0.9813,0.9813,0.0183,0.0004,Fresh,0.9693,0.9693,0.0218,0.0089
D:\ML Project Freshness Detection\AgriFreshNET Freshness and Shelf-Life Image Datase\AgriFreshNET Freshness and Shelf-Life Image Datase\Processed Data\Processed Data\Fresh Papaya(1-4)\aug_112_IMG_20251123_012901.jpg,Papaya,0,Fresh,Fresh,0.572,0.572,0.4018,0.0262,Fresh,0.5831,0.5831,0.4138,0.003,Fresh,0.9799,0.9799,0.0199,0.0001,Fresh,0.9875,0.9875,0.0122,0.0003,Fresh,0.996,0.996,0.0037,0.0003
D:\ML Project Freshness Detection\AgriFreshNET Freshness and Shelf-Life Image Datase\AgriFreshNET Freshness and Shelf-Life Image Datase\Processed Data\Processed Data\Fresh Cucumber(1-6)\aug_297_IMG_20251027_171547.jpg,Cucumber,0,Fresh,Fresh,0.6265,0.6265,0.3691,0.0043,Fresh,0.9906,0.9906,0.009,0.0004,Fresh,0.9963,0.9963,0.0034,0.0003,Fresh,0.991,0.991,0.0087,0.0003,Fresh,0.9845,0.9845,0.014,0.0015
D:\ML Project Freshness Detection\AgriFreshNET Freshness and Shelf-Life Image Datase\AgriFreshNET Freshness and Shelf-Life Image Datase\Processed Data\Processed Data\Rotten Bittermelon(5-8)\IMG_20251202_020425.jpg,Bittermelon,2,Rotten,Rotten,0.9712,0.0004,0.0284,0.9712,Rotten,0.9952,0.0008,0.0041,0.9952,Rotten,0.9972,0.0009,0.0019,0.9972,Rotten,0.9962,0.0015,0.0022,0.9962,Rotten,0.9979,0.0001,0.002,0.9979
D:\ML Project Freshness Detection\AgriFreshNET Freshness and Shelf-Life Image Datase\AgriFreshNET Freshness and Shelf-Life Image Datase\Processed Data\Processed Data\Rotten eggplant(8-15)\aug_173_IMG_20251120_204344238_HDR.jpg,Eggplant,2,Rotten,Rotten,0.9936,0.0012,0.0053,0.9936,Rotten,0.9944,0.0019,0.0037,0.9944,Rotten,1.0,0.0,0.0,1.0,Rotten,0.9979,0.0004,0.0016,0.9979,Rotten,0.9995,0.0001,0.0004,0.9995
D:\ML Project Freshness Detection\AgriFreshNET Freshness and Shelf-Life Image Datase\AgriFreshNET Freshness and Shelf-Life Image Datase\Processed Data\Processed Data\Rotten banana(7-13)\IMG_20251112_112839446_HDR_AE.jpg,Banana,2,Rotten,Rotten,0.9932,0.0,0.0068,0.9932,Rotten,0.9941,0.0001,0.0058,0.9941,Rotten,0.9992,0.0001,0.0007,0.9992,Rotten,0.9964,0.0002,0.0034,0.9964,Rotten,0.9998,0.0,0.0002,0.9998
D:\ML Project Freshness Detection\AgriFreshNET Freshness and Shelf-Life Image Datase\AgriFreshNET Freshness and Shelf-Life Image Datase\Processed Data\Processed Data\Fresh Cucumber(1-6)\aug_131_IMG_20260114_005506.jpg,Cucumber,0,Fresh,Fresh,0.8725,0.8725,0.1239,0.0036,Fresh,0.9867,0.9867,0.0127,0.0005,Fresh,0.9972,0.9972,0.0028,0.0,Fresh,0.993,0.993,0.0067,0.0003,Fresh,0.9969,0.9969,0.0028,0.0003
D:\ML Project Freshness Detection\AgriFreshNET Freshness and Shelf-Life Image Datase\AgriFreshNET Freshness and Shelf-Life Image Datase\Processed Data\Processed Data\Fresh Papaya(1-4)\aug_420_IMG_20260116_030636.jpg,Papaya,0,Fresh,Semi-Fresh,0.8672,0.1317,0.8672,0.001,Fresh,0.7345,0.7345,0.2637,0.0017,Fresh,0.815,0.815,0.1832,0.0018,Fresh,0.9479,0.9479,0.047,0.005,Fresh,0.9901,0.9901,0.0098,0.0001
D:\ML Project Freshness Detection\AgriFreshNET Freshness and Shelf-Life Image Datase\AgriFreshNET Freshness and Shelf-Life Image Datase\Processed Data\Processed Data\Semi fresh Orange(9-20)\IMG-20251128-WA0001.jpg,Orange,1,Semi-Fresh,Semi-Fresh,0.8321,0.0761,0.8321,0.0918,Semi-Fresh,0.9627,0.0259,0.9627,0.0115,Semi-Fresh,0.8312,0.1608,0.8312,0.008,Semi-Fresh,0.9454,0.0135,0.9454,0.0411,Semi-Fresh,0.9904,0.0071,0.9904,0.0025
D:\ML Project Freshness Detection\AgriFreshNET Freshness and Shelf-Life Image Datase\AgriFreshNET Freshness and Shelf-Life Image Datase\Processed Data\Processed Data\Fresh Papaya(1-4)\IMG_20251025_122111.jpg,Papaya,0,Fresh,Fresh,0.9175,0.9175,0.0656,0.0169,Fresh,0.8344,0.8344,0.1632,0.0024,Fresh,0.9917,0.9917,0.0082,0.0001,Fresh,0.9977,0.9977,0.0021,0.0002,Fresh,0.9988,0.9988,0.0011,0.0001
D:\ML Project Freshness Detection\AgriFreshNET Freshness and Shelf-Life Image Datase\AgriFreshNET Freshness and Shelf-Life Image Datase\Processed Data\Processed Data\Semi Fresh Papaya(4-7)\aug_220_IMG_20260120_004638.jpg,Papaya,1,Semi-Fresh,Fresh,0.6369,0.6369,0.2877,0.0754,Semi-Fresh,0.5805,0.0347,0.5805,0.3849,Semi-Fresh,0.6179,0.0057,0.6179,0.3764,Semi-Fresh,0.9614,0.0016,0.9614,0.037,Semi-Fresh,0.9962,0.0014,0.9962,0.0024
D:\ML Project Freshness Detection\AgriFreshNET Freshness and Shelf-Life Image Datase\AgriFreshNET Freshness and Shelf-Life Image Datase\Processed Data\Processed Data\Semi fresh Tomato(10-24)\aug_186_IMG_20251126_192029980_HDR.jpg,Tomato,1,Semi-Fresh,Semi-Fresh,0.516,0.4711,0.516,0.013,Semi-Fresh,0.6061,0.356,0.6061,0.0379,Semi-Fresh,0.9852,0.0145,0.9852,0.0003,Semi-Fresh,0.9986,0.0007,0.9986,0.0007,Semi-Fresh,0.9941,0.0049,0.9941,0.001
D:\ML Project Freshness Detection\AgriFreshNET Freshness and Shelf-Life Image Datase\AgriFreshNET Freshness and Shelf-Life Image Datase\Processed Data\Processed Data\Semi fresh Pineapple (15-25)\aug_283_IMG-20251205-WA0026.jpg,Pineapple,1,Semi-Fresh,Semi-Fresh,0.9607,0.0308,0.9607,0.0085,Semi-Fresh,0.9963,0.0026,0.9963,0.0011,Semi-Fresh,0.9991,0.0005,0.9991,0.0004,Semi-Fresh,0.9907,0.0087,0.9907,0.0006,Semi-Fresh,0.9985,0.0012,0.9985,0.0003
D:\ML Project Freshness Detection\AgriFreshNET Freshness and Shelf-Life Image Datase\AgriFreshNET Freshness and Shelf-Life Image Datase\Processed Data\Processed Data\Fresh Cucumber(1-6)\aug_422_IMG_20260114_010153.jpg,Cucumber,0,Fresh,Fresh,0.9683,0.9683,0.0302,0.0015,Fresh,0.9852,0.9852,0.0121,0.0027,Fresh,0.9957,0.9957,0.0037,0.0006,Fresh,0.9875,0.9875,0.0095,0.003,Fresh,0.9947,0.9947,0.0048,0.0005
D:\ML Project Freshness Detection\AgriFreshNET Freshness and Shelf-Life Image Datase\AgriFreshNET Freshness and Shelf-Life Image Datase\Processed Data\Processed Data\Fresh Papaya(1-4)\IMG_20260116_030636.jpg,Papaya,0,Fresh,Semi-Fresh,0.8122,0.1867,0.8122,0.0011,Fresh,0.8972,0.8972,0.1024,0.0004,Fresh,0.9416,0.9416,0.0577,0.0006,Fresh,0.8839,0.8839,0.1112,0.0049,Fresh,0.9954,0.9954,0.0045,0.0001
D:\ML Project Freshness Detection\AgriFreshNET Freshness and Shelf-Life Image Datase\AgriFreshNET Freshness and Shelf-Life Image Datase\Processed Data\Processed Data\Rotten banana(7-13)\aug_23_IMG_20251111_142325221_HDR_AE.jpg,Banana,2,Rotten,Rotten,0.9771,0.0016,0.0213,0.9771,Rotten,0.998,0.0003,0.0018,0.998,Rotten,0.9951,0.0,0.0049,0.9951,Rotten,0.9988,0.0002,0.001,0.9988,Rotten,0.998,0.0006,0.0013,0.998
D:\ML Project Freshness Detection\AgriFreshNET Freshness and Shelf-Life Image Datase\AgriFreshNET Freshness and Shelf-Life Image Datase\Processed Data\Processed Data\Fresh Tomato(1-10)\IMG_20251201_184410523_HDR.jpg,Tomato,0,Fresh,Fresh,0.7539,0.7539,0.2408,0.0052,Fresh,0.6843,0.6843,0.2449,0.0708,Fresh,0.9533,0.9533,0.0441,0.0026,Fresh,0.9951,0.9951,0.0035,0.0014,Fresh,0.9985,0.9985,0.0011,0.0004
D:\ML Project Freshness Detection\AgriFreshNET Freshness and Shelf-Life Image Datase\AgriFreshNET Freshness and Shelf-Life Image Datase\Processed Data\Processed Data\Fresh Papaya(1-4)\IMG_20251025_122121.jpg,Papaya,0,Fresh,Fresh,0.8693,0.8693,0.1254,0.0053,Fresh,0.963,0.963,0.0365,0.0005,Fresh,0.9709,0.9709,0.029,0.0001,Fresh,0.9882,0.9882,0.0116,0.0002,Fresh,0.9957,0.9957,0.0031,0.0012
D:\ML Project Freshness Detection\AgriFreshNET Freshness and Shelf-Life Image Datase\AgriFreshNET Freshness and Shelf-Life Image Datase\Processed Data\Processed Data\Rotten eggplant(8-15)\IMG_20251125_211432454_HDR.jpg,Eggplant,2,Rotten,Rotten,0.7814,0.061,0.1575,0.7814,Rotten,0.9973,0.0001,0.0025,0.9973,Rotten,0.9934,0.0011,0.0055,0.9934,Rotten,0.9978,0.0005,0.0018,0.9978,Rotten,0.9991,0.0001,0.0008,0.9991
D:\ML Project Freshness Detection\AgriFreshNET Freshness and Shelf-Life Image Datase\AgriFreshNET Freshness and Shelf-Life Image Datase\Processed Data\Processed Data\Rotten Bittermelon(5-8)\IMG_20260123_014014.jpg,Bittermelon,2,Rotten,Rotten,0.901,0.0001,0.0989,0.901,Rotten,0.9819,0.0001,0.0179,0.9819,Rotten,0.9893,0.0,0.0107,0.9893,Rotten,0.9896,0.0009,0.0095,0.9896,Rotten,0.9937,0.0003,0.006,0.9937
D:\ML Project Freshness Detection\AgriFreshNET Freshness and Shelf-Life Image Datase\AgriFreshNET Freshness and Shelf-Life Image Datase\Processed Data\Processed Data\Semi Fresh Cucumber(6-12)\aug_98_IMG_20260212_155503.jpg,Cucumber,1,Semi-Fresh,Fresh,0.6374,0.6374,0.3492,0.0134,Semi-Fresh,0.8269,0.1554,0.8269,0.0177,Semi-Fresh,0.915,0.0828,0.915,0.0022,Semi-Fresh,0.9833,0.0157,0.9833,0.001,Semi-Fresh,0.9914,0.0079,0.9914,0.0007
D:\ML Project Freshness Detection\AgriFreshNET Freshness and Shelf-Life Image Datase\AgriFreshNET Freshness and Shelf-Life Image Datase\Processed Data\Processed Data\Semi fresh Orange(9-20)\IMG-20251130-WA0044.jpg,Orange,1,Semi-Fresh,Semi-Fresh,0.79,0.2043,0.79,0.0057,Semi-Fresh,0.896,0.1016,0.896,0.0023,Semi-Fresh,0.9355,0.0567,0.9355,0.0079,Semi-Fresh,0.9814,0.0125,0.9814,0.0061,Semi-Fresh,0.6595,0.3371,0.6595,0.0034
D:\ML Project Freshness Detection\AgriFreshNET Freshness and Shelf-Life Image Datase\AgriFreshNET Freshness and Shelf-Life Image Datase\Processed Data\Processed Data\Rotten Tomato(24-35)\IMG_20260124_112852459_HDR_AE.jpg,Tomato,2,Rotten,Rotten,0.8851,0.0029,0.112,0.8851,Rotten,0.9966,0.0002,0.0031,0.9966,Rotten,0.9993,0.0,0.0007,0.9993,Rotten,0.999,0.0002,0.0008,0.999,Rotten,0.9991,0.0003,0.0005,0.9991
D:\ML Project Freshness Detection\AgriFreshNET Freshness and Shelf-Life Image Datase\AgriFreshNET Freshness and Shelf-Life Image Datase\Processed Data\Processed Data\Fresh eggplant(1-4)\aug_260_IMG_20251119_200018445_HDR.jpg,Eggplant,0,Fresh,Fresh,0.8517,0.8517,0.1467,0.0016,Fresh,0.9835,0.9835,0.0164,0.0001,Fresh,0.9949,0.9949,0.0051,0.0,Fresh,0.9926,0.9926,0.0068,0.0006,Fresh,0.9988,0.9988,0.001,0.0002
D:\ML Project Freshness Detection\AgriFreshNET Freshness and Shelf-Life Image Datase\AgriFreshNET Freshness and Shelf-Life Image Datase\Processed Data\Processed Data\Fresh Tomato(1-10)\IMG_20251201_184345612_HDR.jpg,Tomato,0,Fresh,Fresh,0.6832,0.6832,0.3153,0.0014,Fresh,0.663,0.663,0.3311,0.006,Semi-Fresh,0.6418,0.3559,0.6418,0.0022,Fresh,0.6506,0.6506,0.3404,0.009,Fresh,0.9808,0.9808,0.019,0.0002
D:\ML Project Freshness Detection\AgriFreshNET Freshness and Shelf-Life Image Datase\AgriFreshNET Freshness and Shelf-Life Image Datase\Processed Data\Processed Data\Semi Fresh Papaya(4-7)\aug_457_IMG_20260214_025258.jpg,Papaya,1,Semi-Fresh,Semi-Fresh,0.5226,0.4738,0.5226,0.0036,Semi-Fresh,0.9071,0.0854,0.9071,0.0075,Semi-Fresh,0.9837,0.0059,0.9837,0.0104,Semi-Fresh,0.9972,0.001,0.9972,0.0018,Semi-Fresh,0.9986,0.001,0.9986,0.0004
D:\ML Project Freshness Detection\AgriFreshNET Freshness and Shelf-Life Image Datase\AgriFreshNET Freshness and Shelf-Life Image Datase\Processed Data\Processed Data\Rotten banana(7-13)\aug_29_IMG_20251115_121157917_HDR_AE.jpg,Banana,2,Rotten,Rotten,0.9968,0.0001,0.0031,0.9968,Rotten,0.9982,0.0,0.0018,0.9982,Rotten,1.0,0.0,0.0,1.0,Rotten,0.9963,0.0009,0.0028,0.9963,Rotten,0.9995,0.0001,0.0004,0.9995
D:\ML Project Freshness Detection\AgriFreshNET Freshness and Shelf-Life Image Datase\AgriFreshNET Freshness and Shelf-Life Image Datase\Processed Data\Processed Data\Rotten Tomato(24-35)\aug_242_IMG_20260128_095532425_HDR_AE.jpg,Tomato,2,Rotten,Rotten,0.9612,0.0013,0.0375,0.9612,Rotten,0.9977,0.0002,0.0021,0.9977,Rotten,0.9982,0.0007,0.0011,0.9982,Rotten,0.9977,0.0007,0.0016,0.9977,Rotten,0.9998,0.0001,0.0002,0.9998
D:\ML Project Freshness Detection\AgriFreshNET Freshness and Shelf-Life Image Datase\AgriFreshNET Freshness and Shelf-Life Image Datase\Processed Data\Processed Data\Fresh eggplant(1-4)\aug_99_IMG_20251119_195605650_HDR.jpg,Eggplant,0,Fresh,Fresh,0.8614,0.8614,0.1383,0.0003,Fresh,0.9472,0.9472,0.0513,0.0014,Fresh,0.9584,0.9584,0.0409,0.0008,Fresh,0.9848,0.9848,0.014,0.0011,Fresh,0.9906,0.9906,0.0085,0.0009
D:\ML Project Freshness Detection\AgriFreshNET Freshness and Shelf-Life Image Datase\AgriFreshNET Freshness and Shelf-Life Image Datase\Processed Data\Processed Data\Semi fresh Pineapple (15-25)\aug_73_IMG-20251205-WA0026.jpg,Pineapple,1,Semi-Fresh,Semi-Fresh,0.9541,0.0336,0.9541,0.0123,Semi-Fresh,0.995,0.0035,0.995,0.0015,Semi-Fresh,0.9994,0.0003,0.9994,0.0004,Semi-Fresh,0.9917,0.0076,0.9917,0.0006,Semi-Fresh,0.9983,0.0014,0.9983,0.0003
D:\ML Project Freshness Detection\AgriFreshNET Freshness and Shelf-Life Image Datase\AgriFreshNET Freshness and Shelf-Life Image Datase\Processed Data\Processed Data\Rotten eggplant(8-15)\aug_197_IMG_20251126_194106823_HDR.jpg,Eggplant,2,Rotten,Rotten,0.9427,0.0131,0.0442,0.9427,Rotten,0.9992,0.0,0.0008,0.9992,Rotten,1.0,0.0,0.0,1.0,Rotten,0.9998,0.0001,0.0001,0.9998,Rotten,0.9996,0.0,0.0003,0.9996
D:\ML Project Freshness Detection\AgriFreshNET Freshness and Shelf-Life Image Datase\AgriFreshNET Freshness and Shelf-Life Image Datase\Processed Data\Processed Data\Fresh Tomato(1-10)\IMG_20251120_203708748_HDR.jpg,Tomato,0,Fresh,Fresh,0.7971,0.7971,0.1978,0.005,Fresh,0.9154,0.9154,0.0777,0.0069,Fresh,0.9766,0.9766,0.0231,0.0003,Fresh,0.9962,0.9962,0.003,0.0009,Fresh,0.9987,0.9987,0.0008,0.0006
D:\ML Project Freshness Detection\AgriFreshNET Freshness and Shelf-Life Image Datase\AgriFreshNET Freshness and Shelf-Life Image Datase\Processed Data\Processed Data\Fresh Banana(1-4)\aug_148_IMG_20251120_203609940_HDR.jpg,Banana,0,Fresh,Fresh,0.7768,0.7768,0.2053,0.0179,Fresh,0.9944,0.9944,0.0055,0.0001,Fresh,0.9986,0.9986,0.0013,0.0001,Fresh,0.982,0.982,0.0151,0.0029,Fresh,0.9943,0.9943,0.0042,0.0015
D:\ML Project Freshness Detection\AgriFreshNET Freshness and Shelf-Life Image Datase\AgriFreshNET Freshness and Shelf-Life Image Datase\Processed Data\Processed Data\Fresh Cucumber(1-6)\aug_102_IMG_20260116_030107.jpg,Cucumber,0,Fresh,Fresh,0.8921,0.8921,0.1077,0.0002,Fresh,0.9746,0.9746,0.0217,0.0037,Fresh,0.9064,0.9064,0.0926,0.001,Fresh,0.9472,0.9472,0.0498,0.003,Fresh,0.9849,0.9849,0.0144,0.0007
D:\ML Project Freshness Detection\AgriFreshNET Freshness and Shelf-Life Image Datase\AgriFreshNET Freshness and Shelf-Life Image Datase\Processed Data\Processed Data\Rotten Bittermelon(5-8)\IMG_20251124_022251.jpg,Bittermelon,2,Rotten,Rotten,0.522,0.0086,0.4693,0.522,Rotten,0.9862,0.0001,0.0137,0.9862,Rotten,0.9788,0.0008,0.0205,0.9788,Rotten,0.9889,0.0035,0.0076,0.9889,Rotten,0.9968,0.0008,0.0024,0.9968
D:\ML Project Freshness Detection\AgriFreshNET Freshness and Shelf-Life Image Datase\AgriFreshNET Freshness and Shelf-Life Image Datase\Processed Data\Processed Data\Semi fresh Orange(9-20)\IMG_20251118_165634364_HDR.jpg,Orange,1,Semi-Fresh,Semi-Fresh,0.9553,0.0443,0.9553,0.0004,Semi-Fresh,0.9417,0.0579,0.9417,0.0004,Semi-Fresh,0.918,0.0819,0.918,0.0001,Semi-Fresh,0.9977,0.0015,0.9977,0.0008,Semi-Fresh,0.9901,0.0096,0.9901,0.0003
D:\ML Project Freshness Detection\AgriFreshNET Freshness and Shelf-Life Image Datase\AgriFreshNET Freshness and Shelf-Life Image Datase\Processed Data\Processed Data\Semi fresh banana(4-7)\aug_117_IMG_20251122_112726127_HDR_AE.jpg,Banana,1,Semi-Fresh,Semi-Fresh,0.859,0.106,0.859,0.035,Semi-Fresh,0.7267,0.2635,0.7267,0.0099,Semi-Fresh,0.9361,0.0587,0.9361,0.0052,Semi-Fresh,0.9503,0.0407,0.9503,0.009,Semi-Fresh,0.993,0.006,0.993,0.001
D:\ML Project Freshness Detection\AgriFreshNET Freshness and Shelf-Life Image Datase\AgriFreshNET Freshness and Shelf-Life Image Datase\Processed Data\Processed Data\Fresh Cucumber(1-6)\IMG_20251103_090445.jpg,Cucumber,0,Fresh,Fresh,0.7942,0.7942,0.1953,0.0106,Fresh,0.8352,0.8352,0.1588,0.006,Fresh,0.9515,0.9515,0.0445,0.004,Fresh,0.9786,0.9786,0.019,0.0024,Fresh,0.9824,0.9824,0.0149,0.0027
D:\ML Project Freshness Detection\AgriFreshNET Freshness and Shelf-Life Image Datase\AgriFreshNET Freshness and Shelf-Life Image Datase\Processed Data\Processed Data\Rotten Orange(20-35)\aug_334_IMG-20251215-WA0013.jpg,Orange,2,Rotten,Rotten,0.9039,0.0088,0.0873,0.9039,Rotten,0.963,0.0009,0.0361,0.963,Rotten,0.9759,0.0003,0.0237,0.9759,Rotten,0.9978,0.0005,0.0017,0.9978,Rotten,0.9937,0.0001,0.0061,0.9937
D:\ML Project Freshness Detection\AgriFreshNET Freshness and Shelf-Life Image Datase\AgriFreshNET Freshness and Shelf-Life Image Datase\Processed Data\Processed Data\Semi fresh Orange(9-20)\IMG_20251125_185915084_HDR.jpg,Orange,1,Semi-Fresh,Semi-Fresh,0.9919,0.0068,0.9919,0.0014,Semi-Fresh,0.9991,0.0003,0.9991,0.0006,Semi-Fresh,1.0,0.0,1.0,0.0,Semi-Fresh,0.9992,0.0002,0.9992,0.0007,Semi-Fresh,0.9993,0.0004,0.9993,0.0003
D:\ML Project Freshness Detection\AgriFreshNET Freshness and Shelf-Life Image Datase\AgriFreshNET Freshness and Shelf-Life Image Datase\Processed Data\Processed Data\Semi_Fresh eggplant(4-8)\IMG_20251127_192646902_HDR.jpg,Eggplant,1,Semi-Fresh,Fresh,0.7494,0.7494,0.2494,0.0012,Semi-Fresh,0.951,0.0458,0.951,0.0032,Semi-Fresh,0.9824,0.0127,0.9824,0.0049,Semi-Fresh,0.9709,0.0067,0.9709,0.0224,Semi-Fresh,0.9675,0.0297,0.9675,0.0028
D:\ML Project Freshness Detection\AgriFreshNET Freshness and Shelf-Life Image Datase\AgriFreshNET Freshness and Shelf-Life Image Datase\Processed Data\Processed Data\Semi fresh Tomato(10-24)\IMG_20251115_121703726_HDR_AE.jpg,Tomato,1,Semi-Fresh,Semi-Fresh,0.6673,0.3165,0.6673,0.0162,Semi-Fresh,0.8268,0.1225,0.8268,0.0507,Fresh,0.6952,0.6952,0.2962,0.0086,Fresh,0.5253,0.5253,0.4208,0.0539,Semi-Fresh,0.8178,0.1796,0.8178,0.0026
D:\ML Project Freshness Detection\AgriFreshNET Freshness and Shelf-Life Image Datase\AgriFreshNET Freshness and Shelf-Life Image Datase\Processed Data\Processed Data\Semi fresh Tomato(10-24)\IMG_20251113_124014550_HDR_AE.jpg,Tomato,1,Semi-Fresh,Semi-Fresh,0.8979,0.0945,0.8979,0.0076,Semi-Fresh,0.9131,0.0836,0.9131,0.0033,Semi-Fresh,0.754,0.2449,0.754,0.0011,Semi-Fresh,0.9764,0.0211,0.9764,0.0025,Semi-Fresh,0.9908,0.0084,0.9908,0.0008
D:\ML Project Freshness Detection\AgriFreshNET Freshness and Shelf-Life Image Datase\AgriFreshNET Freshness and Shelf-Life Image Datase\Processed Data\Processed Data\Rotten Bittermelon(5-8)\aug_200_IMG_20251202_020458.jpg,Bittermelon,2,Rotten,Rotten,0.9912,0.0005,0.0082,0.9912,Rotten,0.9991,0.0001,0.0008,0.9991,Rotten,0.9999,0.0,0.0,0.9999,Rotten,0.998,0.0011,0.0009,0.998,Rotten,0.9992,0.0001,0.0007,0.9992
D:\ML Project Freshness Detection\AgriFreshNET Freshness and Shelf-Life Image Datase\AgriFreshNET Freshness and Shelf-Life Image Datase\Processed Data\Processed Data\Rotten banana(7-13)\aug_131_IMG_20251115_121024447_HDR_AE.jpg,Banana,2,Rotten,Rotten,0.9999,0.0,0.0001,0.9999,Rotten,0.9988,0.0001,0.0012,0.9988,Rotten,0.9998,0.0,0.0002,0.9998,Rotten,0.9988,0.0002,0.0009,0.9988,Rotten,0.9997,0.0,0.0003,0.9997
D:\ML Project Freshness Detection\AgriFreshNET Freshness and Shelf-Life Image Datase\AgriFreshNET Freshness and Shelf-Life Image Datase\Processed Data\Processed Data\Rotten Bittermelon(5-8)\aug_88_IMG_20251124_021253.jpg,Bittermelon,2,Rotten,Rotten,0.8794,0.0073,0.1132,0.8794,Rotten,0.4965,0.056,0.4475,0.4965,Rotten,0.9083,0.0037,0.0881,0.9083,Rotten,0.9902,0.0011,0.0087,0.9902,Rotten,0.9935,0.0014,0.0052,0.9935
D:\ML Project Freshness Detection\AgriFreshNET Freshness and Shelf-Life Image Datase\AgriFreshNET Freshness and Shelf-Life Image Datase\Processed Data\Processed Data\Rotten Cucumber(12-20)\aug_343_IMG_20251123_012342.jpg,Cucumber,2,Rotten,Rotten,0.9917,0.0011,0.0073,0.9917,Rotten,0.9973,0.0002,0.0025,0.9973,Rotten,0.9999,0.0,0.0001,0.9999,Rotten,0.9974,0.0011,0.0015,0.9974,Rotten,0.9995,0.0002,0.0003,0.9995
D:\ML Project Freshness Detection\AgriFreshNET Freshness and Shelf-Life Image Datase\AgriFreshNET Freshness and Shelf-Life Image Datase\Processed Data\Processed Data\Semi fresh banana(4-7)\IMG_20251123_105816928_HDR_AE.jpg,Banana,1,Semi-Fresh,Semi-Fresh,0.771,0.0476,0.771,0.1814,Semi-Fresh,0.9531,0.0164,0.9531,0.0305,Semi-Fresh,0.9736,0.025,0.9736,0.0014,Semi-Fresh,0.9745,0.0081,0.9745,0.0174,Semi-Fresh,0.9947,0.0025,0.9947,0.0028
D:\ML Project Freshness Detection\AgriFreshNET Freshness and Shelf-Life Image Datase\AgriFreshNET Freshness and Shelf-Life Image Datase\Processed Data\Processed Data\Semi fresh Orange(9-20)\IMG_20251123_221408581_HDR.jpg,Orange,1,Semi-Fresh,Semi-Fresh,0.8913,0.1084,0.8913,0.0003,Semi-Fresh,0.9932,0.0057,0.9932,0.001,Semi-Fresh,0.9834,0.0163,0.9834,0.0003,Semi-Fresh,0.9989,0.0008,0.9989,0.0003,Semi-Fresh,0.9983,0.0014,0.9983,0.0002
D:\ML Project Freshness Detection\AgriFreshNET Freshness and Shelf-Life Image Datase\AgriFreshNET Freshness and Shelf-Life Image Datase\Processed Data\Processed Data\Fresh Papaya(1-4)\aug_130_IMG_20260114_004650.jpg,Papaya,0,Fresh,Fresh,0.4967,0.4967,0.3878,0.1156,Fresh,0.9189,0.9189,0.0788,0.0023,Fresh,0.9974,0.9974,0.0024,0.0002,Fresh,0.9957,0.9957,0.0041,0.0002,Fresh,0.965,0.965,0.0341,0.0009
D:\ML Project Freshness Detection\AgriFreshNET Freshness and Shelf-Life Image Datase\AgriFreshNET Freshness and Shelf-Life Image Datase\Processed Data\Processed Data\Rotten Papaya(7-12)\IMG_20251202_021435.jpg,Papaya,2,Rotten,Rotten,0.9827,0.0006,0.0166,0.9827,Rotten,0.9991,0.0,0.0008,0.9991,Rotten,0.9956,0.0,0.0044,0.9956,Rotten,0.9977,0.0002,0.0021,0.9977,Rotten,0.9986,0.0001,0.0013,0.9986
D:\ML Project Freshness Detection\AgriFreshNET Freshness and Shelf-Life Image Datase\AgriFreshNET Freshness and Shelf-Life Image Datase\Processed Data\Processed Data\Semi Fresh Cucumber(6-12)\aug_135_IMG_20260122_003546.jpg,Cucumber,1,Semi-Fresh,Semi-Fresh,0.937,0.0517,0.937,0.0113,Semi-Fresh,0.8166,0.0455,0.8166,0.1379,Semi-Fresh,0.895,0.0998,0.895,0.0052,Semi-Fresh,0.9869,0.0071,0.9869,0.006,Semi-Fresh,0.9843,0.0144,0.9843,0.0014
D:\ML Project Freshness Detection\AgriFreshNET Freshness and Shelf-Life Image Datase\AgriFreshNET Freshness and Shelf-Life Image Datase\Processed Data\Processed Data\Rotten Pineapple(25-35)\IMG-20260130-WA0124.jpg,Pineapple,2,Rotten,Rotten,0.9991,0.0003,0.0006,0.9991,Rotten,0.994,0.003,0.003,0.994,Rotten,0.9996,0.0003,0.0002,0.9996,Rotten,0.9708,0.0119,0.0173,0.9708,Rotten,0.9999,0.0,0.0001,0.9999
D:\ML Project Freshness Detection\AgriFreshNET Freshness and Shelf-Life Image Datase\AgriFreshNET Freshness and Shelf-Life Image Datase\Processed Data\Processed Data\Fresh Bittermelon(1-3)\aug_49_IMG_20251121_081512.jpg,Bittermelon,0,Fresh,Fresh,0.9502,0.9502,0.0491,0.0007,Fresh,0.8479,0.8479,0.1125,0.0396,Fresh,0.9975,0.9975,0.0022,0.0003,Fresh,0.9687,0.9687,0.0266,0.0047,Fresh,0.9899,0.9899,0.0073,0.0028
D:\ML Project Freshness Detection\AgriFreshNET Freshness and Shelf-Life Image Datase\AgriFreshNET Freshness and Shelf-Life Image Datase\Processed Data\Processed Data\Fresh Orange(1-9)\aug_2_IMG-20251112-WA0020.jpg,Orange,0,Fresh,Fresh,0.7572,0.7572,0.218,0.0248,Fresh,0.9288,0.9288,0.0698,0.0013,Fresh,0.9593,0.9593,0.0403,0.0004,Fresh,0.9867,0.9867,0.0115,0.0018,Fresh,0.9654,0.9654,0.0328,0.0018
D:\ML Project Freshness Detection\AgriFreshNET Freshness and Shelf-Life Image Datase\AgriFreshNET Freshness and Shelf-Life Image Datase\Processed Data\Processed Data\Rotten banana(7-13)\IMG_20251111_142427642_HDR_AE.jpg,Banana,2,Rotten,Rotten,0.9921,0.0001,0.0078,0.9921,Rotten,0.991,0.0003,0.0087,0.991,Rotten,0.9936,0.0001,0.0063,0.9936,Rotten,0.9993,0.0001,0.0007,0.9993,Rotten,0.9995,0.0,0.0004,0.9995
D:\ML Project Freshness Detection\AgriFreshNET Freshness and Shelf-Life Image Datase\AgriFreshNET Freshness and Shelf-Life Image Datase\Processed Data\Processed Data\Semi_Fresh eggplant(4-8)\aug_84_IMG_20251122_205318460_HDR.jpg,Eggplant,1,Semi-Fresh,Semi-Fresh,0.7958,0.2035,0.7958,0.0007,Semi-Fresh,0.8477,0.1456,0.8477,0.0068,Semi-Fresh,0.6934,0.3017,0.6934,0.0048,Semi-Fresh,0.7176,0.2776,0.7176,0.0049,Semi-Fresh,0.9808,0.0115,0.9808,0.0078
D:\ML Project Freshness Detection\AgriFreshNET Freshness and Shelf-Life Image Datase\AgriFreshNET Freshness and Shelf-Life Image Datase\Processed Data\Processed Data\Fresh Tomato(1-10)\IMG_20251130_181327350_HDR.jpg,Tomato,0,Fresh,Fresh,0.7794,0.7794,0.2133,0.0073,Fresh,0.8329,0.8329,0.0678,0.0994,Fresh,0.9832,0.9832,0.0142,0.0026,Fresh,0.99,0.99,0.0044,0.0056,Fresh,0.9953,0.9953,0.0027,0.002
D:\ML Project Freshness Detection\AgriFreshNET Freshness and Shelf-Life Image Datase\AgriFreshNET Freshness and Shelf-Life Image Datase\Processed Data\Processed Data\Fresh pineapple(1-15)\aug_304_IMG_20251109_113032203_HDR_AE.jpg,Pineapple,0,Fresh,Fresh,0.8963,0.8963,0.1022,0.0015,Fresh,0.9556,0.9556,0.0438,0.0005,Fresh,0.9947,0.9947,0.0053,0.0,Fresh,0.9984,0.9984,0.0015,0.0001,Fresh,0.9991,0.9991,0.0009,0.0001
D:\ML Project Freshness Detection\AgriFreshNET Freshness and Shelf-Life Image Datase\AgriFreshNET Freshness and Shelf-Life Image Datase\Processed Data\Processed Data\Rotten Cucumber(12-20)\aug_267_IMG_20251123_012442.jpg,Cucumber,2,Rotten,Rotten,0.9932,0.0012,0.0056,0.9932,Rotten,0.9855,0.0016,0.0129,0.9855,Rotten,0.9998,0.0,0.0001,0.9998,Rotten,0.9976,0.001,0.0013,0.9976,Rotten,0.9993,0.0003,0.0004,0.9993
D:\ML Project Freshness Detection\AgriFreshNET Freshness and Shelf-Life Image Datase\AgriFreshNET Freshness and Shelf-Life Image Datase\Processed Data\Processed Data\Semi fresh Orange(9-20)\IMG-20251130-WA0031.jpg,Orange,1,Semi-Fresh,Semi-Fresh,0.9107,0.077,0.9107,0.0124,Semi-Fresh,0.9888,0.0014,0.9888,0.0098,Semi-Fresh,0.9839,0.006,0.9839,0.0101,Semi-Fresh,0.9898,0.0061,0.9898,0.0041,Semi-Fresh,0.9944,0.0054,0.9944,0.0003
D:\ML Project Freshness Detection\AgriFreshNET Freshness and Shelf-Life Image Datase\AgriFreshNET Freshness and Shelf-Life Image Datase\Processed Data\Processed Data\Fresh Orange(1-9)\aug_114_IMG-20251117-WA0000.jpg,Orange,0,Fresh,Fresh,0.9882,0.9882,0.0118,0.0,Fresh,0.9906,0.9906,0.0094,0.0,Fresh,0.9965,0.9965,0.0035,0.0001,Fresh,0.9908,0.9908,0.0083,0.0009,Fresh,0.9928,0.9928,0.0068,0.0004
D:\ML Project Freshness Detection\AgriFreshNET Freshness and Shelf-Life Image Datase\AgriFreshNET Freshness and Shelf-Life Image Datase\Processed Data\Processed Data\Rotten Pineapple(25-35)\aug_349_IMG-20260128-WA0077.jpg,Pineapple,2,Rotten,Rotten,0.9831,0.0009,0.016,0.9831,Rotten,0.9952,0.0035,0.0014,0.9952,Rotten,0.9909,0.0002,0.009,0.9909,Rotten,0.9979,0.0006,0.0015,0.9979,Rotten,0.9997,0.0001,0.0002,0.9997
D:\ML Project Freshness Detection\AgriFreshNET Freshness and Shelf-Life Image Datase\AgriFreshNET Freshness and Shelf-Life Image Datase\Processed Data\Processed Data\Semi Fresh Papaya(4-7)\aug_491_IMG_20260120_004500.jpg,Papaya,1,Semi-Fresh,Semi-Fresh,0.6928,0.1672,0.6928,0.14,Semi-Fresh,0.7378,0.0124,0.7378,0.2498,Semi-Fresh,0.9852,0.0063,0.9852,0.0085,Semi-Fresh,0.999,0.0001,0.999,0.0009,Semi-Fresh,0.9992,0.0002,0.9992,0.0006
D:\ML Project Freshness Detection\AgriFreshNET Freshness and Shelf-Life Image Datase\AgriFreshNET Freshness and Shelf-Life Image Datase\Processed Data\Processed Data\Rotten Papaya(7-12)\IMG_20260130_163359.jpg,Papaya,2,Rotten,Rotten,0.9965,0.0005,0.003,0.9965,Rotten,0.9999,0.0,0.0001,0.9999,Rotten,0.9983,0.0002,0.0015,0.9983,Rotten,0.9976,0.0009,0.0015,0.9976,Rotten,0.9999,0.0,0.0001,0.9999
D:\ML Project Freshness Detection\AgriFreshNET Freshness and Shelf-Life Image Datase\AgriFreshNET Freshness and Shelf-Life Image Datase\Processed Data\Processed Data\Semi fresh Pineapple (15-25)\aug_21_IMG-20251205-WA0028.jpg,Pineapple,1,Semi-Fresh,Semi-Fresh,0.9327,0.0305,0.9327,0.0368,Semi-Fresh,0.9757,0.0054,0.9757,0.0189,Semi-Fresh,0.9778,0.0208,0.9778,0.0014,Semi-Fresh,0.982,0.0139,0.982,0.0041,Semi-Fresh,0.9986,0.0009,0.9986,0.0005
D:\ML Project Freshness Detection\AgriFreshNET Freshness and Shelf-Life Image Datase\AgriFreshNET Freshness and Shelf-Life Image Datase\Processed Data\Processed Data\Fresh Orange(1-9)\aug_215_IMG-20251115-WA0010.jpg,Orange,0,Fresh,Fresh,0.9802,0.9802,0.0189,0.0008,Fresh,0.9794,0.9794,0.0202,0.0004,Fresh,0.9976,0.9976,0.0021,0.0002,Fresh,0.9974,0.9974,0.002,0.0006,Fresh,0.9889,0.9889,0.0099,0.0012
D:\ML Project Freshness Detection\AgriFreshNET Freshness and Shelf-Life Image Datase\AgriFreshNET Freshness and Shelf-Life Image Datase\Processed Data\Processed Data\Semi fresh banana(4-7)\IMG_20251123_105926562_HDR_AE.jpg,Banana,1,Semi-Fresh,Semi-Fresh,0.887,0.0941,0.887,0.019,Semi-Fresh,0.9845,0.0113,0.9845,0.0042,Semi-Fresh,0.6822,0.3131,0.6822,0.0047,Semi-Fresh,0.9817,0.0168,0.9817,0.0015,Semi-Fresh,0.9292,0.0705,0.9292,0.0003
D:\ML Project Freshness Detection\AgriFreshNET Freshness and Shelf-Life Image Datase\AgriFreshNET Freshness and Shelf-Life Image Datase\Processed Data\Processed Data\Fresh Papaya(1-4)\aug_245_IMG_20251123_012901.jpg,Papaya,0,Fresh,Fresh,0.6284,0.6284,0.3626,0.009,Fresh,0.6974,0.6974,0.3002,0.0024,Fresh,0.9808,0.9808,0.0189,0.0002,Fresh,0.9862,0.9862,0.0135,0.0003,Fresh,0.9961,0.9961,0.0034,0.0004
D:\ML Project Freshness Detection\AgriFreshNET Freshness and Shelf-Life Image Datase\AgriFreshNET Freshness and Shelf-Life Image Datase\Processed Data\Processed Data\Fresh Bittermelon(1-3)\aug_176_IMG_20260116_030004.jpg,Bittermelon,0,Fresh,Fresh,0.9896,0.9896,0.0103,0.0001,Fresh,0.9988,0.9988,0.0012,0.0,Fresh,0.9998,0.9998,0.0002,0.0,Fresh,0.9976,0.9976,0.0016,0.0008,Fresh,0.9992,0.9992,0.0005,0.0003
D:\ML Project Freshness Detection\AgriFreshNET Freshness and Shelf-Life Image Datase\AgriFreshNET Freshness and Shelf-Life Image Datase\Processed Data\Processed Data\Semi Fresh Bittermelon ( 3-5)\aug_58_IMG_20251123_013420.jpg,Bittermelon,1,Semi-Fresh,Semi-Fresh,0.9856,0.0087,0.9856,0.0056,Semi-Fresh,0.9886,0.0005,0.9886,0.0109,Semi-Fresh,0.998,0.0,0.998,0.002,Semi-Fresh,0.9942,0.0023,0.9942,0.0035,Semi-Fresh,0.9997,0.0001,0.9997,0.0002
D:\ML Project Freshness Detection\AgriFreshNET Freshness and Shelf-Life Image Datase\AgriFreshNET Freshness and Shelf-Life Image Datase\Processed Data\Processed Data\Rotten eggplant(8-15)\aug_386_IMG_20251126_194106823_HDR.jpg,Eggplant,2,Rotten,Rotten,0.9661,0.0053,0.0285,0.9661,Rotten,0.9989,0.0,0.0011,0.9989,Rotten,1.0,0.0,0.0,1.0,Rotten,0.9997,0.0001,0.0002,0.9997,Rotten,0.9997,0.0,0.0002,0.9997
D:\ML Project Freshness Detection\AgriFreshNET Freshness and Shelf-Life Image Datase\AgriFreshNET Freshness and Shelf-Life Image Datase\Processed Data\Processed Data\Rotten Pineapple(25-35)\aug_29_IMG-20260128-WA0067.jpg,Pineapple,2,Rotten,Rotten,0.7707,0.0159,0.2134,0.7707,Rotten,0.742,0.006,0.252,0.742,Rotten,0.8313,0.0,0.1686,0.8313,Rotten,0.9339,0.0018,0.0643,0.9339,Rotten,0.9997,0.0001,0.0003,0.9997
D:\ML Project Freshness Detection\AgriFreshNET Freshness and Shelf-Life Image Datase\AgriFreshNET Freshness and Shelf-Life Image Datase\Processed Data\Processed Data\Semi Fresh Cucumber(6-12)\aug_14_IMG_20260120_004339.jpg,Cucumber,1,Semi-Fresh,Semi-Fresh,0.7912,0.1727,0.7912,0.0361,Semi-Fresh,0.7618,0.2199,0.7618,0.0184,Semi-Fresh,0.6104,0.3686,0.6104,0.021,Semi-Fresh,0.9475,0.0299,0.9475,0.0226,Semi-Fresh,0.9304,0.0518,0.9304,0.0178
D:\ML Project Freshness Detection\AgriFreshNET Freshness and Shelf-Life Image Datase\AgriFreshNET Freshness and Shelf-Life Image Datase\Processed Data\Processed Data\Fresh pineapple(1-15)\aug_222_IMG_20251115_122147018_HDR_AE.jpg,Pineapple,0,Fresh,Semi-Fresh,0.5536,0.4227,0.5536,0.0237,Fresh,0.8085,0.8085,0.1904,0.0011,Fresh,0.9544,0.9544,0.0456,0.0,Fresh,0.9542,0.9542,0.0454,0.0005,Fresh,0.9477,0.9477,0.0516,0.0007
D:\ML Project Freshness Detection\AgriFreshNET Freshness and Shelf-Life Image Datase\AgriFreshNET Freshness and Shelf-Life Image Datase\Processed Data\Processed Data\Fresh Orange(1-9)\aug_200_IMG-20251119-WA0015.jpg,Orange,0,Fresh,Semi-Fresh,0.5493,0.4404,0.5493,0.0103,Fresh,0.8103,0.8103,0.1885,0.0013,Fresh,0.9939,0.9939,0.006,0.0001,Fresh,0.8926,0.8926,0.1034,0.004,Fresh,0.9816,0.9816,0.0167,0.0017
D:\ML Project Freshness Detection\AgriFreshNET Freshness and Shelf-Life Image Datase\AgriFreshNET Freshness and Shelf-Life Image Datase\Processed Data\Processed Data\Fresh Cucumber(1-6)\aug_215_IMG_20260116_030141.jpg,Cucumber,0,Fresh,Fresh,0.972,0.972,0.028,0.0,Fresh,0.9842,0.9842,0.0148,0.001,Fresh,0.9918,0.9918,0.0081,0.0,Fresh,0.8496,0.8496,0.1424,0.008,Fresh,0.9831,0.9831,0.0164,0.0005
D:\ML Project Freshness Detection\AgriFreshNET Freshness and Shelf-Life Image Datase\AgriFreshNET Freshness and Shelf-Life Image Datase\Processed Data\Processed Data\Semi fresh Tomato(10-24)\IMG_20251130_181836849_HDR.jpg,Tomato,1,Semi-Fresh,Semi-Fresh,0.6377,0.3177,0.6377,0.0445,Semi-Fresh,0.7731,0.2098,0.7731,0.0171,Semi-Fresh,0.9721,0.0234,0.9721,0.0044,Semi-Fresh,0.9448,0.0448,0.9448,0.0104,Semi-Fresh,0.5157,0.4816,0.5157,0.0027
D:\ML Project Freshness Detection\AgriFreshNET Freshness and Shelf-Life Image Datase\AgriFreshNET Freshness and Shelf-Life Image Datase\Processed Data\Processed Data\Fresh Papaya(1-4)\aug_342_IMG_20260114_004738.jpg,Papaya,0,Fresh,Fresh,0.9616,0.9616,0.0226,0.0158,Fresh,0.9967,0.9967,0.0029,0.0004,Fresh,0.9878,0.9878,0.0006,0.0116,Fresh,0.9985,0.9985,0.0012,0.0003,Fresh,0.9986,0.9986,0.0008,0.0007
D:\ML Project Freshness Detection\AgriFreshNET Freshness and Shelf-Life Image Datase\AgriFreshNET Freshness and Shelf-Life Image Datase\Processed Data\Processed Data\Semi Fresh Cucumber(6-12)\aug_288_IMG_20260212_155613_1.jpg,Cucumber,1,Semi-Fresh,Semi-Fresh,0.8634,0.1328,0.8634,0.0038,Semi-Fresh,0.9619,0.0214,0.9619,0.0167,Semi-Fresh,0.967,0.0209,0.967,0.0122,Semi-Fresh,0.9765,0.005,0.9765,0.0185,Semi-Fresh,0.9994,0.0004,0.9994,0.0002
D:\ML Project Freshness Detection\AgriFreshNET Freshness and Shelf-Life Image Datase\AgriFreshNET Freshness and Shelf-Life Image Datase\Processed Data\Processed Data\Fresh Papaya(1-4)\aug_207_IMG_20260114_004846.jpg,Papaya,0,Fresh,Fresh,0.982,0.982,0.0176,0.0004,Fresh,0.9865,0.9865,0.0128,0.0006,Fresh,0.9954,0.9954,0.0044,0.0002,Fresh,0.9855,0.9855,0.0124,0.0021,Fresh,0.9862,0.9862,0.0128,0.0011
D:\ML Project Freshness Detection\AgriFreshNET Freshness and Shelf-Life Image Datase\AgriFreshNET Freshness and Shelf-Life Image Datase\Processed Data\Processed Data\Fresh Tomato(1-10)\IMG_20251127_191842033_HDR.jpg,Tomato,0,Fresh,Fresh,0.85,0.85,0.1484,0.0016,Fresh,0.8716,0.8716,0.1211,0.0073,Fresh,0.9261,0.9261,0.073,0.0009,Fresh,0.9935,0.9935,0.0059,0.0007,Fresh,0.9995,0.9995,0.0005,0.0001
D:\ML Project Freshness Detection\AgriFreshNET Freshness and Shelf-Life Image Datase\AgriFreshNET Freshness and Shelf-Life Image Datase\Processed Data\Processed Data\Rotten Bittermelon(5-8)\aug_362_IMG_20260125_005710.jpg,Bittermelon,2,Rotten,Rotten,0.9565,0.0,0.0435,0.9565,Rotten,0.9874,0.0001,0.0126,0.9874,Rotten,0.9901,0.0002,0.0097,0.9901,Rotten,0.998,0.0003,0.0018,0.998,Rotten,0.9991,0.0001,0.0007,0.9991
D:\ML Project Freshness Detection\AgriFreshNET Freshness and Shelf-Life Image Datase\AgriFreshNET Freshness and Shelf-Life Image Datase\Processed Data\Processed Data\Fresh Orange(1-9)\aug_239_IMG-20251122-WA0012.jpg,Orange,0,Fresh,Fresh,0.6805,0.6805,0.3105,0.009,Fresh,0.5274,0.5274,0.4687,0.0039,Semi-Fresh,0.6464,0.3522,0.6464,0.0014,Fresh,0.7231,0.7231,0.2641,0.0128,Fresh,0.5069,0.5069,0.4913,0.0017
D:\ML Project Freshness Detection\AgriFreshNET Freshness and Shelf-Life Image Datase\AgriFreshNET Freshness and Shelf-Life Image Datase\Processed Data\Processed Data\Fresh pineapple(1-15)\aug_105_IMG-20251125-WA0015.jpg,Pineapple,0,Fresh,Fresh,0.9891,0.9891,0.0109,0.0,Fresh,0.9949,0.9949,0.0049,0.0002,Fresh,0.9999,0.9999,0.0001,0.0,Fresh,0.9996,0.9996,0.0004,0.0,Fresh,0.9994,0.9994,0.0004,0.0001
D:\ML Project Freshness Detection\AgriFreshNET Freshness and Shelf-Life Image Datase\AgriFreshNET Freshness and Shelf-Life Image Datase\Processed Data\Processed Data\Fresh pineapple(1-15)\aug_238_IMG_20251102_081345249_HDR_AE.jpg,Pineapple,0,Fresh,Fresh,0.625,0.625,0.2905,0.0846,Fresh,0.6917,0.6917,0.3012,0.0071,Fresh,0.9738,0.9738,0.0171,0.009,Fresh,0.9843,0.9843,0.0144,0.0013,Fresh,0.9928,0.9928,0.0063,0.0009
D:\ML Project Freshness Detection\AgriFreshNET Freshness and Shelf-Life Image Datase\AgriFreshNET Freshness and Shelf-Life Image Datase\Processed Data\Processed Data\Semi fresh Pineapple (15-25)\aug_331_IMG_20251116_220758571_HDR.jpg,Pineapple,1,Semi-Fresh,Semi-Fresh,0.971,0.0253,0.971,0.0038,Semi-Fresh,0.9793,0.0062,0.9793,0.0145,Semi-Fresh,0.9911,0.0085,0.9911,0.0004,Semi-Fresh,0.9951,0.0042,0.9951,0.0008,Semi-Fresh,0.999,0.0002,0.999,0.0008
D:\ML Project Freshness Detection\AgriFreshNET Freshness and Shelf-Life Image Datase\AgriFreshNET Freshness and Shelf-Life Image Datase\Processed Data\Processed Data\Fresh Banana(1-4)\IMG_20251120_203543943_HDR.jpg,Banana,0,Fresh,Fresh,0.9755,0.9755,0.0238,0.0007,Fresh,0.9739,0.9739,0.0257,0.0004,Fresh,0.9836,0.9836,0.0162,0.0002,Fresh,0.9956,0.9956,0.0039,0.0005,Fresh,0.9994,0.9994,0.0005,0.0001
D:\ML Project Freshness Detection\AgriFreshNET Freshness and Shelf-Life Image Datase\AgriFreshNET Freshness and Shelf-Life Image Datase\Processed Data\Processed Data\Rotten eggplant(8-15)\aug_172_IMG_20251110_094504778_HDR_AE.jpg,Eggplant,2,Rotten,Rotten,0.9713,0.0081,0.0207,0.9713,Rotten,0.9976,0.0002,0.0022,0.9976,Rotten,0.9916,0.0001,0.0083,0.9916,Rotten,0.9937,0.0031,0.0032,0.9937,Rotten,0.9972,0.0006,0.0022,0.9972
D:\ML Project Freshness Detection\AgriFreshNET Freshness and Shelf-Life Image Datase\AgriFreshNET Freshness and Shelf-Life Image Datase\Processed Data\Processed Data\Fresh Papaya(1-4)\IMG_20260114_004922.jpg,Papaya,0,Fresh,Fresh,0.9915,0.9915,0.0061,0.0024,Fresh,0.9397,0.9397,0.0573,0.003,Fresh,0.9897,0.9897,0.0054,0.0049,Fresh,0.9873,0.9873,0.01,0.0027,Fresh,0.9978,0.9978,0.0018,0.0005
D:\ML Project Freshness Detection\AgriFreshNET Freshness and Shelf-Life Image Datase\AgriFreshNET Freshness and Shelf-Life Image Datase\Processed Data\Processed Data\Semi fresh banana(4-7)\aug_65_IMG_20251108_121308337_HDR_AE.jpg,Banana,1,Semi-Fresh,Rotten,0.672,0.0052,0.3228,0.672,Semi-Fresh,0.8426,0.005,0.8426,0.1524,Semi-Fresh,0.8596,0.0021,0.8596,0.1383,Semi-Fresh,0.5576,0.0091,0.5576,0.4333,Semi-Fresh,0.9944,0.0006,0.9944,0.005
D:\ML Project Freshness Detection\AgriFreshNET Freshness and Shelf-Life Image Datase\AgriFreshNET Freshness and Shelf-Life Image Datase\Processed Data\Processed Data\Rotten Orange(20-35)\aug_150_IMG-20251227-WA0011.jpg,Orange,2,Rotten,Rotten,0.9376,0.0091,0.0533,0.9376,Rotten,0.992,0.0024,0.0056,0.992,Rotten,0.9984,0.0008,0.0009,0.9984,Rotten,0.9724,0.0054,0.0222,0.9724,Rotten,0.9999,0.0,0.0001,0.9999
D:\ML Project Freshness Detection\AgriFreshNET Freshness and Shelf-Life Image Datase\AgriFreshNET Freshness and Shelf-Life Image Datase\Processed Data\Processed Data\Rotten Pineapple(25-35)\aug_287_IMG_20251127_193353040_HDR.jpg,Pineapple,2,Rotten,Semi-Fresh,0.5197,0.0276,0.5197,0.4527,Rotten,0.9002,0.0101,0.0897,0.9002,Rotten,0.9878,0.0004,0.0118,0.9878,Rotten,0.9857,0.0007,0.0136,0.9857,Rotten,0.999,0.0001,0.0009,0.999
D:\ML Project Freshness Detection\AgriFreshNET Freshness and Shelf-Life Image Datase\AgriFreshNET Freshness and Shelf-Life Image Datase\Processed Data\Processed Data\Fresh Bittermelon(1-3)\IMG_20251027_171150.jpg,Bittermelon,0,Fresh,Fresh,0.9992,0.9992,0.0008,0.0,Fresh,0.9974,0.9974,0.0024,0.0001,Fresh,0.9995,0.9995,0.0004,0.0,Fresh,0.9937,0.9937,0.0054,0.0009,Fresh,0.9995,0.9995,0.0004,0.0001
D:\ML Project Freshness Detection\AgriFreshNET Freshness and Shelf-Life Image Datase\AgriFreshNET Freshness and Shelf-Life Image Datase\Processed Data\Processed Data\Fresh Cucumber(1-6)\aug_359_IMG_20260116_030149.jpg,Cucumber,0,Fresh,Fresh,0.9917,0.9917,0.0082,0.0001,Fresh,0.9943,0.9943,0.0052,0.0005,Fresh,0.9999,0.9999,0.0001,0.0,Fresh,0.9901,0.9901,0.0096,0.0004,Fresh,0.9975,0.9975,0.002,0.0005
D:\ML Project Freshness Detection\AgriFreshNET Freshness and Shelf-Life Image Datase\AgriFreshNET Freshness and Shelf-Life Image Datase\Processed Data\Processed Data\Fresh Papaya(1-4)\IMG_20260114_004742.jpg,Papaya,0,Fresh,Fresh,0.9926,0.9926,0.0069,0.0005,Fresh,0.9988,0.9988,0.0011,0.0001,Fresh,0.98,0.98,0.0036,0.0164,Fresh,0.9886,0.9886,0.009,0.0024,Fresh,0.9993,0.9993,0.0006,0.0001
D:\ML Project Freshness Detection\AgriFreshNET Freshness and Shelf-Life Image Datase\AgriFreshNET Freshness and Shelf-Life Image Datase\Processed Data\Processed Data\Semi fresh Orange(9-20)\aug_6_IMG-20251127-WA0045.jpg,Orange,1,Semi-Fresh,Fresh,0.6111,0.6111,0.3568,0.0321,Semi-Fresh,0.9637,0.0358,0.9637,0.0005,Semi-Fresh,0.7504,0.1567,0.7504,0.0929,Semi-Fresh,0.867,0.1249,0.867,0.0081,Semi-Fresh,0.9726,0.0248,0.9726,0.0026
D:\ML Project Freshness Detection\AgriFreshNET Freshness and Shelf-Life Image Datase\AgriFreshNET Freshness and Shelf-Life Image Datase\Processed Data\Processed Data\Fresh eggplant(1-4)\aug_216_IMG_20251106_160533486_HDR_AE.jpg,Eggplant,0,Fresh,Fresh,0.6991,0.6991,0.2972,0.0037,Fresh,0.9869,0.9869,0.0129,0.0002,Fresh,0.9997,0.9997,0.0003,0.0,Fresh,0.9964,0.9964,0.0034,0.0003,Fresh,0.9993,0.9993,0.0006,0.0001
D:\ML Project Freshness Detection\AgriFreshNET Freshness and Shelf-Life Image Datase\AgriFreshNET Freshness and Shelf-Life Image Datase\Processed Data\Processed Data\Rotten Tomato(24-35)\aug_297_IMG_20260123_182210409_HDR.jpg,Tomato,2,Rotten,Semi-Fresh,0.5833,0.1748,0.5833,0.2419,Semi-Fresh,0.5197,0.0797,0.5197,0.4006,Rotten,0.6367,0.0323,0.331,0.6367,Rotten,0.4865,0.0963,0.4172,0.4865,Rotten,0.8627,0.0204,0.1169,0.8627
D:\ML Project Freshness Detection\AgriFreshNET Freshness and Shelf-Life Image Datase\AgriFreshNET Freshness and Shelf-Life Image Datase\Processed Data\Processed Data\Semi fresh Tomato(10-24)\IMG_20260121_230641912_HDR.jpg,Tomato,1,Semi-Fresh,Semi-Fresh,0.6914,0.2318,0.6914,0.0769,Semi-Fresh,0.7781,0.1615,0.7781,0.0604,Semi-Fresh,0.988,0.007,0.988,0.005,Semi-Fresh,0.9489,0.0071,0.9489,0.0439,Semi-Fresh,0.9493,0.0502,0.9493,0.0005
D:\ML Project Freshness Detection\AgriFreshNET Freshness and Shelf-Life Image Datase\AgriFreshNET Freshness and Shelf-Life Image Datase\Processed Data\Processed Data\Semi fresh banana(4-7)\aug_107_IMG_20251122_112726127_HDR_AE.jpg,Banana,1,Semi-Fresh,Semi-Fresh,0.725,0.2569,0.725,0.0181,Semi-Fresh,0.6687,0.3269,0.6687,0.0044,Semi-Fresh,0.9451,0.0508,0.9451,0.0041,Semi-Fresh,0.9726,0.0193,0.9726,0.0082,Semi-Fresh,0.9853,0.0124,0.9853,0.0022
D:\ML Project Freshness Detection\AgriFreshNET Freshness and Shelf-Life Image Datase\AgriFreshNET Freshness and Shelf-Life Image Datase\Processed Data\Processed Data\Fresh Cucumber(1-6)\IMG_20260116_030120.jpg,Cucumber,0,Fresh,Fresh,0.9689,0.9689,0.0311,0.0001,Fresh,0.9949,0.9949,0.005,0.0001,Fresh,0.9999,0.9999,0.0001,0.0,Fresh,0.9951,0.9951,0.0046,0.0003,Fresh,0.997,0.997,0.0026,0.0004
D:\ML Project Freshness Detection\AgriFreshNET Freshness and Shelf-Life Image Datase\AgriFreshNET Freshness and Shelf-Life Image Datase\Processed Data\Processed Data\Semi fresh Orange(9-20)\IMG_20251201_133050303_HDR.jpg,Orange,1,Semi-Fresh,Semi-Fresh,0.9734,0.0145,0.9734,0.0121,Rotten,0.5809,0.0067,0.4124,0.5809,Semi-Fresh,0.8322,0.0019,0.8322,0.1659,Semi-Fresh,0.755,0.0129,0.755,0.2321,Semi-Fresh,0.9859,0.0108,0.9859,0.0033
D:\ML Project Freshness Detection\AgriFreshNET Freshness and Shelf-Life Image Datase\AgriFreshNET Freshness and Shelf-Life Image Datase\Processed Data\Processed Data\Rotten Tomato(24-35)\aug_64_IMG_20260126_223711438_HDR.jpg,Tomato,2,Rotten,Rotten,0.8557,0.0024,0.1419,0.8557,Rotten,0.9937,0.0002,0.0061,0.9937,Rotten,0.9992,0.0,0.0007,0.9992,Rotten,0.9988,0.0002,0.001,0.9988,Rotten,0.9983,0.0002,0.0015,0.9983
D:\ML Project Freshness Detection\AgriFreshNET Freshness and Shelf-Life Image Datase\AgriFreshNET Freshness and Shelf-Life Image Datase\Processed Data\Processed Data\Rotten banana(7-13)\aug_3_IMG_20260126_223322175_HDR.jpg,Banana,2,Rotten,Rotten,0.7134,0.143,0.1436,0.7134,Rotten,0.9589,0.0042,0.0368,0.9589,Rotten,0.939,0.0032,0.0578,0.939,Rotten,0.9901,0.0035,0.0064,0.9901,Rotten,0.985,0.0049,0.0101,0.985
D:\ML Project Freshness Detection\AgriFreshNET Freshness and Shelf-Life Image Datase\AgriFreshNET Freshness and Shelf-Life Image Datase\Processed Data\Processed Data\Semi fresh Pineapple (15-25)\IMG_20251120_204802251_HDR.jpg,Pineapple,1,Semi-Fresh,Semi-Fresh,0.9755,0.0222,0.9755,0.0022,Semi-Fresh,0.9896,0.0066,0.9896,0.0038,Semi-Fresh,0.9837,0.0156,0.9837,0.0007,Semi-Fresh,0.9876,0.0105,0.9876,0.0019,Semi-Fresh,0.9991,0.0007,0.9991,0.0002
D:\ML Project Freshness Detection\AgriFreshNET Freshness and Shelf-Life Image Datase\AgriFreshNET Freshness and Shelf-Life Image Datase\Processed Data\Processed Data\Rotten Tomato(24-35)\aug_197_IMG_20260124_112928403_HDR_AE.jpg,Tomato,2,Rotten,Rotten,0.9839,0.0057,0.0104,0.9839,Rotten,0.9728,0.0036,0.0236,0.9728,Rotten,0.9934,0.0045,0.002,0.9934,Rotten,0.9937,0.0025,0.0038,0.9937,Rotten,0.9968,0.0011,0.0021,0.9968
D:\ML Project Freshness Detection\AgriFreshNET Freshness and Shelf-Life Image Datase\AgriFreshNET Freshness and Shelf-Life Image Datase\Processed Data\Processed Data\Rotten Pineapple(25-35)\IMG-20260130-WA0126.jpg,Pineapple,2,Rotten,Rotten,0.9978,0.001,0.0012,0.9978,Rotten,0.9998,0.0001,0.0002,0.9998,Rotten,0.9994,0.0001,0.0005,0.9994,Rotten,0.987,0.0054,0.0076,0.987,Rotten,0.9996,0.0001,0.0003,0.9996
D:\ML Project Freshness Detection\AgriFreshNET Freshness and Shelf-Life Image Datase\AgriFreshNET Freshness and Shelf-Life Image Datase\Processed Data\Processed Data\Rotten Papaya(7-12)\aug_233_IMG_20251202_021955.jpg,Papaya,2,Rotten,Rotten,0.8696,0.023,0.1073,0.8696,Rotten,0.9394,0.0108,0.0498,0.9394,Rotten,0.9938,0.0009,0.0054,0.9938,Rotten,0.9982,0.0004,0.0014,0.9982,Rotten,0.9991,0.0001,0.0008,0.9991
D:\ML Project Freshness Detection\AgriFreshNET Freshness and Shelf-Life Image Datase\AgriFreshNET Freshness and Shelf-Life Image Datase\Processed Data\Processed Data\Semi fresh Pineapple (15-25)\IMG-20251205-WA0038.jpg,Pineapple,1,Semi-Fresh,Semi-Fresh,0.9105,0.0858,0.9105,0.0038,Semi-Fresh,0.9907,0.0074,0.9907,0.0018,Semi-Fresh,0.9946,0.0052,0.9946,0.0002,Semi-Fresh,0.9989,0.001,0.9989,0.0001,Semi-Fresh,0.9978,0.0018,0.9978,0.0004
D:\ML Project Freshness Detection\AgriFreshNET Freshness and Shelf-Life Image Datase\AgriFreshNET Freshness and Shelf-Life Image Datase\Processed Data\Processed Data\Fresh pineapple(1-15)\aug_268_IMG-20251130-WA0005.jpg,Pineapple,0,Fresh,Fresh,0.8751,0.8751,0.122,0.0029,Fresh,0.9891,0.9891,0.0102,0.0007,Fresh,0.9979,0.9979,0.002,0.0,Fresh,0.9985,0.9985,0.0014,0.0001,Fresh,0.9972,0.9972,0.0027,0.0002
D:\ML Project Freshness Detection\AgriFreshNET Freshness and Shelf-Life Image Datase\AgriFreshNET Freshness and Shelf-Life Image Datase\Processed Data\Processed Data\Rotten Pineapple(25-35)\IMG-20260130-WA0110.jpg,Pineapple,2,Rotten,Rotten,0.9979,0.0002,0.0019,0.9979,Rotten,0.9999,0.0,0.0,0.9999,Rotten,0.9993,0.0005,0.0002,0.9993,Rotten,0.9992,0.0003,0.0005,0.9992,Rotten,0.9997,0.0001,0.0002,0.9997
D:\ML Project Freshness Detection\AgriFreshNET Freshness and Shelf-Life Image Datase\AgriFreshNET Freshness and Shelf-Life Image Datase\Processed Data\Processed Data\Fresh pineapple(1-15)\aug_42_IMG_20251112_113942306_HDR_AE.jpg,Pineapple,0,Fresh,Fresh,0.9209,0.9209,0.0773,0.0018,Fresh,0.9615,0.9615,0.0384,0.0001,Fresh,0.9998,0.9998,0.0002,0.0,Fresh,0.9661,0.9661,0.0332,0.0006,Fresh,0.9896,0.9896,0.0101,0.0002
D:\ML Project Freshness Detection\AgriFreshNET Freshness and Shelf-Life Image Datase\AgriFreshNET Freshness and Shelf-Life Image Datase\Processed Data\Processed Data\Semi Fresh Bittermelon ( 3-5)\IMG_20251123_013408.jpg,Bittermelon,1,Semi-Fresh,Semi-Fresh,0.9444,0.0526,0.9444,0.003,Semi-Fresh,0.9961,0.0008,0.9961,0.0032,Semi-Fresh,0.9999,0.0,0.9999,0.0001,Semi-Fresh,0.9931,0.0004,0.9931,0.0065,Semi-Fresh,0.9984,0.0004,0.9984,0.0012
D:\ML Project Freshness Detection\AgriFreshNET Freshness and Shelf-Life Image Datase\AgriFreshNET Freshness and Shelf-Life Image Datase\Processed Data\Processed Data\Fresh eggplant(1-4)\aug_111_IMG_20251122_205743503_HDR.jpg,Eggplant,0,Fresh,Fresh,0.8565,0.8565,0.1428,0.0007,Fresh,0.8961,0.8961,0.0899,0.014,Fresh,0.9957,0.9957,0.004,0.0002,Fresh,0.9936,0.9936,0.0056,0.0008,Fresh,0.9966,0.9966,0.0027,0.0007
D:\ML Project Freshness Detection\AgriFreshNET Freshness and Shelf-Life Image Datase\AgriFreshNET Freshness and Shelf-Life Image Datase\Processed Data\Processed Data\Rotten Pineapple(25-35)\aug_372_IMG-20251230-WA0003.jpg,Pineapple,2,Rotten,Rotten,0.9623,0.0027,0.035,0.9623,Rotten,0.9964,0.0024,0.0012,0.9964,Rotten,0.9987,0.0,0.0013,0.9987,Rotten,0.9962,0.0011,0.0027,0.9962,Rotten,0.9999,0.0,0.0001,0.9999
D:\ML Project Freshness Detection\AgriFreshNET Freshness and Shelf-Life Image Datase\AgriFreshNET Freshness and Shelf-Life Image Datase\Processed Data\Processed Data\Semi Fresh Papaya(4-7)\aug_331_IMG_20260123_013740_1.jpg,Papaya,1,Semi-Fresh,Semi-Fresh,0.8632,0.0659,0.8632,0.0709,Semi-Fresh,0.9737,0.0059,0.9737,0.0204,Semi-Fresh,0.9908,0.0032,0.9908,0.006,Semi-Fresh,0.9882,0.0017,0.9882,0.0101,Semi-Fresh,0.9809,0.001,0.9809,0.0181
D:\ML Project Freshness Detection\AgriFreshNET Freshness and Shelf-Life Image Datase\AgriFreshNET Freshness and Shelf-Life Image Datase\Processed Data\Processed Data\Semi fresh Tomato(10-24)\IMG_20251201_185925132_HDR.jpg,Tomato,1,Semi-Fresh,Semi-Fresh,0.7077,0.2659,0.7077,0.0264,Semi-Fresh,0.9689,0.004,0.9689,0.027,Semi-Fresh,0.9907,0.0018,0.9907,0.0074,Semi-Fresh,0.997,0.0005,0.997,0.0024,Semi-Fresh,0.9987,0.0008,0.9987,0.0005
D:\ML Project Freshness Detection\AgriFreshNET Freshness and Shelf-Life Image Datase\AgriFreshNET Freshness and Shelf-Life Image Datase\Processed Data\Processed Data\Semi fresh banana(4-7)\aug_338_IMG_20251108_121141123_HDR_AE.jpg,Banana,1,Semi-Fresh,Semi-Fresh,0.6804,0.0346,0.6804,0.285,Rotten,0.5989,0.0071,0.394,0.5989,Rotten,0.8413,0.0115,0.1472,0.8413,Rotten,0.5843,0.0295,0.3861,0.5843,Semi-Fresh,0.9136,0.0306,0.9136,0.0559
D:\ML Project Freshness Detection\AgriFreshNET Freshness and Shelf-Life Image Datase\AgriFreshNET Freshness and Shelf-Life Image Datase\Processed Data\Processed Data\Semi fresh Pineapple (15-25)\aug_101_IMG_20251120_204748013_HDR.jpg,Pineapple,1,Semi-Fresh,Semi-Fresh,0.9799,0.0143,0.9799,0.0058,Semi-Fresh,0.9974,0.0009,0.9974,0.0017,Semi-Fresh,0.9954,0.0039,0.9954,0.0007,Semi-Fresh,0.9926,0.0068,0.9926,0.0006,Semi-Fresh,0.9988,0.0009,0.9988,0.0003
D:\ML Project Freshness Detection\AgriFreshNET Freshness and Shelf-Life Image Datase\AgriFreshNET Freshness and Shelf-Life Image Datase\Processed Data\Processed Data\Fresh Banana(1-4)\aug_343_IMG_20251104_131801730_HDR_AE.jpg,Banana,0,Fresh,Fresh,0.9217,0.9217,0.0603,0.018,Fresh,0.9844,0.9844,0.0153,0.0003,Fresh,0.9914,0.9914,0.0084,0.0002,Fresh,0.9895,0.9895,0.0093,0.0012,Fresh,0.9977,0.9977,0.0021,0.0002
D:\ML Project Freshness Detection\AgriFreshNET Freshness and Shelf-Life Image Datase\AgriFreshNET Freshness and Shelf-Life Image Datase\Processed Data\Processed Data\Rotten banana(7-13)\aug_124_IMG_20251109_111934223_HDR_AE.jpg,Banana,2,Rotten,Rotten,0.6648,0.0026,0.3326,0.6648,Rotten,0.9884,0.0001,0.0115,0.9884,Rotten,0.9246,0.0003,0.0751,0.9246,Rotten,0.9846,0.0024,0.013,0.9846,Rotten,0.9237,0.0006,0.0757,0.9237
D:\ML Project Freshness Detection\AgriFreshNET Freshness and Shelf-Life Image Datase\AgriFreshNET Freshness and Shelf-Life Image Datase\Processed Data\Processed Data\Rotten eggplant(8-15)\aug_305_IMG_20251115_122036306_HDR_AE.jpg,Eggplant,2,Rotten,Rotten,0.9578,0.0076,0.0345,0.9578,Rotten,0.9831,0.0014,0.0155,0.9831,Rotten,0.9958,0.0001,0.0041,0.9958,Rotten,0.9842,0.0043,0.0115,0.9842,Rotten,0.9981,0.0002,0.0017,0.9981
D:\ML Project Freshness Detection\AgriFreshNET Freshness and Shelf-Life Image Datase\AgriFreshNET Freshness and Shelf-Life Image Datase\Processed Data\Processed Data\Rotten Cucumber(12-20)\aug_191_IMG_20251124_021829.jpg,Cucumber,2,Rotten,Rotten,0.9965,0.0013,0.0021,0.9965,Rotten,0.9963,0.0005,0.0032,0.9963,Rotten,1.0,0.0,0.0,1.0,Rotten,0.9962,0.0025,0.0014,0.9962,Rotten,0.9994,0.0003,0.0002,0.9994
D:\ML Project Freshness Detection\AgriFreshNET Freshness and Shelf-Life Image Datase\AgriFreshNET Freshness and Shelf-Life Image Datase\Processed Data\Processed Data\Semi Fresh Bittermelon ( 3-5)\aug_443_IMG_20260122_003131.jpg,Bittermelon,1,Semi-Fresh,Semi-Fresh,0.8105,0.0776,0.8105,0.1119,Semi-Fresh,0.6868,0.0382,0.6868,0.275,Semi-Fresh,0.8913,0.0875,0.8913,0.0212,Semi-Fresh,0.9797,0.0136,0.9797,0.0066,Semi-Fresh,0.9941,0.002,0.9941,0.0039
D:\ML Project Freshness Detection\AgriFreshNET Freshness and Shelf-Life Image Datase\AgriFreshNET Freshness and Shelf-Life Image Datase\Processed Data\Processed Data\Fresh eggplant(1-4)\aug_244_IMG_20251119_195532107_HDR.jpg,Eggplant,0,Fresh,Fresh,0.8478,0.8478,0.1519,0.0004,Fresh,0.9698,0.9698,0.0293,0.0009,Fresh,0.993,0.993,0.0065,0.0006,Fresh,0.9788,0.9788,0.0181,0.0032,Fresh,0.9935,0.9935,0.0058,0.0006
D:\ML Project Freshness Detection\AgriFreshNET Freshness and Shelf-Life Image Datase\AgriFreshNET Freshness and Shelf-Life Image Datase\Processed Data\Processed Data\Rotten banana(7-13)\IMG_20251127_190413892_HDR.jpg,Banana,2,Rotten,Rotten,0.9643,0.0054,0.0303,0.9643,Rotten,0.9985,0.0,0.0015,0.9985,Rotten,0.9991,0.0003,0.0006,0.9991,Rotten,0.9947,0.0023,0.003,0.9947,Rotten,0.9994,0.0001,0.0005,0.9994
D:\ML Project Freshness Detection\AgriFreshNET Freshness and Shelf-Life Image Datase\AgriFreshNET Freshness and Shelf-Life Image Datase\Processed Data\Processed Data\Semi_Fresh eggplant(4-8)\IMG_20251130_182118689_HDR.jpg,Eggplant,1,Semi-Fresh,Semi-Fresh,0.6251,0.2547,0.6251,0.1201,Rotten,0.7925,0.0634,0.1441,0.7925,Semi-Fresh,0.9279,0.0645,0.9279,0.0076,Semi-Fresh,0.8484,0.1276,0.8484,0.024,Semi-Fresh,0.9773,0.0068,0.9773,0.0159
D:\ML Project Freshness Detection\AgriFreshNET Freshness and Shelf-Life Image Datase\AgriFreshNET Freshness and Shelf-Life Image Datase\Processed Data\Processed Data\Semi fresh Pineapple (15-25)\aug_394_IMG-20251205-WA0032.jpg,Pineapple,1,Semi-Fresh,Semi-Fresh,0.9339,0.0365,0.9339,0.0297,Semi-Fresh,0.9619,0.0191,0.9619,0.0189,Semi-Fresh,0.9586,0.0388,0.9586,0.0026,Semi-Fresh,0.9985,0.001,0.9985,0.0005,Semi-Fresh,0.9947,0.0008,0.9947,0.0045
D:\ML Project Freshness Detection\AgriFreshNET Freshness and Shelf-Life Image Datase\AgriFreshNET Freshness and Shelf-Life Image Datase\Processed Data\Processed Data\Semi Fresh Papaya(4-7)\aug_85_IMG_20251124_021901.jpg,Papaya,1,Semi-Fresh,Semi-Fresh,0.9428,0.0566,0.9428,0.0006,Semi-Fresh,0.9982,0.0014,0.9982,0.0004,Semi-Fresh,0.9914,0.004,0.9914,0.0046,Semi-Fresh,0.9995,0.0001,0.9995,0.0004,Semi-Fresh,0.9888,0.0101,0.9888,0.0011
D:\ML Project Freshness Detection\AgriFreshNET Freshness and Shelf-Life Image Datase\AgriFreshNET Freshness and Shelf-Life Image Datase\Processed Data\Processed Data\Fresh pineapple(1-15)\aug_149_IMG_20251104_133341137_HDR_AE.jpg,Pineapple,0,Fresh,Fresh,0.807,0.807,0.1637,0.0293,Fresh,0.9622,0.9622,0.0343,0.0035,Semi-Fresh,0.5621,0.4311,0.5621,0.0068,Fresh,0.9943,0.9943,0.0052,0.0005,Fresh,0.999,0.999,0.0007,0.0003
D:\ML Project Freshness Detection\AgriFreshNET Freshness and Shelf-Life Image Datase\AgriFreshNET Freshness and Shelf-Life Image Datase\Processed Data\Processed Data\Rotten banana(7-13)\IMG_20251201_132844520_HDR.jpg,Banana,2,Rotten,Rotten,0.967,0.0051,0.0279,0.967,Rotten,0.9981,0.0005,0.0014,0.9981,Rotten,0.999,0.0004,0.0006,0.999,Rotten,0.9991,0.0005,0.0004,0.9991,Rotten,0.9992,0.0003,0.0005,0.9992
D:\ML Project Freshness Detection\AgriFreshNET Freshness and Shelf-Life Image Datase\AgriFreshNET Freshness and Shelf-Life Image Datase\Processed Data\Processed Data\Rotten Papaya(7-12)\aug_187_IMG_20251202_021221.jpg,Papaya,2,Rotten,Rotten,0.9425,0.005,0.0525,0.9425,Rotten,0.9846,0.0022,0.0133,0.9846,Rotten,0.8931,0.0115,0.0954,0.8931,Rotten,0.9971,0.0006,0.0024,0.9971,Rotten,0.9989,0.0001,0.001,0.9989
D:\ML Project Freshness Detection\AgriFreshNET Freshness and Shelf-Life Image Datase\AgriFreshNET Freshness and Shelf-Life Image Datase\Processed Data\Processed Data\Rotten Pineapple(25-35)\IMG-20260128-WA0039.jpg,Pineapple,2,Rotten,Rotten,0.9962,0.0007,0.0031,0.9962,Rotten,1.0,0.0,0.0,1.0,Rotten,0.9986,0.0002,0.0013,0.9986,Rotten,0.9986,0.0006,0.0008,0.9986,Rotten,0.9999,0.0,0.0001,0.9999
D:\ML Project Freshness Detection\AgriFreshNET Freshness and Shelf-Life Image Datase\AgriFreshNET Freshness and Shelf-Life Image Datase\Processed Data\Processed Data\Fresh Tomato(1-10)\IMG_20251123_222912035_HDR.jpg,Tomato,0,Fresh,Fresh,0.8525,0.8525,0.1471,0.0004,Fresh,0.9096,0.9096,0.0815,0.0089,Fresh,0.9868,0.9868,0.0117,0.0014,Fresh,0.9655,0.9655,0.0295,0.005,Fresh,0.9854,0.9854,0.0115,0.0032
D:\ML Project Freshness Detection\AgriFreshNET Freshness and Shelf-Life Image Datase\AgriFreshNET Freshness and Shelf-Life Image Datase\Processed Data\Processed Data\Semi_Fresh eggplant(4-8)\IMG_20251201_190527515_HDR.jpg,Eggplant,1,Semi-Fresh,Semi-Fresh,0.8481,0.149,0.8481,0.0029,Semi-Fresh,0.9933,0.006,0.9933,0.0007,Semi-Fresh,0.9831,0.0116,0.9831,0.0053,Semi-Fresh,0.9882,0.003,0.9882,0.0088,Semi-Fresh,0.9972,0.001,0.9972,0.0018
D:\ML Project Freshness Detection\AgriFreshNET Freshness and Shelf-Life Image Datase\AgriFreshNET Freshness and Shelf-Life Image Datase\Processed Data\Processed Data\Semi_Fresh eggplant(4-8)\IMG_20251130_182055780_HDR.jpg,Eggplant,1,Semi-Fresh,Semi-Fresh,0.8229,0.1679,0.8229,0.0092,Semi-Fresh,0.9224,0.0199,0.9224,0.0578,Semi-Fresh,0.9315,0.0109,0.9315,0.0577,Semi-Fresh,0.9825,0.0028,0.9825,0.0147,Semi-Fresh,0.9974,0.0006,0.9974,0.002
D:\ML Project Freshness Detection\AgriFreshNET Freshness and Shelf-Life Image Datase\AgriFreshNET Freshness and Shelf-Life Image Datase\Processed Data\Processed Data\Fresh Banana(1-4)\aug_243_IMG_20251103_192216987_HDR.jpg,Banana,0,Fresh,Fresh,0.8774,0.8774,0.122,0.0006,Fresh,0.8942,0.8942,0.1052,0.0006,Fresh,0.9894,0.9894,0.0103,0.0002,Fresh,0.9715,0.9715,0.0272,0.0013,Fresh,0.9893,0.9893,0.0106,0.0001
D:\ML Project Freshness Detection\AgriFreshNET Freshness and Shelf-Life Image Datase\AgriFreshNET Freshness and Shelf-Life Image Datase\Processed Data\Processed Data\Rotten Cucumber(12-20)\aug_129_IMG_20251121_080628.jpg,Cucumber,2,Rotten,Rotten,0.8871,0.0421,0.0708,0.8871,Rotten,0.9808,0.0006,0.0185,0.9808,Rotten,0.992,0.0,0.008,0.992,Rotten,0.9981,0.0001,0.0018,0.9981,Rotten,0.9987,0.0001,0.0011,0.9987
D:\ML Project Freshness Detection\AgriFreshNET Freshness and Shelf-Life Image Datase\AgriFreshNET Freshness and Shelf-Life Image Datase\Processed Data\Processed Data\Rotten banana(7-13)\aug_4_IMG_20251127_190709647_HDR.jpg,Banana,2,Rotten,Rotten,0.9642,0.0146,0.0212,0.9642,Rotten,0.9928,0.0009,0.0063,0.9928,Rotten,0.9991,0.0002,0.0007,0.9991,Rotten,0.9953,0.0014,0.0033,0.9953,Rotten,0.9982,0.0009,0.0009,0.9982
D:\ML Project Freshness Detection\AgriFreshNET Freshness and Shelf-Life Image Datase\AgriFreshNET Freshness and Shelf-Life Image Datase\Processed Data\Processed Data\Fresh eggplant(1-4)\IMG_20251127_192846354_HDR.jpg,Eggplant,0,Fresh,Fresh,0.8691,0.8691,0.1234,0.0075,Fresh,0.493,0.493,0.4699,0.037,Fresh,0.9807,0.9807,0.0189,0.0003,Fresh,0.9769,0.9769,0.0215,0.0016,Fresh,0.9774,0.9774,0.0199,0.0028
D:\ML Project Freshness Detection\AgriFreshNET Freshness and Shelf-Life Image Datase\AgriFreshNET Freshness and Shelf-Life Image Datase\Processed Data\Processed Data\Rotten Orange(20-35)\aug_404_IMG-20260128-WA0018.jpg,Orange,2,Rotten,Rotten,0.9998,0.0,0.0002,0.9998,Rotten,0.9991,0.0001,0.0008,0.9991,Rotten,0.9997,0.0,0.0003,0.9997,Rotten,0.9958,0.0013,0.0029,0.9958,Rotten,0.9999,0.0,0.0001,0.9999
D:\ML Project Freshness Detection\AgriFreshNET Freshness and Shelf-Life Image Datase\AgriFreshNET Freshness and Shelf-Life Image Datase\Processed Data\Processed Data\Semi fresh banana(4-7)\IMG_20251124_191314063_HDR.jpg,Banana,1,Semi-Fresh,Semi-Fresh,0.8554,0.092,0.8554,0.0527,Semi-Fresh,0.9843,0.0032,0.9843,0.0125,Semi-Fresh,0.9765,0.0157,0.9765,0.0077,Semi-Fresh,0.9747,0.0133,0.9747,0.012,Semi-Fresh,0.9808,0.0187,0.9808,0.0006
D:\ML Project Freshness Detection\AgriFreshNET Freshness and Shelf-Life Image Datase\AgriFreshNET Freshness and Shelf-Life Image Datase\Processed Data\Processed Data\Rotten Papaya(7-12)\IMG_20260123_013657.jpg,Papaya,2,Rotten,Semi-Fresh,0.6373,0.1458,0.6373,0.217,Rotten,0.5351,0.0478,0.4171,0.5351,Rotten,0.999,0.0002,0.0009,0.999,Rotten,0.9829,0.002,0.0152,0.9829,Rotten,0.9827,0.0033,0.014,0.9827
D:\ML Project Freshness Detection\AgriFreshNET Freshness and Shelf-Life Image Datase\AgriFreshNET Freshness and Shelf-Life Image Datase\Processed Data\Processed Data\Semi fresh Tomato(10-24)\IMG_20251201_185944206_HDR.jpg,Tomato,1,Semi-Fresh,Semi-Fresh,0.9624,0.0314,0.9624,0.0061,Semi-Fresh,0.9926,0.0032,0.9926,0.0042,Semi-Fresh,0.9994,0.0003,0.9994,0.0003,Semi-Fresh,0.9991,0.0006,0.9991,0.0003,Semi-Fresh,0.9989,0.0009,0.9989,0.0002
D:\ML Project Freshness Detection\AgriFreshNET Freshness and Shelf-Life Image Datase\AgriFreshNET Freshness and Shelf-Life Image Datase\Processed Data\Processed Data\Semi fresh banana(4-7)\IMG_20251124_190925732_HDR.jpg,Banana,1,Semi-Fresh,Semi-Fresh,0.8276,0.0043,0.8276,0.1681,Semi-Fresh,0.6447,0.0081,0.6447,0.3472,Semi-Fresh,0.9224,0.0013,0.9224,0.0763,Semi-Fresh,0.7082,0.006,0.7082,0.2858,Semi-Fresh,0.9973,0.0005,0.9973,0.0022
D:\ML Project Freshness Detection\AgriFreshNET Freshness and Shelf-Life Image Datase\AgriFreshNET Freshness and Shelf-Life Image Datase\Processed Data\Processed Data\Fresh Bittermelon(1-3)\IMG_20260116_030018.jpg,Bittermelon,0,Fresh,Fresh,0.9745,0.9745,0.024,0.0016,Fresh,0.9872,0.9872,0.0124,0.0005,Fresh,0.9991,0.9991,0.0006,0.0003,Fresh,0.9907,0.9907,0.0043,0.005,Fresh,0.9951,0.9951,0.0032,0.0016
D:\ML Project Freshness Detection\AgriFreshNET Freshness and Shelf-Life Image Datase\AgriFreshNET Freshness and Shelf-Life Image Datase\Processed Data\Processed Data\Semi fresh Orange(9-20)\aug_80_IMG_20251118_165510744_HDR.jpg,Orange,1,Semi-Fresh,Semi-Fresh,0.9737,0.0242,0.9737,0.0021,Semi-Fresh,0.9896,0.0098,0.9896,0.0007,Semi-Fresh,0.9964,0.0029,0.9964,0.0007,Semi-Fresh,0.9994,0.0004,0.9994,0.0002,Semi-Fresh,0.998,0.0017,0.998,0.0003
D:\ML Project Freshness Detection\AgriFreshNET Freshness and Shelf-Life Image Datase\AgriFreshNET Freshness and Shelf-Life Image Datase\Processed Data\Processed Data\Rotten Bittermelon(5-8)\aug_361_IMG_20251103_090755.jpg,Bittermelon,2,Rotten,Rotten,0.946,0.0129,0.0411,0.946,Rotten,0.9835,0.0033,0.0131,0.9835,Rotten,0.9997,0.0,0.0003,0.9997,Rotten,0.9628,0.0119,0.0253,0.9628,Rotten,0.9966,0.0011,0.0023,0.9966
D:\ML Project Freshness Detection\AgriFreshNET Freshness and Shelf-Life Image Datase\AgriFreshNET Freshness and Shelf-Life Image Datase\Processed Data\Processed Data\Semi fresh Orange(9-20)\IMG-20251125-WA0036.jpg,Orange,1,Semi-Fresh,Semi-Fresh,0.7862,0.1294,0.7862,0.0844,Semi-Fresh,0.9264,0.0724,0.9264,0.0012,Semi-Fresh,0.8219,0.176,0.8219,0.0022,Semi-Fresh,0.9944,0.0027,0.9944,0.0028,Semi-Fresh,0.9845,0.0142,0.9845,0.0013
D:\ML Project Freshness Detection\AgriFreshNET Freshness and Shelf-Life Image Datase\AgriFreshNET Freshness and Shelf-Life Image Datase\Processed Data\Processed Data\Rotten Pineapple(25-35)\IMG-20260128-WA0047.jpg,Pineapple,2,Rotten,Rotten,0.9989,0.0001,0.001,0.9989,Rotten,1.0,0.0,0.0,1.0,Rotten,0.9987,0.0001,0.0012,0.9987,Rotten,0.9986,0.0004,0.001,0.9986,Rotten,0.9998,0.0001,0.0001,0.9998
D:\ML Project Freshness Detection\AgriFreshNET Freshness and Shelf-Life Image Datase\AgriFreshNET Freshness and Shelf-Life Image Datase\Processed Data\Processed Data\Rotten Orange(20-35)\IMG-20251113-WA0024.jpg,Orange,2,Rotten,Rotten,0.9485,0.0304,0.021,0.9485,Rotten,0.9988,0.0003,0.0009,0.9988,Rotten,0.9933,0.0054,0.0013,0.9933,Rotten,0.9991,0.0004,0.0004,0.9991,Rotten,0.9996,0.0001,0.0002,0.9996
D:\ML Project Freshness Detection\AgriFreshNET Freshness and Shelf-Life Image Datase\AgriFreshNET Freshness and Shelf-Life Image Datase\Processed Data\Processed Data\Rotten Tomato(24-35)\aug_328_IMG_20251119_200915022_HDR.jpg,Tomato,2,Rotten,Rotten,0.9895,0.0012,0.0093,0.9895,Rotten,0.999,0.0001,0.0009,0.999,Rotten,0.9981,0.0001,0.0018,0.9981,Rotten,0.999,0.0004,0.0007,0.999,Rotten,0.9995,0.0002,0.0003,0.9995
D:\ML Project Freshness Detection\AgriFreshNET Freshness and Shelf-Life Image Datase\AgriFreshNET Freshness and Shelf-Life Image Datase\Processed Data\Processed Data\Fresh Bittermelon(1-3)\aug_353_IMG_20260120_004826.jpg,Bittermelon,0,Fresh,Fresh,0.6407,0.6407,0.3503,0.009,Fresh,0.9593,0.9593,0.0398,0.0009,Fresh,0.9925,0.9925,0.0067,0.0008,Fresh,0.9833,0.9833,0.0154,0.0012,Fresh,0.9974,0.9974,0.0023,0.0003
D:\ML Project Freshness Detection\AgriFreshNET Freshness and Shelf-Life Image Datase\AgriFreshNET Freshness and Shelf-Life Image Datase\Processed Data\Processed Data\Rotten Papaya(7-12)\aug_36_IMG_20260202_032446.jpg,Papaya,2,Rotten,Rotten,0.9137,0.0012,0.0851,0.9137,Rotten,0.992,0.0006,0.0073,0.992,Rotten,0.9992,0.0001,0.0007,0.9992,Rotten,0.9989,0.0002,0.0009,0.9989,Rotten,0.9989,0.0001,0.0009,0.9989
D:\ML Project Freshness Detection\AgriFreshNET Freshness and Shelf-Life Image Datase\AgriFreshNET Freshness and Shelf-Life Image Datase\Processed Data\Processed Data\Rotten Bittermelon(5-8)\IMG_20260120_005004.jpg,Bittermelon,2,Rotten,Rotten,0.9549,0.0023,0.0428,0.9549,Rotten,0.9906,0.0011,0.0082,0.9906,Rotten,0.9983,0.0,0.0016,0.9983,Rotten,0.9976,0.0004,0.002,0.9976,Rotten,0.9999,0.0,0.0001,0.9999
D:\ML Project Freshness Detection\AgriFreshNET Freshness and Shelf-Life Image Datase\AgriFreshNET Freshness and Shelf-Life Image Datase\Processed Data\Processed Data\Fresh Papaya(1-4)\aug_106_IMG_20260116_030517.jpg,Papaya,0,Fresh,Fresh,0.9924,0.9924,0.0074,0.0002,Fresh,0.9813,0.9813,0.0186,0.0001,Fresh,0.9892,0.9892,0.0107,0.0,Fresh,0.9455,0.9455,0.0543,0.0002,Fresh,0.9615,0.9615,0.0382,0.0003
D:\ML Project Freshness Detection\AgriFreshNET Freshness and Shelf-Life Image Datase\AgriFreshNET Freshness and Shelf-Life Image Datase\Processed Data\Processed Data\Rotten Papaya(7-12)\aug_54_IMG_20260130_163548.jpg,Papaya,2,Rotten,Rotten,0.5254,0.1026,0.372,0.5254,Rotten,0.9791,0.0017,0.0192,0.9791,Rotten,0.8575,0.0033,0.1393,0.8575,Rotten,0.6509,0.0033,0.3458,0.6509,Rotten,0.998,0.0001,0.002,0.998
D:\ML Project Freshness Detection\AgriFreshNET Freshness and Shelf-Life Image Datase\AgriFreshNET Freshness and Shelf-Life Image Datase\Processed Data\Processed Data\Semi fresh Pineapple (15-25)\aug_378_IMG_20251123_223238994_HDR.jpg,Pineapple,1,Semi-Fresh,Semi-Fresh,0.9076,0.0348,0.9076,0.0576,Semi-Fresh,0.9634,0.0225,0.9634,0.0141,Semi-Fresh,0.9936,0.0015,0.9936,0.0049,Semi-Fresh,0.9988,0.0002,0.9988,0.001,Semi-Fresh,0.9729,0.0109,0.9729,0.0162
D:\ML Project Freshness Detection\AgriFreshNET Freshness and Shelf-Life Image Datase\AgriFreshNET Freshness and Shelf-Life Image Datase\Processed Data\Processed Data\Semi fresh Orange(9-20)\IMG_20251126_191706769_HDR.jpg,Orange,1,Semi-Fresh,Semi-Fresh,0.974,0.0254,0.974,0.0007,Semi-Fresh,0.9985,0.0009,0.9985,0.0005,Semi-Fresh,0.999,0.0002,0.999,0.0008,Semi-Fresh,0.9972,0.0008,0.9972,0.0021,Semi-Fresh,0.9982,0.0016,0.9982,0.0002
D:\ML Project Freshness Detection\AgriFreshNET Freshness and Shelf-Life Image Datase\AgriFreshNET Freshness and Shelf-Life Image Datase\Processed Data\Processed Data\Semi fresh Tomato(10-24)\aug_283_IMG_20251113_123942580_HDR_AE.jpg,Tomato,1,Semi-Fresh,Semi-Fresh,0.8985,0.0686,0.8985,0.0329,Semi-Fresh,0.8978,0.0129,0.8978,0.0893,Semi-Fresh,0.9882,0.0095,0.9882,0.0022,Semi-Fresh,0.9796,0.0014,0.9796,0.019,Semi-Fresh,0.6821,0.0018,0.6821,0.316
D:\ML Project Freshness Detection\AgriFreshNET Freshness and Shelf-Life Image Datase\AgriFreshNET Freshness and Shelf-Life Image Datase\Processed Data\Processed Data\Semi fresh Pineapple (15-25)\IMG_20251124_193058913_HDR.jpg,Pineapple,1,Semi-Fresh,Semi-Fresh,0.9666,0.0045,0.9666,0.0289,Semi-Fresh,0.8464,0.0014,0.8464,0.1522,Semi-Fresh,0.9926,0.0003,0.9926,0.0071,Semi-Fresh,0.9871,0.005,0.9871,0.0079,Semi-Fresh,0.9995,0.0002,0.9995,0.0003
D:\ML Project Freshness Detection\AgriFreshNET Freshness and Shelf-Life Image Datase\AgriFreshNET Freshness and Shelf-Life Image Datase\Processed Data\Processed Data\Rotten Orange(20-35)\IMG-20260128-WA0009.jpg,Orange,2,Rotten,Rotten,0.9975,0.0,0.0025,0.9975,Rotten,0.9964,0.0001,0.0034,0.9964,Rotten,0.9914,0.0,0.0085,0.9914,Rotten,0.9982,0.0006,0.0012,0.9982,Rotten,0.9997,0.0,0.0003,0.9997
D:\ML Project Freshness Detection\AgriFreshNET Freshness and Shelf-Life Image Datase\AgriFreshNET Freshness and Shelf-Life Image Datase\Processed Data\Processed Data\Rotten Pineapple(25-35)\IMG-20260128-WA0049.jpg,Pineapple,2,Rotten,Rotten,0.6248,0.0092,0.366,0.6248,Rotten,0.8764,0.002,0.1216,0.8764,Rotten,0.9893,0.0,0.0107,0.9893,Rotten,0.9713,0.0015,0.0272,0.9713,Rotten,0.9993,0.0001,0.0005,0.9993
D:\ML Project Freshness Detection\AgriFreshNET Freshness and Shelf-Life Image Datase\AgriFreshNET Freshness and Shelf-Life Image Datase\Processed Data\Processed Data\Fresh pineapple(1-15)\aug_354_IMG_20251102_081423708_HDR_AE.jpg,Pineapple,0,Fresh,Fresh,0.9936,0.9936,0.0061,0.0002,Fresh,0.9954,0.9954,0.0042,0.0004,Fresh,0.9998,0.9998,0.0001,0.0,Fresh,0.9981,0.9981,0.0018,0.0001,Fresh,0.9994,0.9994,0.0004,0.0002
D:\ML Project Freshness Detection\AgriFreshNET Freshness and Shelf-Life Image Datase\AgriFreshNET Freshness and Shelf-Life Image Datase\Processed Data\Processed Data\Rotten Papaya(7-12)\IMG_20251202_021842.jpg,Papaya,2,Rotten,Rotten,0.9837,0.001,0.0154,0.9837,Rotten,0.9983,0.0002,0.0015,0.9983,Rotten,0.9989,0.0001,0.001,0.9989,Rotten,0.9972,0.0005,0.0023,0.9972,Rotten,0.9977,0.0002,0.0022,0.9977
D:\ML Project Freshness Detection\AgriFreshNET Freshness and Shelf-Life Image Datase\AgriFreshNET Freshness and Shelf-Life Image Datase\Processed Data\Processed Data\Rotten Bittermelon(5-8)\IMG_20251202_020407.jpg,Bittermelon,2,Rotten,Rotten,0.9818,0.0003,0.0179,0.9818,Rotten,0.9906,0.0011,0.0083,0.9906,Rotten,0.9998,0.0,0.0002,0.9998,Rotten,0.9982,0.0004,0.0013,0.9982,Rotten,0.9996,0.0001,0.0003,0.9996
D:\ML Project Freshness Detection\AgriFreshNET Freshness and Shelf-Life Image Datase\AgriFreshNET Freshness and Shelf-Life Image Datase\Processed Data\Processed Data\Semi fresh Pineapple (15-25)\aug_408_IMG_20251125_210659527_HDR.jpg,Pineapple,1,Semi-Fresh,Fresh,0.4833,0.4833,0.4284,0.0884,Semi-Fresh,0.4992,0.2516,0.4992,0.2492,Semi-Fresh,0.9656,0.0178,0.9656,0.0166,Semi-Fresh,0.8918,0.0845,0.8918,0.0236,Semi-Fresh,0.9537,0.0029,0.9537,0.0434
D:\ML Project Freshness Detection\AgriFreshNET Freshness and Shelf-Life Image Datase\AgriFreshNET Freshness and Shelf-Life Image Datase\Processed Data\Processed Data\Fresh Orange(1-9)\aug_256_IMG-20251112-WA0011.jpg,Orange,0,Fresh,Fresh,0.8526,0.8526,0.0928,0.0546,Fresh,0.9444,0.9444,0.054,0.0016,Fresh,0.9857,0.9857,0.0141,0.0002,Fresh,0.9784,0.9784,0.0191,0.0025,Fresh,0.9637,0.9637,0.0342,0.002
D:\ML Project Freshness Detection\AgriFreshNET Freshness and Shelf-Life Image Datase\AgriFreshNET Freshness and Shelf-Life Image Datase\Processed Data\Processed Data\Rotten Cucumber(12-20)\aug_87_IMG_20251124_021821.jpg,Cucumber,2,Rotten,Rotten,0.9888,0.0056,0.0056,0.9888,Rotten,0.9963,0.0003,0.0034,0.9963,Rotten,0.9999,0.0,0.0,0.9999,Rotten,0.9932,0.0044,0.0024,0.9932,Rotten,0.9991,0.0006,0.0003,0.9991
D:\ML Project Freshness Detection\AgriFreshNET Freshness and Shelf-Life Image Datase\AgriFreshNET Freshness and Shelf-Life Image Datase\Processed Data\Processed Data\Semi fresh banana(4-7)\IMG_20251107_113601112_HDR_AE.jpg,Banana,1,Semi-Fresh,Semi-Fresh,0.8639,0.0431,0.8639,0.093,Semi-Fresh,0.9952,0.0043,0.9952,0.0005,Semi-Fresh,0.9971,0.0023,0.9971,0.0006,Semi-Fresh,0.996,0.0031,0.996,0.0009,Semi-Fresh,0.9987,0.001,0.9987,0.0003
D:\ML Project Freshness Detection\AgriFreshNET Freshness and Shelf-Life Image Datase\AgriFreshNET Freshness and Shelf-Life Image Datase\Processed Data\Processed Data\Fresh eggplant(1-4)\IMG_20251125_210940899_HDR.jpg,Eggplant,0,Fresh,Fresh,0.7901,0.7901,0.2089,0.001,Fresh,0.9195,0.9195,0.0791,0.0014,Fresh,0.9827,0.9827,0.0172,0.0001,Fresh,0.9923,0.9923,0.0066,0.0011,Fresh,0.9964,0.9964,0.0032,0.0004
D:\ML Project Freshness Detection\AgriFreshNET Freshness and Shelf-Life Image Datase\AgriFreshNET Freshness and Shelf-Life Image Datase\Processed Data\Processed Data\Rotten Orange(20-35)\aug_369_IMG-20260128-WA0011.jpg,Orange,2,Rotten,Rotten,0.9902,0.0002,0.0096,0.9902,Rotten,0.9984,0.0001,0.0015,0.9984,Rotten,1.0,0.0,0.0,1.0,Rotten,0.9986,0.0005,0.0009,0.9986,Rotten,0.9996,0.0,0.0003,0.9996
D:\ML Project Freshness Detection\AgriFreshNET Freshness and Shelf-Life Image Datase\AgriFreshNET Freshness and Shelf-Life Image Datase\Processed Data\Processed Data\Rotten Bittermelon(5-8)\aug_235_IMG_20251202_020423.jpg,Bittermelon,2,Rotten,Rotten,0.9777,0.0006,0.0217,0.9777,Rotten,0.995,0.0005,0.0044,0.995,Rotten,1.0,0.0,0.0,1.0,Rotten,0.9972,0.0009,0.0019,0.9972,Rotten,0.999,0.0,0.001,0.999
D:\ML Project Freshness Detection\AgriFreshNET Freshness and Shelf-Life Image Datase\AgriFreshNET Freshness and Shelf-Life Image Datase\Processed Data\Processed Data\Rotten Tomato(24-35)\aug_283_IMG_20251126_191919137_HDR.jpg,Tomato,2,Rotten,Rotten,0.8606,0.0151,0.1243,0.8606,Rotten,0.9479,0.0007,0.0514,0.9479,Rotten,0.8016,0.0,0.1984,0.8016,Rotten,0.6968,0.0015,0.3016,0.6968,Semi-Fresh,0.951,0.0007,0.951,0.0483
D:\ML Project Freshness Detection\AgriFreshNET Freshness and Shelf-Life Image Datase\AgriFreshNET Freshness and Shelf-Life Image Datase\Processed Data\Processed Data\Rotten Tomato(24-35)\IMG_20260122_220850495_HDR.jpg,Tomato,2,Rotten,Semi-Fresh,0.3743,0.3632,0.3743,0.2625,Rotten,0.7466,0.0506,0.2028,0.7466,Semi-Fresh,0.4407,0.4373,0.4407,0.122,Semi-Fresh,0.4978,0.3113,0.4978,0.1908,Semi-Fresh,0.4121,0.4013,0.4121,0.1865
D:\ML Project Freshness Detection\AgriFreshNET Freshness and Shelf-Life Image Datase\AgriFreshNET Freshness and Shelf-Life Image Datase\Processed Data\Processed Data\Fresh Tomato(1-10)\IMG_20251201_184705732_HDR.jpg,Tomato,0,Fresh,Semi-Fresh,0.5665,0.4316,0.5665,0.002,Fresh,0.7692,0.7692,0.2257,0.0051,Fresh,0.7869,0.7869,0.2097,0.0034,Fresh,0.9928,0.9928,0.0062,0.001,Fresh,0.9891,0.9891,0.0091,0.0018
D:\ML Project Freshness Detection\AgriFreshNET Freshness and Shelf-Life Image Datase\AgriFreshNET Freshness and Shelf-Life Image Datase\Processed Data\Processed Data\Semi fresh Pineapple (15-25)\aug_217_IMG_20251121_144728152_HDR_AE.jpg,Pineapple,1,Semi-Fresh,Semi-Fresh,0.701,0.295,0.701,0.004,Semi-Fresh,0.9361,0.0417,0.9361,0.0222,Fresh,0.525,0.525,0.4662,0.0088,Semi-Fresh,0.9696,0.0265,0.9696,0.0039,Semi-Fresh,0.9854,0.0033,0.9854,0.0113
D:\ML Project Freshness Detection\AgriFreshNET Freshness and Shelf-Life Image Datase\AgriFreshNET Freshness and Shelf-Life Image Datase\Processed Data\Processed Data\Rotten Orange(20-35)\IMG-20251114-WA0003.jpg,Orange,2,Rotten,Rotten,0.9668,0.0046,0.0286,0.9668,Rotten,0.9927,0.0014,0.0059,0.9927,Rotten,0.999,0.0001,0.0008,0.999,Rotten,0.9978,0.001,0.0012,0.9978,Rotten,0.9996,0.0002,0.0003,0.9996
D:\ML Project Freshness Detection\AgriFreshNET Freshness and Shelf-Life Image Datase\AgriFreshNET Freshness and Shelf-Life Image Datase\Processed Data\Processed Data\Fresh Tomato(1-10)\Tomato (13).jpeg,Tomato,0,Fresh,Fresh,0.8756,0.8756,0.1232,0.0012,Fresh,0.9949,0.9949,0.005,0.0002,Fresh,0.8095,0.8095,0.1902,0.0003,Fresh,0.9486,0.9486,0.0502,0.0012,Fresh,0.9819,0.9819,0.0173,0.0009
D:\ML Project Freshness Detection\AgriFreshNET Freshness and Shelf-Life Image Datase\AgriFreshNET Freshness and Shelf-Life Image Datase\Processed Data\Processed Data\Rotten Bittermelon(5-8)\IMG_20260125_005755.jpg,Bittermelon,2,Rotten,Rotten,0.9979,0.0,0.0021,0.9979,Rotten,0.9986,0.0003,0.0011,0.9986,Rotten,0.9999,0.0,0.0001,0.9999,Rotten,0.9898,0.0014,0.0088,0.9898,Rotten,0.9997,0.0,0.0002,0.9997
D:\ML Project Freshness Detection\AgriFreshNET Freshness and Shelf-Life Image Datase\AgriFreshNET Freshness and Shelf-Life Image Datase\Processed Data\Processed Data\Fresh Cucumber(1-6)\IMG_20260116_030043.jpg,Cucumber,0,Fresh,Fresh,0.8541,0.8541,0.1451,0.0008,Fresh,0.9706,0.9706,0.0254,0.004,Fresh,0.9967,0.9967,0.0032,0.0001,Fresh,0.9285,0.9285,0.0694,0.0021,Fresh,0.9962,0.9962,0.0032,0.0006
D:\ML Project Freshness Detection\AgriFreshNET Freshness and Shelf-Life Image Datase\AgriFreshNET Freshness and Shelf-Life Image Datase\Processed Data\Processed Data\Fresh pineapple(1-15)\aug_126_pineapple(18).jpeg,Pineapple,0,Fresh,Fresh,0.8037,0.8037,0.1414,0.0549,Fresh,0.9812,0.9812,0.0156,0.0032,Fresh,0.9978,0.9978,0.0021,0.0001,Fresh,0.9897,0.9897,0.0083,0.002,Fresh,0.9963,0.9963,0.0029,0.0008
D:\ML Project Freshness Detection\AgriFreshNET Freshness and Shelf-Life Image Datase\AgriFreshNET Freshness and Shelf-Life Image Datase\Processed Data\Processed Data\Semi_Fresh eggplant(4-8)\aug_77_IMG_20251201_190609184_HDR.jpg,Eggplant,1,Semi-Fresh,Semi-Fresh,0.9571,0.0424,0.9571,0.0004,Semi-Fresh,0.8929,0.1005,0.8929,0.0066,Semi-Fresh,0.99,0.0098,0.99,0.0002,Semi-Fresh,0.9954,0.0026,0.9954,0.002,Semi-Fresh,0.995,0.0047,0.995,0.0003
D:\ML Project Freshness Detection\AgriFreshNET Freshness and Shelf-Life Image Datase\AgriFreshNET Freshness and Shelf-Life Image Datase\Processed Data\Processed Data\Rotten banana(7-13)\IMG_20260124_113215412_HDR_AE.jpg,Banana,2,Rotten,Rotten,0.8919,0.0025,0.1056,0.8919,Rotten,0.9686,0.0008,0.0306,0.9686,Rotten,0.9701,0.0008,0.0291,0.9701,Rotten,0.9948,0.0005,0.0047,0.9948,Rotten,0.9987,0.0002,0.0011,0.9987
D:\ML Project Freshness Detection\AgriFreshNET Freshness and Shelf-Life Image Datase\AgriFreshNET Freshness and Shelf-Life Image Datase\Processed Data\Processed Data\Rotten Bittermelon(5-8)\aug_344_IMG_20260125_005717.jpg,Bittermelon,2,Rotten,Rotten,0.9138,0.0001,0.0861,0.9138,Rotten,0.9857,0.0,0.0143,0.9857,Rotten,0.9192,0.0,0.0808,0.9192,Rotten,0.9908,0.0006,0.0087,0.9908,Rotten,0.9984,0.0001,0.0015,0.9984
D:\ML Project Freshness Detection\AgriFreshNET Freshness and Shelf-Life Image Datase\AgriFreshNET Freshness and Shelf-Life Image Datase\Processed Data\Processed Data\Fresh Papaya(1-4)\aug_349_IMG_20251027_171231.jpg,Papaya,0,Fresh,Fresh,0.9521,0.9521,0.0468,0.0012,Fresh,0.9196,0.9196,0.0755,0.0049,Fresh,0.9957,0.9957,0.0031,0.0013,Fresh,0.9961,0.9961,0.0036,0.0003,Fresh,0.997,0.997,0.0028,0.0001
D:\ML Project Freshness Detection\AgriFreshNET Freshness and Shelf-Life Image Datase\AgriFreshNET Freshness and Shelf-Life Image Datase\Processed Data\Processed Data\Rotten Papaya(7-12)\aug_74_IMG_20260130_163415.jpg,Papaya,2,Rotten,Rotten,0.5732,0.2512,0.1757,0.5732,Rotten,0.9978,0.0005,0.0016,0.9978,Rotten,0.7753,0.0011,0.2235,0.7753,Rotten,0.7886,0.1347,0.0767,0.7886,Rotten,0.9968,0.0003,0.0029,0.9968
D:\ML Project Freshness Detection\AgriFreshNET Freshness and Shelf-Life Image Datase\AgriFreshNET Freshness and Shelf-Life Image Datase\Processed Data\Processed Data\Fresh eggplant(1-4)\aug_257_eggplant.jpeg,Eggplant,0,Fresh,Fresh,0.4222,0.4222,0.3712,0.2067,Semi-Fresh,0.4992,0.125,0.4992,0.3758,Semi-Fresh,0.6152,0.3405,0.6152,0.0443,Fresh,0.8753,0.8753,0.116,0.0087,Fresh,0.8372,0.8372,0.1476,0.0152
D:\ML Project Freshness Detection\AgriFreshNET Freshness and Shelf-Life Image Datase\AgriFreshNET Freshness and Shelf-Life Image Datase\Processed Data\Processed Data\Semi fresh banana(4-7)\aug_348_IMG_20251123_105946838_HDR_AE.jpg,Banana,1,Semi-Fresh,Semi-Fresh,0.6124,0.1946,0.6124,0.1929,Semi-Fresh,0.9641,0.022,0.9641,0.0138,Semi-Fresh,0.8395,0.144,0.8395,0.0165,Semi-Fresh,0.972,0.0231,0.972,0.0049,Semi-Fresh,0.9936,0.0041,0.9936,0.0023
D:\ML Project Freshness Detection\AgriFreshNET Freshness and Shelf-Life Image Datase\AgriFreshNET Freshness and Shelf-Life Image Datase\Processed Data\Processed Data\Fresh Bittermelon(1-3)\aug_81_IMG_20260114_010602.jpg,Bittermelon,0,Fresh,Fresh,0.9842,0.9842,0.0157,0.0001,Fresh,0.9876,0.9876,0.012,0.0004,Fresh,0.998,0.998,0.0019,0.0,Fresh,0.9937,0.9937,0.006,0.0003,Fresh,0.9983,0.9983,0.0012,0.0005
D:\ML Project Freshness Detection\AgriFreshNET Freshness and Shelf-Life Image Datase\AgriFreshNET Freshness and Shelf-Life Image Datase\Processed Data\Processed Data\Fresh Bittermelon(1-3)\aug_79_IMG_20251027_171134.jpg,Bittermelon,0,Fresh,Fresh,0.9976,0.9976,0.0024,0.0,Fresh,0.9934,0.9934,0.006,0.0006,Fresh,0.9999,0.9999,0.0001,0.0,Fresh,0.9968,0.9968,0.0021,0.0011,Fresh,0.9975,0.9975,0.002,0.0005
D:\ML Project Freshness Detection\AgriFreshNET Freshness and Shelf-Life Image Datase\AgriFreshNET Freshness and Shelf-Life Image Datase\Processed Data\Processed Data\Semi Fresh Cucumber(6-12)\aug_1_IMG_20260212_155215_1.jpg,Cucumber,1,Semi-Fresh,Semi-Fresh,0.6859,0.3136,0.6859,0.0005,Semi-Fresh,0.9994,0.0004,0.9994,0.0002,Semi-Fresh,0.9667,0.0297,0.9667,0.0036,Semi-Fresh,0.9991,0.0006,0.9991,0.0003,Semi-Fresh,0.9989,0.0008,0.9989,0.0002
D:\ML Project Freshness Detection\AgriFreshNET Freshness and Shelf-Life Image Datase\AgriFreshNET Freshness and Shelf-Life Image Datase\Processed Data\Processed Data\Rotten banana(7-13)\aug_157_IMG_20251201_132639625_HDR.jpg,Banana,2,Rotten,Rotten,0.9956,0.0005,0.0039,0.9956,Rotten,0.9996,0.0001,0.0003,0.9996,Rotten,0.9929,0.0011,0.006,0.9929,Rotten,0.9974,0.0012,0.0014,0.9974,Rotten,0.9978,0.0006,0.0016,0.9978
D:\ML Project Freshness Detection\AgriFreshNET Freshness and Shelf-Life Image Datase\AgriFreshNET Freshness and Shelf-Life Image Datase\Processed Data\Processed Data\Semi Fresh Cucumber(6-12)\aug_168_IMG_20260120_005040.jpg,Cucumber,1,Semi-Fresh,Semi-Fresh,0.8153,0.1187,0.8153,0.066,Semi-Fresh,0.9858,0.0007,0.9858,0.0135,Semi-Fresh,0.7914,0.1924,0.7914,0.0162,Semi-Fresh,0.9894,0.0027,0.9894,0.0079,Semi-Fresh,0.9988,0.0002,0.9988,0.001
D:\ML Project Freshness Detection\AgriFreshNET Freshness and Shelf-Life Image Datase\AgriFreshNET Freshness and Shelf-Life Image Datase\Processed Data\Processed Data\Rotten Bittermelon(5-8)\IMG_20251202_015928.jpg,Bittermelon,2,Rotten,Rotten,0.974,0.0009,0.0251,0.974,Rotten,0.995,0.0008,0.0042,0.995,Rotten,0.9978,0.0018,0.0003,0.9978,Rotten,0.9984,0.0009,0.0006,0.9984,Rotten,0.9991,0.0003,0.0006,0.9991
D:\ML Project Freshness Detection\AgriFreshNET Freshness and Shelf-Life Image Datase\AgriFreshNET Freshness and Shelf-Life Image Datase\Processed Data\Processed Data\Fresh pineapple(1-15)\pineapple(6).jpeg,Pineapple,0,Fresh,Fresh,0.7586,0.7586,0.1986,0.0428,Fresh,0.6719,0.6719,0.2893,0.0388,Fresh,0.9402,0.9402,0.0582,0.0017,Fresh,0.9857,0.9857,0.0133,0.0009,Fresh,0.8365,0.8365,0.1465,0.017
D:\ML Project Freshness Detection\AgriFreshNET Freshness and Shelf-Life Image Datase\AgriFreshNET Freshness and Shelf-Life Image Datase\Processed Data\Processed Data\Semi Fresh Papaya(4-7)\IMG_20251031_164000.jpg,Papaya,1,Semi-Fresh,Semi-Fresh,0.7835,0.1688,0.7835,0.0478,Semi-Fresh,0.9956,0.0032,0.9956,0.0012,Semi-Fresh,0.9938,0.005,0.9938,0.0012,Semi-Fresh,0.9961,0.0012,0.9961,0.0026,Semi-Fresh,0.9947,0.0041,0.9947,0.0013
D:\ML Project Freshness Detection\AgriFreshNET Freshness and Shelf-Life Image Datase\AgriFreshNET Freshness and Shelf-Life Image Datase\Processed Data\Processed Data\Rotten eggplant(8-15)\aug_286_IMG_20251120_204424239_HDR.jpg,Eggplant,2,Rotten,Rotten,0.9281,0.0206,0.0512,0.9281,Rotten,0.7508,0.053,0.1962,0.7508,Rotten,0.9334,0.0367,0.0299,0.9334,Rotten,0.983,0.0071,0.0099,0.983,Rotten,0.9904,0.0027,0.0069,0.9904
D:\ML Project Freshness Detection\AgriFreshNET Freshness and Shelf-Life Image Datase\AgriFreshNET Freshness and Shelf-Life Image Datase\Processed Data\Processed Data\Semi Fresh Cucumber(6-12)\aug_217_IMG_20260212_155216.jpg,Cucumber,1,Semi-Fresh,Semi-Fresh,0.8016,0.1976,0.8016,0.0008,Semi-Fresh,0.9985,0.0011,0.9985,0.0004,Semi-Fresh,0.9955,0.0012,0.9955,0.0033,Semi-Fresh,0.9998,0.0001,0.9998,0.0001,Semi-Fresh,0.9993,0.0006,0.9993,0.0001
D:\ML Project Freshness Detection\AgriFreshNET Freshness and Shelf-Life Image Datase\AgriFreshNET Freshness and Shelf-Life Image Datase\Processed Data\Processed Data\Fresh Bittermelon(1-3)\aug_333_IMG_20260116_025955.jpg,Bittermelon,0,Fresh,Fresh,0.9876,0.9876,0.0124,0.0,Fresh,0.998,0.998,0.002,0.0,Fresh,0.9997,0.9997,0.0003,0.0,Fresh,0.9974,0.9974,0.0019,0.0007,Fresh,0.9997,0.9997,0.0002,0.0001
D:\ML Project Freshness Detection\AgriFreshNET Freshness and Shelf-Life Image Datase\AgriFreshNET Freshness and Shelf-Life Image Datase\Processed Data\Processed Data\Semi Fresh Papaya(4-7)\IMG_20260214_025244.jpg,Papaya,1,Semi-Fresh,Fresh,0.7812,0.7812,0.2072,0.0115,Semi-Fresh,0.7819,0.1258,0.7819,0.0923,Semi-Fresh,0.9895,0.0082,0.9895,0.0023,Semi-Fresh,0.9942,0.0039,0.9942,0.0019,Semi-Fresh,0.996,0.0023,0.996,0.0017
D:\ML Project Freshness Detection\AgriFreshNET Freshness and Shelf-Life Image Datase\AgriFreshNET Freshness and Shelf-Life Image Datase\Processed Data\Processed Data\Rotten Papaya(7-12)\IMG_20260209_011108.jpg,Papaya,2,Rotten,Rotten,0.9848,0.0017,0.0135,0.9848,Rotten,0.9985,0.0004,0.001,0.9985,Rotten,0.9989,0.0005,0.0005,0.9989,Rotten,0.9983,0.0007,0.001,0.9983,Rotten,0.9994,0.0001,0.0005,0.9994
D:\ML Project Freshness Detection\AgriFreshNET Freshness and Shelf-Life Image Datase\AgriFreshNET Freshness and Shelf-Life Image Datase\Processed Data\Processed Data\Semi fresh Orange(9-20)\IMG_20251122_113043960_HDR_AE.jpg,Orange,1,Semi-Fresh,Semi-Fresh,0.9472,0.0304,0.9472,0.0225,Semi-Fresh,0.9942,0.0014,0.9942,0.0045,Semi-Fresh,0.9961,0.0036,0.9961,0.0003,Semi-Fresh,0.9969,0.0006,0.9969,0.0024,Semi-Fresh,0.9991,0.0005,0.9991,0.0004
D:\ML Project Freshness Detection\AgriFreshNET Freshness and Shelf-Life Image Datase\AgriFreshNET Freshness and Shelf-Life Image Datase\Processed Data\Processed Data\Fresh Bittermelon(1-3)\IMG_20251118_161126.jpg,Bittermelon,0,Fresh,Fresh,0.9091,0.9091,0.0903,0.0006,Fresh,0.9888,0.9888,0.0109,0.0003,Fresh,0.9974,0.9974,0.0022,0.0004,Fresh,0.9911,0.9911,0.0082,0.0008,Fresh,0.9994,0.9994,0.0005,0.0001
D:\ML Project Freshness Detection\AgriFreshNET Freshness and Shelf-Life Image Datase\AgriFreshNET Freshness and Shelf-Life Image Datase\Processed Data\Processed Data\Semi Fresh Papaya(4-7)\aug_470_IMG_20260214_025210.jpg,Papaya,1,Semi-Fresh,Semi-Fresh,0.5247,0.4751,0.5247,0.0002,Semi-Fresh,0.8928,0.0733,0.8928,0.0338,Semi-Fresh,0.9588,0.0366,0.9588,0.0046,Semi-Fresh,0.9965,0.0013,0.9965,0.0022,Semi-Fresh,0.9944,0.0051,0.9944,0.0005
D:\ML Project Freshness Detection\AgriFreshNET Freshness and Shelf-Life Image Datase\AgriFreshNET Freshness and Shelf-Life Image Datase\Processed Data\Processed Data\Rotten Tomato(24-35)\IMG-20260210-WA0012.jpg,Tomato,2,Rotten,Rotten,0.9907,0.0005,0.0087,0.9907,Rotten,0.9943,0.003,0.0027,0.9943,Rotten,0.9945,0.0024,0.003,0.9945,Rotten,0.998,0.0011,0.0009,0.998,Rotten,0.9995,0.0002,0.0002,0.9995
D:\ML Project Freshness Detection\AgriFreshNET Freshness and Shelf-Life Image Datase\AgriFreshNET Freshness and Shelf-Life Image Datase\Processed Data\Processed Data\Semi fresh banana(4-7)\aug_102_IMG_20251107_113717675_HDR_AE.jpg,Banana,1,Semi-Fresh,Semi-Fresh,0.7484,0.0423,0.7484,0.2093,Semi-Fresh,0.9747,0.0063,0.9747,0.019,Semi-Fresh,0.9285,0.0681,0.9285,0.0034,Semi-Fresh,0.9899,0.008,0.9899,0.0022,Semi-Fresh,0.9945,0.0052,0.9945,0.0003
D:\ML Project Freshness Detection\AgriFreshNET Freshness and Shelf-Life Image Datase\AgriFreshNET Freshness and Shelf-Life Image Datase\Processed Data\Processed Data\Rotten eggplant(8-15)\aug_366_IMG_20251123_222358055_HDR.jpg,Eggplant,2,Rotten,Rotten,0.9537,0.0268,0.0195,0.9537,Rotten,0.9939,0.0017,0.0044,0.9939,Rotten,0.9993,0.0,0.0007,0.9993,Rotten,0.9987,0.0005,0.0009,0.9987,Rotten,0.9992,0.0001,0.0007,0.9992
D:\ML Project Freshness Detection\AgriFreshNET Freshness and Shelf-Life Image Datase\AgriFreshNET Freshness and Shelf-Life Image Datase\Processed Data\Processed Data\Rotten Tomato(24-35)\IMG-20260207-WA0014.jpg,Tomato,2,Rotten,Rotten,0.9369,0.0195,0.0437,0.9369,Rotten,0.9845,0.0097,0.0058,0.9845,Rotten,0.9967,0.0012,0.0021,0.9967,Rotten,0.9964,0.002,0.0016,0.9964,Rotten,0.9886,0.0029,0.0085,0.9886
D:\ML Project Freshness Detection\AgriFreshNET Freshness and Shelf-Life Image Datase\AgriFreshNET Freshness and Shelf-Life Image Datase\Processed Data\Processed Data\Fresh Bittermelon(1-3)\IMG_20260120_004853.jpg,Bittermelon,0,Fresh,Fresh,0.9154,0.9154,0.084,0.0006,Fresh,0.8274,0.8274,0.163,0.0096,Fresh,0.9758,0.9758,0.0213,0.003,Fresh,0.945,0.945,0.0497,0.0053,Fresh,0.997,0.997,0.0027,0.0003
D:\ML Project Freshness Detection\AgriFreshNET Freshness and Shelf-Life Image Datase\AgriFreshNET Freshness and Shelf-Life Image Datase\Processed Data\Processed Data\Semi fresh Tomato(10-24)\IMG_20251115_121652555_HDR_AE.jpg,Tomato,1,Semi-Fresh,Semi-Fresh,0.5442,0.4476,0.5442,0.0082,Semi-Fresh,0.4598,0.2408,0.4598,0.2994,Fresh,0.9498,0.9498,0.0281,0.022,Semi-Fresh,0.5636,0.372,0.5636,0.0643,Semi-Fresh,0.9824,0.0161,0.9824,0.0015
D:\ML Project Freshness Detection\AgriFreshNET Freshness and Shelf-Life Image Datase\AgriFreshNET Freshness and Shelf-Life Image Datase\Processed Data\Processed Data\Semi fresh Orange(9-20)\IMG_20251126_191620334_HDR.jpg,Orange,1,Semi-Fresh,Semi-Fresh,0.9924,0.006,0.9924,0.0016,Semi-Fresh,0.999,0.0004,0.999,0.0005,Semi-Fresh,0.9999,0.0,0.9999,0.0001,Semi-Fresh,0.9948,0.0013,0.9948,0.0039,Semi-Fresh,0.9987,0.0012,0.9987,0.0001
D:\ML Project Freshness Detection\AgriFreshNET Freshness and Shelf-Life Image Datase\AgriFreshNET Freshness and Shelf-Life Image Datase\Processed Data\Processed Data\Semi fresh banana(4-7)\aug_34_IMG_20251124_190833889_HDR.jpg,Banana,1,Semi-Fresh,Semi-Fresh,0.5352,0.0477,0.5352,0.4171,Semi-Fresh,0.8031,0.0018,0.8031,0.1951,Semi-Fresh,0.953,0.0005,0.953,0.0465,Semi-Fresh,0.8319,0.0114,0.8319,0.1567,Semi-Fresh,0.9899,0.0011,0.9899,0.0089
D:\ML Project Freshness Detection\AgriFreshNET Freshness and Shelf-Life Image Datase\AgriFreshNET Freshness and Shelf-Life Image Datase\Processed Data\Processed Data\Rotten eggplant(8-15)\aug_45_IMG_20251119_200607868_HDR.jpg,Eggplant,2,Rotten,Rotten,0.9772,0.002,0.0208,0.9772,Rotten,0.9956,0.0016,0.0028,0.9956,Rotten,0.9998,0.0001,0.0001,0.9998,Rotten,0.998,0.0005,0.0015,0.998,Rotten,0.999,0.0002,0.0008,0.999
D:\ML Project Freshness Detection\AgriFreshNET Freshness and Shelf-Life Image Datase\AgriFreshNET Freshness and Shelf-Life Image Datase\Processed Data\Processed Data\Semi fresh Tomato(10-24)\aug_36_IMG_20251115_121602195_HDR_AE.jpg,Tomato,1,Semi-Fresh,Fresh,0.5812,0.5812,0.4114,0.0074,Semi-Fresh,0.5064,0.4884,0.5064,0.0053,Semi-Fresh,0.6171,0.3819,0.6171,0.001,Semi-Fresh,0.527,0.468,0.527,0.005,Semi-Fresh,0.9187,0.0804,0.9187,0.0009
D:\ML Project Freshness Detection\AgriFreshNET Freshness and Shelf-Life Image Datase\AgriFreshNET Freshness and Shelf-Life Image Datase\Processed Data\Processed Data\Semi fresh Orange(9-20)\IMG_20251113_124113962_HDR_AE.jpg,Orange,1,Semi-Fresh,Semi-Fresh,0.959,0.0405,0.959,0.0005,Semi-Fresh,0.9906,0.009,0.9906,0.0004,Semi-Fresh,0.8286,0.1713,0.8286,0.0001,Semi-Fresh,0.9994,0.0004,0.9994,0.0002,Semi-Fresh,0.9987,0.0012,0.9987,0.0001
D:\ML Project Freshness Detection\AgriFreshNET Freshness and Shelf-Life Image Datase\AgriFreshNET Freshness and Shelf-Life Image Datase\Processed Data\Processed Data\Fresh pineapple(1-15)\aug_147_IMG-20251130-WA0016.jpg,Pineapple,0,Fresh,Rotten,0.7935,0.0152,0.1913,0.7935,Fresh,0.7456,0.7456,0.2137,0.0406,Semi-Fresh,0.4853,0.4711,0.4853,0.0436,Semi-Fresh,0.7942,0.1929,0.7942,0.0129,Fresh,0.9691,0.9691,0.03,0.0008
D:\ML Project Freshness Detection\AgriFreshNET Freshness and Shelf-Life Image Datase\AgriFreshNET Freshness and Shelf-Life Image Datase\Processed Data\Processed Data\Semi Fresh Bittermelon ( 3-5)\aug_218_IMG_20260116_025858.jpg,Bittermelon,1,Semi-Fresh,Semi-Fresh,0.8698,0.0107,0.8698,0.1195,Semi-Fresh,0.8498,0.0011,0.8498,0.1491,Semi-Fresh,0.9475,0.0109,0.9475,0.0416,Semi-Fresh,0.974,0.0011,0.974,0.0249,Semi-Fresh,0.9993,0.0001,0.9993,0.0006
D:\ML Project Freshness Detection\AgriFreshNET Freshness and Shelf-Life Image Datase\AgriFreshNET Freshness and Shelf-Life Image Datase\Processed Data\Processed Data\Fresh Papaya(1-4)\aug_237_IMG_20260114_004653.jpg,Papaya,0,Fresh,Fresh,0.9573,0.9573,0.0377,0.005,Fresh,0.8608,0.8608,0.125,0.0142,Fresh,0.9297,0.9297,0.0595,0.0108,Fresh,0.9841,0.9841,0.0132,0.0027,Fresh,0.987,0.987,0.0112,0.0018
D:\ML Project Freshness Detection\AgriFreshNET Freshness and Shelf-Life Image Datase\AgriFreshNET Freshness and Shelf-Life Image Datase\Processed Data\Processed Data\Semi fresh Tomato(10-24)\aug_273_IMG_20260122_220739172_HDR.jpg,Tomato,1,Semi-Fresh,Semi-Fresh,0.6079,0.385,0.6079,0.0071,Semi-Fresh,0.8028,0.0081,0.8028,0.1891,Semi-Fresh,0.9819,0.0041,0.9819,0.014,Semi-Fresh,0.9948,0.0009,0.9948,0.0043,Semi-Fresh,0.9984,0.0008,0.9984,0.0009
D:\ML Project Freshness Detection\AgriFreshNET Freshness and Shelf-Life Image Datase\AgriFreshNET Freshness and Shelf-Life Image Datase\Processed Data\Processed Data\Rotten Cucumber(12-20)\aug_350_IMG_20251124_021837.jpg,Cucumber,2,Rotten,Rotten,0.9956,0.0007,0.0037,0.9956,Rotten,0.9972,0.0004,0.0024,0.9972,Rotten,0.9998,0.0,0.0001,0.9998,Rotten,0.9945,0.0031,0.0024,0.9945,Rotten,0.9992,0.0004,0.0004,0.9992
D:\ML Project Freshness Detection\AgriFreshNET Freshness and Shelf-Life Image Datase\AgriFreshNET Freshness and Shelf-Life Image Datase\Processed Data\Processed Data\Semi Fresh Cucumber(6-12)\IMG_20260212_155606.jpg,Cucumber,1,Semi-Fresh,Semi-Fresh,0.9378,0.0466,0.9378,0.0156,Semi-Fresh,0.9956,0.0013,0.9956,0.0031,Semi-Fresh,0.9973,0.0002,0.9973,0.0025,Semi-Fresh,0.9995,0.0003,0.9995,0.0002,Semi-Fresh,0.9995,0.0003,0.9995,0.0002
D:\ML Project Freshness Detection\AgriFreshNET Freshness and Shelf-Life Image Datase\AgriFreshNET Freshness and Shelf-Life Image Datase\Processed Data\Processed Data\Fresh Bittermelon(1-3)\aug_10_IMG_20251031_164145.jpg,Bittermelon,0,Fresh,Fresh,0.9936,0.9936,0.0064,0.0,Fresh,0.9893,0.9893,0.0102,0.0004,Fresh,0.998,0.998,0.002,0.0,Fresh,0.9827,0.9827,0.0162,0.0012,Fresh,0.9974,0.9974,0.0024,0.0002
D:\ML Project Freshness Detection\AgriFreshNET Freshness and Shelf-Life Image Datase\AgriFreshNET Freshness and Shelf-Life Image Datase\Processed Data\Processed Data\Rotten Cucumber(12-20)\aug_387_IMG_20251202_015434.jpg,Cucumber,2,Rotten,Rotten,0.9837,0.0045,0.0118,0.9837,Rotten,0.9957,0.0005,0.0038,0.9957,Rotten,0.9997,0.0,0.0003,0.9997,Rotten,0.9906,0.0047,0.0047,0.9906,Rotten,0.9975,0.0006,0.0019,0.9975
D:\ML Project Freshness Detection\AgriFreshNET Freshness and Shelf-Life Image Datase\AgriFreshNET Freshness and Shelf-Life Image Datase\Processed Data\Processed Data\Fresh Tomato(1-10)\IMG_20251107_114134349_HDR_AE.jpg,Tomato,0,Fresh,Fresh,0.5508,0.5508,0.4347,0.0146,Fresh,0.9656,0.9656,0.0343,0.0001,Fresh,0.99,0.99,0.01,0.0,Fresh,0.9762,0.9762,0.0229,0.0009,Fresh,0.9936,0.9936,0.0059,0.0006
D:\ML Project Freshness Detection\AgriFreshNET Freshness and Shelf-Life Image Datase\AgriFreshNET Freshness and Shelf-Life Image Datase\Processed Data\Processed Data\Fresh Tomato(1-10)\IMG_20251119_201936239_HDR.jpg,Tomato,0,Fresh,Fresh,0.7085,0.7085,0.2875,0.004,Fresh,0.8764,0.8764,0.0956,0.028,Fresh,0.9131,0.9131,0.0821,0.0048,Fresh,0.9797,0.9797,0.0162,0.004,Fresh,0.9904,0.9904,0.0077,0.0019
D:\ML Project Freshness Detection\AgriFreshNET Freshness and Shelf-Life Image Datase\AgriFreshNET Freshness and Shelf-Life Image Datase\Processed Data\Processed Data\Rotten Tomato(24-35)\aug_183_IMG-20260219-WA0019.jpg,Tomato,2,Rotten,Rotten,0.8728,0.0775,0.0497,0.8728,Rotten,0.992,0.0017,0.0063,0.992,Rotten,0.9989,0.0002,0.0009,0.9989,Rotten,0.9995,0.0002,0.0003,0.9995,Rotten,0.9991,0.0002,0.0008,0.9991
D:\ML Project Freshness Detection\AgriFreshNET Freshness and Shelf-Life Image Datase\AgriFreshNET Freshness and Shelf-Life Image Datase\Processed Data\Processed Data\Rotten Cucumber(12-20)\aug_496_IMG_20260122_003111.jpg,Cucumber,2,Rotten,Semi-Fresh,0.8764,0.0228,0.8764,0.1008,Rotten,0.7825,0.0177,0.1998,0.7825,Rotten,0.958,0.0058,0.0362,0.958,Rotten,0.9642,0.0046,0.0312,0.9642,Rotten,0.9757,0.002,0.0223,0.9757
D:\ML Project Freshness Detection\AgriFreshNET Freshness and Shelf-Life Image Datase\AgriFreshNET Freshness and Shelf-Life Image Datase\Processed Data\Processed Data\Fresh Bittermelon(1-3)\IMG_20251118_160819.jpg,Bittermelon,0,Fresh,Fresh,0.9914,0.9914,0.0086,0.0,Fresh,0.986,0.986,0.0132,0.0007,Fresh,0.9996,0.9996,0.0004,0.0,Fresh,0.9926,0.9926,0.0071,0.0003,Fresh,0.9866,0.9866,0.0128,0.0005
D:\ML Project Freshness Detection\AgriFreshNET Freshness and Shelf-Life Image Datase\AgriFreshNET Freshness and Shelf-Life Image Datase\Processed Data\Processed Data\Semi Fresh Papaya(4-7)\aug_174_IMG_20251124_022533.jpg,Papaya,1,Semi-Fresh,Fresh,0.8736,0.8736,0.1261,0.0003,Semi-Fresh,0.9606,0.0373,0.9606,0.0021,Semi-Fresh,0.997,0.0025,0.997,0.0005,Semi-Fresh,0.9955,0.0033,0.9955,0.0012,Semi-Fresh,0.9963,0.0027,0.9963,0.0009
D:\ML Project Freshness Detection\AgriFreshNET Freshness and Shelf-Life Image Datase\AgriFreshNET Freshness and Shelf-Life Image Datase\Processed Data\Processed Data\Fresh Orange(1-9)\IMG_20251108_121856783_HDR_AE.jpg,Orange,0,Fresh,Fresh,0.8698,0.8698,0.0825,0.0477,Fresh,0.9686,0.9686,0.0286,0.0028,Fresh,0.9773,0.9773,0.0188,0.004,Fresh,0.9716,0.9716,0.026,0.0024,Fresh,0.9982,0.9982,0.0015,0.0003
D:\ML Project Freshness Detection\AgriFreshNET Freshness and Shelf-Life Image Datase\AgriFreshNET Freshness and Shelf-Life Image Datase\Processed Data\Processed Data\Rotten Bittermelon(5-8)\aug_325_IMG_20260120_004915.jpg,Bittermelon,2,Rotten,Rotten,0.8944,0.0008,0.1048,0.8944,Rotten,0.9987,0.0002,0.0011,0.9987,Rotten,0.9999,0.0,0.0001,0.9999,Rotten,0.9968,0.0006,0.0027,0.9968,Rotten,0.9988,0.0004,0.0009,0.9988
D:\ML Project Freshness Detection\AgriFreshNET Freshness and Shelf-Life Image Datase\AgriFreshNET Freshness and Shelf-Life Image Datase\Processed Data\Processed Data\Fresh Bittermelon(1-3)\aug_80_IMG_20251118_161043.jpg,Bittermelon,0,Fresh,Fresh,0.9501,0.9501,0.0488,0.0012,Fresh,0.9926,0.9926,0.007,0.0004,Fresh,0.9985,0.9985,0.001,0.0006,Fresh,0.9795,0.9795,0.0174,0.0031,Fresh,0.9943,0.9943,0.005,0.0007
D:\ML Project Freshness Detection\AgriFreshNET Freshness and Shelf-Life Image Datase\AgriFreshNET Freshness and Shelf-Life Image Datase\Processed Data\Processed Data\Semi Fresh Cucumber(6-12)\aug_105_IMG_20251105_142831.jpg,Cucumber,1,Semi-Fresh,Semi-Fresh,0.4953,0.3707,0.4953,0.1339,Semi-Fresh,0.5524,0.4192,0.5524,0.0284,Fresh,0.8935,0.8935,0.0983,0.0083,Semi-Fresh,0.6725,0.2774,0.6725,0.0501,Fresh,0.936,0.936,0.056,0.0079
D:\ML Project Freshness Detection\AgriFreshNET Freshness and Shelf-Life Image Datase\AgriFreshNET Freshness and Shelf-Life Image Datase\Processed Data\Processed Data\Rotten Tomato(24-35)\aug_174_IMG-20260210-WA0025.jpg,Tomato,2,Rotten,Rotten,0.8823,0.0363,0.0813,0.8823,Rotten,0.9722,0.0199,0.0079,0.9722,Rotten,0.9998,0.0001,0.0001,0.9998,Rotten,0.9868,0.0094,0.0038,0.9868,Rotten,0.9978,0.0006,0.0016,0.9978
D:\ML Project Freshness Detection\AgriFreshNET Freshness and Shelf-Life Image Datase\AgriFreshNET Freshness and Shelf-Life Image Datase\Processed Data\Processed Data\Rotten Bittermelon(5-8)\aug_287_IMG_20260125_005705.jpg,Bittermelon,2,Rotten,Rotten,0.9299,0.0002,0.07,0.9299,Rotten,0.9557,0.0001,0.0442,0.9557,Rotten,0.7581,0.0002,0.2417,0.7581,Rotten,0.9955,0.0006,0.0039,0.9955,Rotten,0.999,0.0,0.0009,0.999
D:\ML Project Freshness Detection\AgriFreshNET Freshness and Shelf-Life Image Datase\AgriFreshNET Freshness and Shelf-Life Image Datase\Processed Data\Processed Data\Semi Fresh Papaya(4-7)\aug_446_IMG_20251031_164008.jpg,Papaya,1,Semi-Fresh,Semi-Fresh,0.8184,0.1774,0.8184,0.0042,Semi-Fresh,0.9774,0.0186,0.9774,0.004,Semi-Fresh,0.9994,0.0001,0.9994,0.0005,Semi-Fresh,0.9985,0.0014,0.9985,0.0001,Semi-Fresh,0.9766,0.0223,0.9766,0.0012
D:\ML Project Freshness Detection\AgriFreshNET Freshness and Shelf-Life Image Datase\AgriFreshNET Freshness and Shelf-Life Image Datase\Processed Data\Processed Data\Rotten Tomato(24-35)\aug_140_IMG_20251203_101047043_HDR.jpg,Tomato,2,Rotten,Rotten,0.9958,0.0,0.0042,0.9958,Rotten,0.9957,0.0005,0.0038,0.9957,Rotten,0.9997,0.0,0.0003,0.9997,Rotten,0.9996,0.0001,0.0003,0.9996,Rotten,0.9998,0.0001,0.0002,0.9998
D:\ML Project Freshness Detection\AgriFreshNET Freshness and Shelf-Life Image Datase\AgriFreshNET Freshness and Shelf-Life Image Datase\Processed Data\Processed Data\Semi Fresh Papaya(4-7)\aug_399_IMG_20260125_005113.jpg,Papaya,1,Semi-Fresh,Semi-Fresh,0.8276,0.1397,0.8276,0.0327,Semi-Fresh,0.9933,0.0058,0.9933,0.0009,Semi-Fresh,0.9772,0.0042,0.9772,0.0186,Semi-Fresh,0.9962,0.0022,0.9962,0.0016,Semi-Fresh,0.999,0.0008,0.999,0.0002
D:\ML Project Freshness Detection\AgriFreshNET Freshness and Shelf-Life Image Datase\AgriFreshNET Freshness and Shelf-Life Image Datase\Processed Data\Processed Data\Rotten Tomato(24-35)\IMG_20260122_215954701_HDR.jpg,Tomato,2,Rotten,Rotten,0.4965,0.1172,0.3863,0.4965,Rotten,0.9422,0.0119,0.0459,0.9422,Rotten,0.9002,0.0105,0.0893,0.9002,Rotten,0.9538,0.0027,0.0436,0.9538,Rotten,0.9181,0.0084,0.0735,0.9181
D:\ML Project Freshness Detection\AgriFreshNET Freshness and Shelf-Life Image Datase\AgriFreshNET Freshness and Shelf-Life Image Datase\Processed Data\Processed Data\Semi Fresh Cucumber(6-12)\aug_74_IMG_20260125_005549.jpg,Cucumber,1,Semi-Fresh,Semi-Fresh,0.8501,0.0522,0.8501,0.0976,Semi-Fresh,0.9505,0.0333,0.9505,0.0162,Semi-Fresh,0.9924,0.0035,0.9924,0.0042,Semi-Fresh,0.987,0.0034,0.987,0.0096,Semi-Fresh,0.9986,0.0002,0.9986,0.0011
D:\ML Project Freshness Detection\AgriFreshNET Freshness and Shelf-Life Image Datase\AgriFreshNET Freshness and Shelf-Life Image Datase\Processed Data\Processed Data\Rotten Bittermelon(5-8)\aug_221_IMG_20251202_020415.jpg,Bittermelon,2,Rotten,Rotten,0.962,0.0002,0.0378,0.962,Rotten,0.9967,0.0003,0.003,0.9967,Rotten,0.9844,0.0048,0.0108,0.9844,Rotten,0.998,0.0002,0.0018,0.998,Rotten,0.9984,0.0001,0.0016,0.9984
D:\ML Project Freshness Detection\AgriFreshNET Freshness and Shelf-Life Image Datase\AgriFreshNET Freshness and Shelf-Life Image Datase\Processed Data\Processed Data\Semi_Fresh eggplant(4-8)\IMG_20251110_094106636_HDR_AE.jpg,Eggplant,1,Semi-Fresh,Fresh,0.8473,0.8473,0.1102,0.0425,Semi-Fresh,0.6819,0.2615,0.6819,0.0566,Semi-Fresh,0.8122,0.1717,0.8122,0.0161,Semi-Fresh,0.9288,0.0555,0.9288,0.0157,Semi-Fresh,0.9903,0.0063,0.9903,0.0034
D:\ML Project Freshness Detection\AgriFreshNET Freshness and Shelf-Life Image Datase\AgriFreshNET Freshness and Shelf-Life Image Datase\Processed Data\Processed Data\Rotten banana(7-13)\IMG_20260126_223434542_HDR.jpg,Banana,2,Rotten,Semi-Fresh,0.5468,0.0006,0.5468,0.4526,Rotten,0.9508,0.0001,0.0491,0.9508,Rotten,0.9954,0.0,0.0046,0.9954,Rotten,0.9945,0.0006,0.0049,0.9945,Rotten,0.9967,0.0001,0.0032,0.9967
D:\ML Project Freshness Detection\AgriFreshNET Freshness and Shelf-Life Image Datase\AgriFreshNET Freshness and Shelf-Life Image Datase\Processed Data\Processed Data\Fresh Tomato(1-10)\IMG_20251106_155928780_HDR_AE.jpg,Tomato,0,Fresh,Fresh,0.7277,0.7277,0.2549,0.0174,Fresh,0.707,0.707,0.0902,0.2028,Fresh,0.9536,0.9536,0.0382,0.0082,Fresh,0.5837,0.5837,0.2704,0.1459,Fresh,0.8848,0.8848,0.1061,0.0091
D:\ML Project Freshness Detection\AgriFreshNET Freshness and Shelf-Life Image Datase\AgriFreshNET Freshness and Shelf-Life Image Datase\Processed Data\Processed Data\Fresh pineapple(1-15)\aug_39_IMG-20251127-WA0031.jpg,Pineapple,0,Fresh,Fresh,0.9943,0.9943,0.0056,0.0001,Fresh,0.9967,0.9967,0.0029,0.0004,Fresh,0.9987,0.9987,0.0012,0.0001,Fresh,0.9984,0.9984,0.0015,0.0001,Fresh,0.999,0.999,0.0009,0.0001
D:\ML Project Freshness Detection\AgriFreshNET Freshness and Shelf-Life Image Datase\AgriFreshNET Freshness and Shelf-Life Image Datase\Processed Data\Processed Data\Rotten Orange(20-35)\IMG-20251215-WA0021.jpg,Orange,2,Rotten,Rotten,0.7275,0.0033,0.2692,0.7275,Rotten,0.9812,0.0001,0.0188,0.9812,Rotten,0.7963,0.0066,0.1971,0.7963,Rotten,0.9888,0.0029,0.0083,0.9888,Rotten,0.9974,0.0001,0.0025,0.9974
D:\ML Project Freshness Detection\AgriFreshNET Freshness and Shelf-Life Image Datase\AgriFreshNET Freshness and Shelf-Life Image Datase\Processed Data\Processed Data\Fresh Orange(1-9)\IMG_20251107_113920647_HDR_AE.jpg,Orange,0,Fresh,Fresh,0.9357,0.9357,0.0594,0.0049,Fresh,0.9735,0.9735,0.0263,0.0001,Fresh,0.9713,0.9713,0.027,0.0017,Fresh,0.9205,0.9205,0.0768,0.0027,Fresh,0.9984,0.9984,0.0015,0.0001
D:\ML Project Freshness Detection\AgriFreshNET Freshness and Shelf-Life Image Datase\AgriFreshNET Freshness and Shelf-Life Image Datase\Processed Data\Processed Data\Semi fresh banana(4-7)\IMG_20251108_121329785_HDR_AE.jpg,Banana,1,Semi-Fresh,Semi-Fresh,0.512,0.0057,0.512,0.4823,Semi-Fresh,0.7351,0.007,0.7351,0.2579,Semi-Fresh,0.9772,0.0031,0.9772,0.0197,Semi-Fresh,0.9496,0.0034,0.9496,0.0471,Semi-Fresh,0.9964,0.0005,0.9964,0.0031
D:\ML Project Freshness Detection\AgriFreshNET Freshness and Shelf-Life Image Datase\AgriFreshNET Freshness and Shelf-Life Image Datase\Processed Data\Processed Data\Fresh eggplant(1-4)\aug_285_IMG_20251123_221647135_HDR.jpg,Eggplant,0,Fresh,Fresh,0.8776,0.8776,0.122,0.0004,Fresh,0.9423,0.9423,0.0569,0.0007,Fresh,0.9907,0.9907,0.009,0.0003,Fresh,0.9857,0.9857,0.0135,0.0008,Fresh,0.9979,0.9979,0.0019,0.0001
D:\ML Project Freshness Detection\AgriFreshNET Freshness and Shelf-Life Image Datase\AgriFreshNET Freshness and Shelf-Life Image Datase\Processed Data\Processed Data\Fresh Orange(1-9)\IMG_20251107_114021707_HDR_AE.jpg,Orange,0,Fresh,Fresh,0.7514,0.7514,0.2436,0.0049,Fresh,0.9831,0.9831,0.0166,0.0003,Fresh,0.9975,0.9975,0.0025,0.0,Fresh,0.9844,0.9844,0.0152,0.0004,Fresh,0.9983,0.9983,0.0015,0.0002
D:\ML Project Freshness Detection\AgriFreshNET Freshness and Shelf-Life Image Datase\AgriFreshNET Freshness and Shelf-Life Image Datase\Processed Data\Processed Data\Fresh Banana(1-4)\aug_195_Banana (9).jpeg,Banana,0,Fresh,Fresh,0.7542,0.7542,0.2448,0.0011,Fresh,0.98,0.98,0.0195,0.0005,Fresh,0.9712,0.9712,0.0259,0.0029,Fresh,0.995,0.995,0.0047,0.0003,Fresh,0.9976,0.9976,0.0022,0.0002
D:\ML Project Freshness Detection\AgriFreshNET Freshness and Shelf-Life Image Datase\AgriFreshNET Freshness and Shelf-Life Image Datase\Processed Data\Processed Data\Semi fresh Pineapple (15-25)\aug_127_IMG_20251119_202540220_HDR.jpg,Pineapple,1,Semi-Fresh,Fresh,0.5769,0.5769,0.3569,0.0662,Semi-Fresh,0.5719,0.253,0.5719,0.1752,Semi-Fresh,0.986,0.0041,0.986,0.0099,Semi-Fresh,0.9289,0.0623,0.9289,0.0088,Semi-Fresh,0.9717,0.0054,0.9717,0.0229
D:\ML Project Freshness Detection\AgriFreshNET Freshness and Shelf-Life Image Datase\AgriFreshNET Freshness and Shelf-Life Image Datase\Processed Data\Processed Data\Semi fresh Tomato(10-24)\aug_263_IMG_20251115_121450313_HDR_AE.jpg,Tomato,1,Semi-Fresh,Fresh,0.6678,0.6678,0.3292,0.0029,Semi-Fresh,0.5587,0.4237,0.5587,0.0175,Semi-Fresh,0.8364,0.1617,0.8364,0.002,Semi-Fresh,0.7499,0.2486,0.7499,0.0015,Fresh,0.5166,0.5166,0.4804,0.003
D:\ML Project Freshness Detection\AgriFreshNET Freshness and Shelf-Life Image Datase\AgriFreshNET Freshness and Shelf-Life Image Datase\Processed Data\Processed Data\Fresh Orange(1-9)\aug_108_IMG-20251119-WA0010.jpg,Orange,0,Fresh,Fresh,0.8879,0.8879,0.1085,0.0037,Fresh,0.815,0.815,0.1836,0.0014,Fresh,0.9889,0.9889,0.0109,0.0002,Fresh,0.9712,0.9712,0.0274,0.0015,Fresh,0.9909,0.9909,0.0086,0.0005
D:\ML Project Freshness Detection\AgriFreshNET Freshness and Shelf-Life Image Datase\AgriFreshNET Freshness and Shelf-Life Image Datase\Processed Data\Processed Data\Fresh Bittermelon(1-3)\IMG_20260114_005350.jpg,Bittermelon,0,Fresh,Fresh,0.9974,0.9974,0.0025,0.0001,Fresh,0.9981,0.9981,0.0018,0.0001,Fresh,0.9998,0.9998,0.0002,0.0,Fresh,0.9958,0.9958,0.0033,0.0009,Fresh,0.9995,0.9995,0.0003,0.0002
D:\ML Project Freshness Detection\AgriFreshNET Freshness and Shelf-Life Image Datase\AgriFreshNET Freshness and Shelf-Life Image Datase\Processed Data\Processed Data\Fresh Bittermelon(1-3)\aug_375_IMG_20260114_005307.jpg,Bittermelon,0,Fresh,Fresh,0.9968,0.9968,0.003,0.0001,Fresh,0.9984,0.9984,0.0015,0.0001,Fresh,0.9992,0.9992,0.0006,0.0002,Fresh,0.9987,0.9987,0.0011,0.0002,Fresh,0.9993,0.9993,0.0005,0.0002
D:\ML Project Freshness Detection\AgriFreshNET Freshness and Shelf-Life Image Datase\AgriFreshNET Freshness and Shelf-Life Image Datase\Processed Data\Processed Data\Fresh pineapple(1-15)\IMG-20251127-WA0015.jpg,Pineapple,0,Fresh,Fresh,0.9956,0.9956,0.0044,0.0001,Fresh,0.9827,0.9827,0.0156,0.0017,Fresh,0.9973,0.9973,0.0027,0.0,Fresh,0.9987,0.9987,0.0012,0.0,Fresh,0.9968,0.9968,0.0031,0.0001
D:\ML Project Freshness Detection\AgriFreshNET Freshness and Shelf-Life Image Datase\AgriFreshNET Freshness and Shelf-Life Image Datase\Processed Data\Processed Data\Semi Fresh Bittermelon ( 3-5)\aug_299_IMG_20251123_013433.jpg,Bittermelon,1,Semi-Fresh,Semi-Fresh,0.9643,0.0237,0.9643,0.012,Semi-Fresh,0.9964,0.0007,0.9964,0.0029,Semi-Fresh,0.9999,0.0,0.9999,0.0001,Semi-Fresh,0.99,0.0009,0.99,0.0091,Semi-Fresh,0.9957,0.0009,0.9957,0.0033
D:\ML Project Freshness Detection\AgriFreshNET Freshness and Shelf-Life Image Datase\AgriFreshNET Freshness and Shelf-Life Image Datase\Processed Data\Processed Data\Rotten banana(7-13)\aug_263_IMG_20260128_095224313_HDR_AE.jpg,Banana,2,Rotten,Rotten,0.9755,0.0023,0.0223,0.9755,Rotten,0.9827,0.0012,0.0162,0.9827,Rotten,0.9828,0.0011,0.0161,0.9828,Rotten,0.9956,0.0015,0.0029,0.9956,Rotten,0.9988,0.0001,0.0011,0.9988
D:\ML Project Freshness Detection\AgriFreshNET Freshness and Shelf-Life Image Datase\AgriFreshNET Freshness and Shelf-Life Image Datase\Processed Data\Processed Data\Rotten eggplant(8-15)\aug_158_IMG_20251130_180942748_HDR.jpg,Eggplant,2,Rotten,Semi-Fresh,0.8416,0.0618,0.8416,0.0966,Rotten,0.6745,0.0188,0.3067,0.6745,Rotten,0.8827,0.0319,0.0854,0.8827,Rotten,0.9537,0.0034,0.0429,0.9537,Rotten,0.5515,0.036,0.4125,0.5515
D:\ML Project Freshness Detection\AgriFreshNET Freshness and Shelf-Life Image Datase\AgriFreshNET Freshness and Shelf-Life Image Datase\Processed Data\Processed Data\Rotten eggplant(8-15)\aug_131_IMG_20251110_094504778_HDR_AE.jpg,Eggplant,2,Rotten,Rotten,0.991,0.0019,0.0072,0.991,Rotten,0.9907,0.0009,0.0084,0.9907,Rotten,0.9892,0.0001,0.0107,0.9892,Rotten,0.9944,0.0026,0.003,0.9944,Rotten,0.9977,0.0006,0.0017,0.9977
D:\ML Project Freshness Detection\AgriFreshNET Freshness and Shelf-Life Image Datase\AgriFreshNET Freshness and Shelf-Life Image Datase\Processed Data\Processed Data\Semi Fresh Papaya(4-7)\aug_324_IMG_20251124_022545.jpg,Papaya,1,Semi-Fresh,Semi-Fresh,0.8533,0.1386,0.8533,0.0081,Semi-Fresh,0.9865,0.0083,0.9865,0.0052,Semi-Fresh,0.9699,0.0282,0.9699,0.002,Semi-Fresh,0.9527,0.0452,0.9527,0.0021,Semi-Fresh,0.995,0.0042,0.995,0.0009
D:\ML Project Freshness Detection\AgriFreshNET Freshness and Shelf-Life Image Datase\AgriFreshNET Freshness and Shelf-Life Image Datase\Processed Data\Processed Data\Semi Fresh Bittermelon ( 3-5)\aug_282_IMG_20260120_004817.jpg,Bittermelon,1,Semi-Fresh,Semi-Fresh,0.9446,0.0036,0.9446,0.0517,Semi-Fresh,0.6746,0.0006,0.6746,0.3248,Semi-Fresh,0.9947,0.0032,0.9947,0.002,Semi-Fresh,0.9873,0.0004,0.9873,0.0123,Semi-Fresh,0.9986,0.0006,0.9986,0.0007
D:\ML Project Freshness Detection\AgriFreshNET Freshness and Shelf-Life Image Datase\AgriFreshNET Freshness and Shelf-Life Image Datase\Processed Data\Processed Data\Fresh Papaya(1-4)\IMG_20260116_030622.jpg,Papaya,0,Fresh,Fresh,0.9781,0.9781,0.0186,0.0033,Fresh,0.9484,0.9484,0.0482,0.0034,Fresh,0.9656,0.9656,0.0326,0.0018,Fresh,0.8808,0.8808,0.1173,0.0019,Fresh,0.968,0.968,0.0314,0.0005
D:\ML Project Freshness Detection\AgriFreshNET Freshness and Shelf-Life Image Datase\AgriFreshNET Freshness and Shelf-Life Image Datase\Processed Data\Processed Data\Rotten Pineapple(25-35)\aug_233_IMG-20260130-WA0115.jpg,Pineapple,2,Rotten,Rotten,0.9996,0.0001,0.0004,0.9996,Rotten,0.9999,0.0,0.0001,0.9999,Rotten,0.9991,0.0002,0.0007,0.9991,Rotten,0.9979,0.0009,0.0012,0.9979,Rotten,0.9999,0.0001,0.0001,0.9999
D:\ML Project Freshness Detection\AgriFreshNET Freshness and Shelf-Life Image Datase\AgriFreshNET Freshness and Shelf-Life Image Datase\Processed Data\Processed Data\Rotten Pineapple(25-35)\IMG-20260130-WA0117.jpg,Pineapple,2,Rotten,Rotten,0.9996,0.0001,0.0004,0.9996,Rotten,0.9888,0.0063,0.0049,0.9888,Rotten,0.9994,0.0002,0.0004,0.9994,Rotten,0.9974,0.0007,0.0019,0.9974,Rotten,0.9998,0.0001,0.0001,0.9998
D:\ML Project Freshness Detection\AgriFreshNET Freshness and Shelf-Life Image Datase\AgriFreshNET Freshness and Shelf-Life Image Datase\Processed Data\Processed Data\Semi fresh Orange(9-20)\IMG-20251122-WA0000.jpg,Orange,1,Semi-Fresh,Fresh,0.9018,0.9018,0.0935,0.0047,Fresh,0.922,0.922,0.0738,0.0042,Fresh,0.7865,0.7865,0.2024,0.0111,Semi-Fresh,0.5324,0.4524,0.5324,0.0151,Fresh,0.8599,0.8599,0.134,0.0062
D:\ML Project Freshness Detection\AgriFreshNET Freshness and Shelf-Life Image Datase\AgriFreshNET Freshness and Shelf-Life Image Datase\Processed Data\Processed Data\Rotten Papaya(7-12)\IMG_20260125_005208.jpg,Papaya,2,Rotten,Rotten,0.9367,0.0058,0.0576,0.9367,Rotten,0.9977,0.0001,0.0022,0.9977,Rotten,0.9978,0.0007,0.0015,0.9978,Rotten,0.9946,0.0005,0.0049,0.9946,Rotten,0.9993,0.0,0.0006,0.9993
D:\ML Project Freshness Detection\AgriFreshNET Freshness and Shelf-Life Image Datase\AgriFreshNET Freshness and Shelf-Life Image Datase\Processed Data\Processed Data\Fresh Bittermelon(1-3)\aug_302_IMG_20251118_161050.jpg,Bittermelon,0,Fresh,Fresh,0.9568,0.9568,0.0418,0.0014,Fresh,0.9775,0.9775,0.0213,0.0012,Fresh,0.999,0.999,0.0006,0.0003,Fresh,0.9901,0.9901,0.0084,0.0015,Fresh,0.9952,0.9952,0.0037,0.001
D:\ML Project Freshness Detection\AgriFreshNET Freshness and Shelf-Life Image Datase\AgriFreshNET Freshness and Shelf-Life Image Datase\Processed Data\Processed Data\Rotten Pineapple(25-35)\aug_134_IMG_20251201_133543016_HDR.jpg,Pineapple,2,Rotten,Rotten,0.6212,0.023,0.3557,0.6212,Rotten,0.9629,0.0086,0.0285,0.9629,Rotten,0.9988,0.0005,0.0007,0.9988,Rotten,0.9837,0.0105,0.0058,0.9837,Rotten,0.9996,0.0003,0.0002,0.9996
D:\ML Project Freshness Detection\AgriFreshNET Freshness and Shelf-Life Image Datase\AgriFreshNET Freshness and Shelf-Life Image Datase\Processed Data\Processed Data\Fresh Tomato(1-10)\IMG_20251201_184619215_HDR.jpg,Tomato,0,Fresh,Fresh,0.5209,0.5209,0.4679,0.0112,Semi-Fresh,0.5195,0.4444,0.5195,0.0362,Fresh,0.8664,0.8664,0.1257,0.0079,Fresh,0.9783,0.9783,0.0165,0.0052,Fresh,0.9906,0.9906,0.0083,0.0011
D:\ML Project Freshness Detection\AgriFreshNET Freshness and Shelf-Life Image Datase\AgriFreshNET Freshness and Shelf-Life Image Datase\Processed Data\Processed Data\Semi fresh Orange(9-20)\IMG_20251118_165627618_HDR.jpg,Orange,1,Semi-Fresh,Semi-Fresh,0.8684,0.1306,0.8684,0.001,Semi-Fresh,0.843,0.1561,0.843,0.0009,Semi-Fresh,0.9798,0.0198,0.9798,0.0004,Semi-Fresh,0.964,0.0351,0.964,0.0008,Semi-Fresh,0.8383,0.1592,0.8383,0.0025
D:\ML Project Freshness Detection\AgriFreshNET Freshness and Shelf-Life Image Datase\AgriFreshNET Freshness and Shelf-Life Image Datase\Processed Data\Processed Data\Semi fresh banana(4-7)\IMG_20260123_181825204_HDR.jpg,Banana,1,Semi-Fresh,Semi-Fresh,0.8562,0.009,0.8562,0.1347,Semi-Fresh,0.9913,0.0031,0.9913,0.0056,Semi-Fresh,0.9996,0.0002,0.9996,0.0002,Semi-Fresh,0.9982,0.0005,0.9982,0.0013,Semi-Fresh,0.9996,0.0001,0.9996,0.0003
D:\ML Project Freshness Detection\AgriFreshNET Freshness and Shelf-Life Image Datase\AgriFreshNET Freshness and Shelf-Life Image Datase\Processed Data\Processed Data\Fresh Papaya(1-4)\aug_244_IMG_20260116_030536.jpg,Papaya,0,Fresh,Fresh,0.932,0.932,0.0673,0.0007,Fresh,0.9414,0.9414,0.0585,0.0001,Fresh,0.999,0.999,0.001,0.0001,Fresh,0.9923,0.9923,0.0075,0.0002,Fresh,0.9955,0.9955,0.0043,0.0002
D:\ML Project Freshness Detection\AgriFreshNET Freshness and Shelf-Life Image Datase\AgriFreshNET Freshness and Shelf-Life Image Datase\Processed Data\Processed Data\Fresh Cucumber(1-6)\aug_173_IMG_20260114_010350.jpg,Cucumber,0,Fresh,Fresh,0.9642,0.9642,0.0346,0.0012,Fresh,0.9977,0.9977,0.002,0.0004,Fresh,0.9988,0.9988,0.0007,0.0005,Fresh,0.9961,0.9961,0.0033,0.0006,Fresh,0.9968,0.9968,0.0028,0.0004
D:\ML Project Freshness Detection\AgriFreshNET Freshness and Shelf-Life Image Datase\AgriFreshNET Freshness and Shelf-Life Image Datase\Processed Data\Processed Data\Semi Fresh Bittermelon ( 3-5)\aug_157_IMG_20251123_013335.jpg,Bittermelon,1,Semi-Fresh,Semi-Fresh,0.9179,0.0226,0.9179,0.0595,Semi-Fresh,0.8469,0.0063,0.8469,0.1468,Semi-Fresh,0.9988,0.001,0.9988,0.0003,Semi-Fresh,0.9414,0.0031,0.9414,0.0555,Semi-Fresh,0.9989,0.0004,0.9989,0.0007
D:\ML Project Freshness Detection\AgriFreshNET Freshness and Shelf-Life Image Datase\AgriFreshNET Freshness and Shelf-Life Image Datase\Processed Data\Processed Data\Semi fresh Orange(9-20)\IMG-20251125-WA0035.jpg,Orange,1,Semi-Fresh,Semi-Fresh,0.7501,0.131,0.7501,0.1189,Semi-Fresh,0.9393,0.0301,0.9393,0.0306,Semi-Fresh,0.7649,0.0412,0.7649,0.1939,Semi-Fresh,0.9114,0.0129,0.9114,0.0757,Semi-Fresh,0.9967,0.003,0.9967,0.0003
D:\ML Project Freshness Detection\AgriFreshNET Freshness and Shelf-Life Image Datase\AgriFreshNET Freshness and Shelf-Life Image Datase\Processed Data\Processed Data\Fresh Tomato(1-10)\IMG_20251126_192717642_HDR.jpg,Tomato,0,Fresh,Fresh,0.6263,0.6263,0.285,0.0886,Fresh,0.9718,0.9718,0.0177,0.0105,Fresh,0.9972,0.9972,0.0025,0.0003,Fresh,0.9938,0.9938,0.005,0.0012,Fresh,0.9981,0.9981,0.0012,0.0006
D:\ML Project Freshness Detection\AgriFreshNET Freshness and Shelf-Life Image Datase\AgriFreshNET Freshness and Shelf-Life Image Datase\Processed Data\Processed Data\Semi_Fresh eggplant(4-8)\IMG_20251124_193233233_HDR.jpg,Eggplant,1,Semi-Fresh,Fresh,0.7157,0.7157,0.269,0.0152,Semi-Fresh,0.5807,0.236,0.5807,0.1833,Semi-Fresh,0.8796,0.1186,0.8796,0.0018,Semi-Fresh,0.7221,0.2461,0.7221,0.0318,Fresh,0.5718,0.5718,0.3788,0.0494
D:\ML Project Freshness Detection\AgriFreshNET Freshness and Shelf-Life Image Datase\AgriFreshNET Freshness and Shelf-Life Image Datase\Processed Data\Processed Data\Semi Fresh Bittermelon ( 3-5)\IMG_20260120_004723.jpg,Bittermelon,1,Semi-Fresh,Semi-Fresh,0.7094,0.2845,0.7094,0.006,Semi-Fresh,0.8713,0.026,0.8713,0.1027,Semi-Fresh,0.9944,0.0042,0.9944,0.0014,Semi-Fresh,0.9931,0.0025,0.9931,0.0044,Semi-Fresh,0.9985,0.0004,0.9985,0.0011
D:\ML Project Freshness Detection\AgriFreshNET Freshness and Shelf-Life Image Datase\AgriFreshNET Freshness and Shelf-Life Image Datase\Processed Data\Processed Data\Semi Fresh Cucumber(6-12)\IMG_20260212_155209.jpg,Cucumber,1,Semi-Fresh,Semi-Fresh,0.8883,0.1111,0.8883,0.0007,Semi-Fresh,0.998,0.0018,0.998,0.0002,Semi-Fresh,0.9979,0.0006,0.9979,0.0014,Semi-Fresh,0.9992,0.0007,0.9992,0.0002,Semi-Fresh,0.9968,0.003,0.9968,0.0002
D:\ML Project Freshness Detection\AgriFreshNET Freshness and Shelf-Life Image Datase\AgriFreshNET Freshness and Shelf-Life Image Datase\Processed Data\Processed Data\Fresh pineapple(1-15)\aug_340_IMG-20251130-WA0019.jpg,Pineapple,0,Fresh,Fresh,0.9773,0.9773,0.0209,0.0017,Fresh,0.9985,0.9985,0.0013,0.0002,Fresh,0.999,0.999,0.001,0.0,Fresh,0.9954,0.9954,0.0041,0.0005,Fresh,0.9974,0.9974,0.0024,0.0001
D:\ML Project Freshness Detection\AgriFreshNET Freshness and Shelf-Life Image Datase\AgriFreshNET Freshness and Shelf-Life Image Datase\Processed Data\Processed Data\Rotten banana(7-13)\aug_22_IMG_20260128_095150148_HDR_AE.jpg,Banana,2,Rotten,Rotten,0.9059,0.0017,0.0924,0.9059,Rotten,0.95,0.0017,0.0483,0.95,Rotten,0.9942,0.0001,0.0057,0.9942,Rotten,0.9978,0.0008,0.0014,0.9978,Rotten,0.9969,0.0003,0.0028,0.9969
D:\ML Project Freshness Detection\AgriFreshNET Freshness and Shelf-Life Image Datase\AgriFreshNET Freshness and Shelf-Life Image Datase\Processed Data\Processed Data\Fresh Banana(1-4)\aug_182_IMG_20251102_075746888_HDR_AE.jpg,Banana,0,Fresh,Fresh,0.9494,0.9494,0.0504,0.0002,Fresh,0.9964,0.9964,0.0035,0.0001,Fresh,0.9946,0.9946,0.0053,0.0001,Fresh,0.9994,0.9994,0.0005,0.0001,Fresh,0.9972,0.9972,0.0025,0.0003
D:\ML Project Freshness Detection\AgriFreshNET Freshness and Shelf-Life Image Datase\AgriFreshNET Freshness and Shelf-Life Image Datase\Processed Data\Processed Data\Rotten Papaya(7-12)\IMG_20260123_013643.jpg,Papaya,2,Rotten,Rotten,0.8439,0.0404,0.1157,0.8439,Rotten,0.9848,0.0001,0.0151,0.9848,Rotten,0.9843,0.0,0.0157,0.9843,Rotten,0.9775,0.0007,0.0218,0.9775,Rotten,0.9556,0.0004,0.044,0.9556
D:\ML Project Freshness Detection\AgriFreshNET Freshness and Shelf-Life Image Datase\AgriFreshNET Freshness and Shelf-Life Image Datase\Processed Data\Processed Data\Fresh Banana(1-4)\IMG_20251103_191937613_HDR.jpg,Banana,0,Fresh,Fresh,0.9061,0.9061,0.0933,0.0006,Fresh,0.932,0.932,0.0678,0.0003,Fresh,0.9937,0.9937,0.0054,0.0009,Fresh,0.9975,0.9975,0.0018,0.0008,Fresh,0.9857,0.9857,0.0123,0.002
D:\ML Project Freshness Detection\AgriFreshNET Freshness and Shelf-Life Image Datase\AgriFreshNET Freshness and Shelf-Life Image Datase\Processed Data\Processed Data\Semi Fresh Cucumber(6-12)\aug_287_IMG_20260212_155720.jpg,Cucumber,1,Semi-Fresh,Semi-Fresh,0.9105,0.0826,0.9105,0.0069,Semi-Fresh,0.9938,0.0016,0.9938,0.0046,Semi-Fresh,0.9996,0.0002,0.9996,0.0001,Semi-Fresh,0.9995,0.0001,0.9995,0.0003,Semi-Fresh,0.9967,0.0025,0.9967,0.0008
D:\ML Project Freshness Detection\AgriFreshNET Freshness and Shelf-Life Image Datase\AgriFreshNET Freshness and Shelf-Life Image Datase\Processed Data\Processed Data\Semi Fresh Papaya(4-7)\aug_16_IMG_20251031_164008.jpg,Papaya,1,Semi-Fresh,Semi-Fresh,0.798,0.1999,0.798,0.0021,Semi-Fresh,0.9794,0.0161,0.9794,0.0045,Semi-Fresh,0.9991,0.0005,0.9991,0.0004,Semi-Fresh,0.9985,0.0013,0.9985,0.0001,Semi-Fresh,0.9807,0.0175,0.9807,0.0018
D:\ML Project Freshness Detection\AgriFreshNET Freshness and Shelf-Life Image Datase\AgriFreshNET Freshness and Shelf-Life Image Datase\Processed Data\Processed Data\Semi fresh Tomato(10-24)\aug_231_IMG_20251112_113526830_HDR_AE.jpg,Tomato,1,Semi-Fresh,Semi-Fresh,0.8604,0.1089,0.8604,0.0307,Semi-Fresh,0.7927,0.2012,0.7927,0.0061,Semi-Fresh,0.9493,0.0464,0.9493,0.0043,Semi-Fresh,0.9758,0.0217,0.9758,0.0025,Semi-Fresh,0.9983,0.0013,0.9983,0.0003
D:\ML Project Freshness Detection\AgriFreshNET Freshness and Shelf-Life Image Datase\AgriFreshNET Freshness and Shelf-Life Image Datase\Processed Data\Processed Data\Semi_Fresh eggplant(4-8)\aug_95_IMG_20251111_142557866_HDR_AE.jpg,Eggplant,1,Semi-Fresh,Rotten,0.8133,0.0094,0.1773,0.8133,Rotten,0.4967,0.0514,0.4519,0.4967,Semi-Fresh,0.8492,0.0079,0.8492,0.1429,Semi-Fresh,0.9693,0.0137,0.9693,0.017,Semi-Fresh,0.9835,0.0038,0.9835,0.0127
D:\ML Project Freshness Detection\AgriFreshNET Freshness and Shelf-Life Image Datase\AgriFreshNET Freshness and Shelf-Life Image Datase\Processed Data\Processed Data\Semi_Fresh eggplant(4-8)\aug_56_IMG_20251201_190636278_HDR.jpg,Eggplant,1,Semi-Fresh,Semi-Fresh,0.5873,0.4102,0.5873,0.0025,Semi-Fresh,0.9385,0.0455,0.9385,0.016,Semi-Fresh,0.9917,0.0073,0.9917,0.001,Semi-Fresh,0.9896,0.0068,0.9896,0.0037,Semi-Fresh,0.9693,0.03,0.9693,0.0006
D:\ML Project Freshness Detection\AgriFreshNET Freshness and Shelf-Life Image Datase\AgriFreshNET Freshness and Shelf-Life Image Datase\Processed Data\Processed Data\Fresh Tomato(1-10)\IMG_20251125_211518694_HDR.jpg,Tomato,0,Fresh,Fresh,0.8233,0.8233,0.1756,0.0011,Fresh,0.9968,0.9968,0.0029,0.0003,Fresh,0.996,0.996,0.0039,0.0001,Fresh,0.9989,0.9989,0.001,0.0001,Fresh,0.9994,0.9994,0.0005,0.0002
D:\ML Project Freshness Detection\AgriFreshNET Freshness and Shelf-Life Image Datase\AgriFreshNET Freshness and Shelf-Life Image Datase\Processed Data\Processed Data\Fresh Cucumber(1-6)\aug_397_IMG_20260116_030044.jpg,Cucumber,0,Fresh,Fresh,0.9409,0.9409,0.059,0.0001,Fresh,0.9955,0.9955,0.0039,0.0007,Fresh,0.9996,0.9996,0.0004,0.0,Fresh,0.9873,0.9873,0.0112,0.0015,Fresh,0.9982,0.9982,0.0014,0.0004
D:\ML Project Freshness Detection\AgriFreshNET Freshness and Shelf-Life Image Datase\AgriFreshNET Freshness and Shelf-Life Image Datase\Processed Data\Processed Data\Rotten Orange(20-35)\aug_355_IMG-20260130-WA0099.jpg,Orange,2,Rotten,Rotten,0.874,0.0046,0.1214,0.874,Rotten,0.9955,0.0007,0.0039,0.9955,Rotten,0.9997,0.0,0.0003,0.9997,Rotten,0.9991,0.0004,0.0005,0.9991,Rotten,0.9993,0.0001,0.0007,0.9993
D:\ML Project Freshness Detection\AgriFreshNET Freshness and Shelf-Life Image Datase\AgriFreshNET Freshness and Shelf-Life Image Datase\Processed Data\Processed Data\Semi Fresh Cucumber(6-12)\aug_71_IMG_20251105_142821.jpg,Cucumber,1,Semi-Fresh,Semi-Fresh,0.564,0.3652,0.564,0.0707,Semi-Fresh,0.7934,0.1921,0.7934,0.0145,Semi-Fresh,0.6354,0.2066,0.6354,0.1579,Semi-Fresh,0.9575,0.0315,0.9575,0.011,Semi-Fresh,0.9618,0.0313,0.9618,0.0069
D:\ML Project Freshness Detection\AgriFreshNET Freshness and Shelf-Life Image Datase\AgriFreshNET Freshness and Shelf-Life Image Datase\Processed Data\Processed Data\Semi Fresh Cucumber(6-12)\IMG_20260212_155243.jpg,Cucumber,1,Semi-Fresh,Semi-Fresh,0.9714,0.0276,0.9714,0.0011,Semi-Fresh,0.9968,0.0022,0.9968,0.001,Semi-Fresh,0.998,0.0016,0.998,0.0004,Semi-Fresh,0.9997,0.0001,0.9997,0.0002,Semi-Fresh,0.9993,0.0004,0.9993,0.0002
D:\ML Project Freshness Detection\AgriFreshNET Freshness and Shelf-Life Image Datase\AgriFreshNET Freshness and Shelf-Life Image Datase\Processed Data\Processed Data\Rotten Orange(20-35)\aug_286_IMG-20251215-WA0013.jpg,Orange,2,Rotten,Rotten,0.9407,0.0029,0.0564,0.9407,Rotten,0.9442,0.0007,0.0552,0.9442,Rotten,0.9665,0.0003,0.0332,0.9665,Rotten,0.9971,0.0004,0.0025,0.9971,Rotten,0.9972,0.0001,0.0027,0.9972
D:\ML Project Freshness Detection\AgriFreshNET Freshness and Shelf-Life Image Datase\AgriFreshNET Freshness and Shelf-Life Image Datase\Processed Data\Processed Data\Semi fresh Pineapple (15-25)\aug_382_IMG-20251205-WA0036.jpg,Pineapple,1,Semi-Fresh,Semi-Fresh,0.7987,0.1995,0.7987,0.0017,Semi-Fresh,0.9614,0.0293,0.9614,0.0093,Semi-Fresh,0.9984,0.0004,0.9984,0.0012,Semi-Fresh,0.9962,0.0038,0.9962,0.0001,Semi-Fresh,0.9974,0.0016,0.9974,0.001
D:\ML Project Freshness Detection\AgriFreshNET Freshness and Shelf-Life Image Datase\AgriFreshNET Freshness and Shelf-Life Image Datase\Processed Data\Processed Data\Rotten Papaya(7-12)\IMG_20260209_011110.jpg,Papaya,2,Rotten,Rotten,0.999,0.0,0.0009,0.999,Rotten,0.9998,0.0,0.0002,0.9998,Rotten,0.9966,0.0006,0.0028,0.9966,Rotten,0.9984,0.001,0.0006,0.9984,Rotten,0.9997,0.0,0.0002,0.9997
D:\ML Project Freshness Detection\AgriFreshNET Freshness and Shelf-Life Image Datase\AgriFreshNET Freshness and Shelf-Life Image Datase\Processed Data\Processed Data\Semi fresh Tomato(10-24)\IMG_20251125_211405858_HDR.jpg,Tomato,1,Semi-Fresh,Fresh,0.6803,0.6803,0.3065,0.0132,Semi-Fresh,0.673,0.2962,0.673,0.0308,Fresh,0.7045,0.7045,0.2809,0.0146,Semi-Fresh,0.7055,0.2175,0.7055,0.077,Semi-Fresh,0.8702,0.1197,0.8702,0.0101
D:\ML Project Freshness Detection\AgriFreshNET Freshness and Shelf-Life Image Datase\AgriFreshNET Freshness and Shelf-Life Image Datase\Processed Data\Processed Data\Semi Fresh Papaya(4-7)\aug_32_IMG_20251124_021901.jpg,Papaya,1,Semi-Fresh,Semi-Fresh,0.9627,0.0367,0.9627,0.0006,Semi-Fresh,0.9979,0.0015,0.9979,0.0006,Semi-Fresh,0.9833,0.0103,0.9833,0.0064,Semi-Fresh,0.9993,0.0002,0.9993,0.0005,Semi-Fresh,0.9964,0.0032,0.9964,0.0004
D:\ML Project Freshness Detection\AgriFreshNET Freshness and Shelf-Life Image Datase\AgriFreshNET Freshness and Shelf-Life Image Datase\Processed Data\Processed Data\Semi fresh Tomato(10-24)\aug_113_IMG_20251117_140457996_HDR_AE.jpg,Tomato,1,Semi-Fresh,Semi-Fresh,0.9348,0.0446,0.9348,0.0206,Semi-Fresh,0.9608,0.0049,0.9608,0.0344,Semi-Fresh,0.998,0.0004,0.998,0.0016,Semi-Fresh,0.993,0.004,0.993,0.003,Semi-Fresh,0.9959,0.0008,0.9959,0.0033
D:\ML Project Freshness Detection\AgriFreshNET Freshness and Shelf-Life Image Datase\AgriFreshNET Freshness and Shelf-Life Image Datase\Processed Data\Processed Data\Rotten Orange(20-35)\IMG-20260130-WA0099.jpg,Orange,2,Rotten,Rotten,0.8854,0.0044,0.1103,0.8854,Rotten,0.9941,0.0011,0.0049,0.9941,Rotten,0.9996,0.0,0.0004,0.9996,Rotten,0.9991,0.0003,0.0006,0.9991,Rotten,0.999,0.0001,0.0009,0.999
D:\ML Project Freshness Detection\AgriFreshNET Freshness and Shelf-Life Image Datase\AgriFreshNET Freshness and Shelf-Life Image Datase\Processed Data\Processed Data\Semi fresh Tomato(10-24)\aug_293_IMG_20251112_113605802_HDR_AE.jpg,Tomato,1,Semi-Fresh,Fresh,0.5964,0.5964,0.4018,0.0018,Fresh,0.863,0.863,0.1281,0.0089,Fresh,0.9644,0.9644,0.0353,0.0003,Fresh,0.5972,0.5972,0.4001,0.0027,Fresh,0.9325,0.9325,0.0668,0.0007
D:\ML Project Freshness Detection\AgriFreshNET Freshness and Shelf-Life Image Datase\AgriFreshNET Freshness and Shelf-Life Image Datase\Processed Data\Processed Data\Fresh eggplant(1-4)\aug_62_IMG_20251127_192826539_HDR.jpg,Eggplant,0,Fresh,Semi-Fresh,0.7326,0.2057,0.7326,0.0617,Semi-Fresh,0.5545,0.4371,0.5545,0.0084,Fresh,0.8986,0.8986,0.0878,0.0136,Fresh,0.7728,0.7728,0.2071,0.0201,Fresh,0.9372,0.9372,0.06,0.0028
D:\ML Project Freshness Detection\AgriFreshNET Freshness and Shelf-Life Image Datase\AgriFreshNET Freshness and Shelf-Life Image Datase\Processed Data\Processed Data\Fresh Banana(1-4)\aug_285_Banana (13).jpeg,Banana,0,Fresh,Fresh,0.985,0.985,0.0146,0.0004,Fresh,0.9958,0.9958,0.0039,0.0003,Fresh,0.9995,0.9995,0.0005,0.0,Fresh,0.9978,0.9978,0.0016,0.0006,Fresh,0.997,0.997,0.0026,0.0004
D:\ML Project Freshness Detection\AgriFreshNET Freshness and Shelf-Life Image Datase\AgriFreshNET Freshness and Shelf-Life Image Datase\Processed Data\Processed Data\Rotten Tomato(24-35)\IMG-20260210-WA0031.jpg,Tomato,2,Rotten,Rotten,0.9971,0.0007,0.0022,0.9971,Rotten,0.9998,0.0,0.0002,0.9998,Rotten,0.9999,0.0,0.0001,0.9999,Rotten,0.9965,0.0005,0.0029,0.9965,Rotten,0.9987,0.0002,0.0011,0.9987
D:\ML Project Freshness Detection\AgriFreshNET Freshness and Shelf-Life Image Datase\AgriFreshNET Freshness and Shelf-Life Image Datase\Processed Data\Processed Data\Fresh Papaya(1-4)\aug_133_IMG_20260116_030510.jpg,Papaya,0,Fresh,Fresh,0.9681,0.9681,0.0313,0.0005,Fresh,0.9747,0.9747,0.0253,0.0001,Fresh,0.9945,0.9945,0.0049,0.0006,Fresh,0.9912,0.9912,0.0083,0.0005,Fresh,0.9779,0.9779,0.0211,0.001
D:\ML Project Freshness Detection\AgriFreshNET Freshness and Shelf-Life Image Datase\AgriFreshNET Freshness and Shelf-Life Image Datase\Processed Data\Processed Data\Fresh pineapple(1-15)\aug_193_IMG_20251102_081437212_HDR_AE.jpg,Pineapple,0,Fresh,Fresh,0.8417,0.8417,0.1366,0.0217,Fresh,0.81,0.81,0.1662,0.0238,Fresh,0.9665,0.9665,0.0326,0.0009,Fresh,0.9968,0.9968,0.003,0.0002,Fresh,0.9989,0.9989,0.0008,0.0003
D:\ML Project Freshness Detection\AgriFreshNET Freshness and Shelf-Life Image Datase\AgriFreshNET Freshness and Shelf-Life Image Datase\Processed Data\Processed Data\Fresh Tomato(1-10)\IMG_20251108_121528393_HDR_AE.jpg,Tomato,0,Fresh,Fresh,0.8442,0.8442,0.1511,0.0048,Fresh,0.9629,0.9629,0.0351,0.002,Fresh,0.9995,0.9995,0.0004,0.0,Fresh,0.9771,0.9771,0.0221,0.0008,Fresh,0.9676,0.9676,0.0302,0.0023
D:\ML Project Freshness Detection\AgriFreshNET Freshness and Shelf-Life Image Datase\AgriFreshNET Freshness and Shelf-Life Image Datase\Processed Data\Processed Data\Fresh Bittermelon(1-3)\aug_77_IMG_20251118_161015.jpg,Bittermelon,0,Fresh,Fresh,0.9946,0.9946,0.0053,0.0001,Fresh,0.9946,0.9946,0.0051,0.0003,Fresh,0.9986,0.9986,0.0014,0.0001,Fresh,0.9935,0.9935,0.006,0.0005,Fresh,0.9994,0.9994,0.0005,0.0001
D:\ML Project Freshness Detection\AgriFreshNET Freshness and Shelf-Life Image Datase\AgriFreshNET Freshness and Shelf-Life Image Datase\Processed Data\Processed Data\Semi Fresh Papaya(4-7)\aug_304_IMG_20260120_004620.jpg,Papaya,1,Semi-Fresh,Fresh,0.3583,0.3583,0.3148,0.3269,Semi-Fresh,0.8011,0.0049,0.8011,0.194,Semi-Fresh,0.919,0.0073,0.919,0.0736,Semi-Fresh,0.9699,0.0061,0.9699,0.024,Semi-Fresh,0.995,0.0039,0.995,0.0012
D:\ML Project Freshness Detection\AgriFreshNET Freshness and Shelf-Life Image Datase\AgriFreshNET Freshness and Shelf-Life Image Datase\Processed Data\Processed Data\Fresh Orange(1-9)\aug_247_IMG-20251121-WA0021.jpg,Orange,0,Fresh,Fresh,0.959,0.959,0.03,0.011,Fresh,0.973,0.973,0.0247,0.0024,Fresh,0.9544,0.9544,0.0399,0.0057,Fresh,0.9783,0.9783,0.0187,0.003,Fresh,0.9735,0.9735,0.0205,0.006
D:\ML Project Freshness Detection\AgriFreshNET Freshness and Shelf-Life Image Datase\AgriFreshNET Freshness and Shelf-Life Image Datase\Processed Data\Processed Data\Fresh pineapple(1-15)\aug_337_IMG-20251125-WA0005.jpg,Pineapple,0,Fresh,Fresh,0.9778,0.9778,0.0218,0.0004,Fresh,0.9812,0.9812,0.0184,0.0004,Fresh,0.9984,0.9984,0.0011,0.0005,Fresh,0.9995,0.9995,0.0005,0.0,Fresh,0.9993,0.9993,0.0006,0.0001
D:\ML Project Freshness Detection\AgriFreshNET Freshness and Shelf-Life Image Datase\AgriFreshNET Freshness and Shelf-Life Image Datase\Processed Data\Processed Data\Semi Fresh Papaya(4-7)\aug_94_IMG_20251031_164035.jpg,Papaya,1,Semi-Fresh,Semi-Fresh,0.9524,0.0151,0.9524,0.0325,Semi-Fresh,0.9971,0.0008,0.9971,0.0021,Semi-Fresh,0.9997,0.0002,0.9997,0.0001,Semi-Fresh,0.9991,0.0003,0.9991,0.0006,Semi-Fresh,0.9931,0.0067,0.9931,0.0003
D:\ML Project Freshness Detection\AgriFreshNET Freshness and Shelf-Life Image Datase\AgriFreshNET Freshness and Shelf-Life Image Datase\Processed Data\Processed Data\Semi fresh Tomato(10-24)\IMG_20251123_222134594_HDR.jpg,Tomato,1,Semi-Fresh,Semi-Fresh,0.9779,0.0191,0.9779,0.0031,Semi-Fresh,0.993,0.0005,0.993,0.0064,Semi-Fresh,0.9983,0.0002,0.9983,0.0015,Semi-Fresh,0.9993,0.0003,0.9993,0.0004,Semi-Fresh,0.9975,0.0009,0.9975,0.0017
D:\ML Project Freshness Detection\AgriFreshNET Freshness and Shelf-Life Image Datase\AgriFreshNET Freshness and Shelf-Life Image Datase\Processed Data\Processed Data\Rotten Papaya(7-12)\IMG_20260202_032530.jpg,Papaya,2,Rotten,Rotten,0.9986,0.0001,0.0013,0.9986,Rotten,0.9987,0.0001,0.0012,0.9987,Rotten,1.0,0.0,0.0,1.0,Rotten,0.9997,0.0001,0.0002,0.9997,Rotten,0.9998,0.0,0.0002,0.9998
D:\ML Project Freshness Detection\AgriFreshNET Freshness and Shelf-Life Image Datase\AgriFreshNET Freshness and Shelf-Life Image Datase\Processed Data\Processed Data\Rotten Tomato(24-35)\IMG_20260124_113033564_HDR_AE.jpg,Tomato,2,Rotten,Rotten,0.6393,0.1101,0.2506,0.6393,Rotten,0.8312,0.0657,0.1031,0.8312,Rotten,0.9988,0.0006,0.0007,0.9988,Rotten,0.9821,0.0071,0.0108,0.9821,Rotten,0.9991,0.0004,0.0005,0.9991
D:\ML Project Freshness Detection\AgriFreshNET Freshness and Shelf-Life Image Datase\AgriFreshNET Freshness and Shelf-Life Image Datase\Processed Data\Processed Data\Rotten Bittermelon(5-8)\IMG_20260122_003340.jpg,Bittermelon,2,Rotten,Rotten,0.9876,0.0002,0.0122,0.9876,Rotten,0.9881,0.0031,0.0088,0.9881,Rotten,0.9913,0.0004,0.0084,0.9913,Rotten,0.9859,0.0026,0.0114,0.9859,Rotten,0.9989,0.0001,0.0011,0.9989
D:\ML Project Freshness Detection\AgriFreshNET Freshness and Shelf-Life Image Datase\AgriFreshNET Freshness and Shelf-Life Image Datase\Processed Data\Processed Data\Fresh pineapple(1-15)\aug_23_IMG-20251128-WA0025.jpg,Pineapple,0,Fresh,Fresh,0.9758,0.9758,0.0226,0.0015,Fresh,0.9982,0.9982,0.0016,0.0002,Fresh,0.9986,0.9986,0.0012,0.0002,Fresh,0.9992,0.9992,0.0007,0.0001,Fresh,0.9991,0.9991,0.0007,0.0001
D:\ML Project Freshness Detection\AgriFreshNET Freshness and Shelf-Life Image Datase\AgriFreshNET Freshness and Shelf-Life Image Datase\Processed Data\Processed Data\Semi Fresh Cucumber(6-12)\aug_38_IMG_20260125_005539.jpg,Cucumber,1,Semi-Fresh,Semi-Fresh,0.6255,0.0349,0.6255,0.3396,Semi-Fresh,0.6326,0.0676,0.6326,0.2997,Semi-Fresh,0.7524,0.0423,0.7524,0.2053,Semi-Fresh,0.6271,0.0565,0.6271,0.3164,Semi-Fresh,0.8387,0.0044,0.8387,0.1569
D:\ML Project Freshness Detection\AgriFreshNET Freshness and Shelf-Life Image Datase\AgriFreshNET Freshness and Shelf-Life Image Datase\Processed Data\Processed Data\Semi Fresh Bittermelon ( 3-5)\aug_395_IMG_20251123_013039.jpg,Bittermelon,1,Semi-Fresh,Semi-Fresh,0.5173,0.4503,0.5173,0.0324,Semi-Fresh,0.9667,0.0193,0.9667,0.014,Semi-Fresh,0.9463,0.0018,0.9463,0.0518,Semi-Fresh,0.9495,0.0053,0.9495,0.0452,Semi-Fresh,0.9791,0.0005,0.9791,0.0204
D:\ML Project Freshness Detection\AgriFreshNET Freshness and Shelf-Life Image Datase\AgriFreshNET Freshness and Shelf-Life Image Datase\Processed Data\Processed Data\Rotten Papaya(7-12)\IMG_20260202_032515.jpg,Papaya,2,Rotten,Rotten,0.9953,0.0001,0.0046,0.9953,Rotten,0.9993,0.0001,0.0007,0.9993,Rotten,1.0,0.0,0.0,1.0,Rotten,0.9999,0.0,0.0001,0.9999,Rotten,0.9991,0.0002,0.0007,0.9991
D:\ML Project Freshness Detection\AgriFreshNET Freshness and Shelf-Life Image Datase\AgriFreshNET Freshness and Shelf-Life Image Datase\Processed Data\Processed Data\Semi fresh Orange(9-20)\IMG-20251124-WA0023.jpg,Orange,1,Semi-Fresh,Semi-Fresh,0.6027,0.2437,0.6027,0.1536,Semi-Fresh,0.9748,0.0095,0.9748,0.0157,Semi-Fresh,0.9313,0.0611,0.9313,0.0076,Semi-Fresh,0.9974,0.0002,0.9974,0.0023,Semi-Fresh,0.933,0.0661,0.933,0.0009
D:\ML Project Freshness Detection\AgriFreshNET Freshness and Shelf-Life Image Datase\AgriFreshNET Freshness and Shelf-Life Image Datase\Processed Data\Processed Data\Fresh Cucumber(1-6)\IMG_20260204_152132.jpg,Cucumber,0,Fresh,Fresh,0.9962,0.9962,0.0038,0.0,Fresh,0.9972,0.9972,0.0027,0.0,Fresh,0.997,0.997,0.0029,0.0001,Fresh,0.9994,0.9994,0.0006,0.0,Fresh,0.9974,0.9974,0.0021,0.0005
D:\ML Project Freshness Detection\AgriFreshNET Freshness and Shelf-Life Image Datase\AgriFreshNET Freshness and Shelf-Life Image Datase\Processed Data\Processed Data\Rotten Pineapple(25-35)\aug_25_IMG-20251227-WA0027.jpg,Pineapple,2,Rotten,Rotten,0.9601,0.0039,0.0361,0.9601,Rotten,0.9989,0.0006,0.0005,0.9989,Rotten,0.9985,0.0001,0.0014,0.9985,Rotten,0.9961,0.0016,0.0023,0.9961,Rotten,0.9997,0.0,0.0002,0.9997
D:\ML Project Freshness Detection\AgriFreshNET Freshness and Shelf-Life Image Datase\AgriFreshNET Freshness and Shelf-Life Image Datase\Processed Data\Processed Data\Fresh Tomato(1-10)\IMG_20251109_112828197_HDR_AE.jpg,Tomato,0,Fresh,Fresh,0.6584,0.6584,0.3373,0.0042,Fresh,0.9298,0.9298,0.0685,0.0017,Fresh,0.967,0.967,0.033,0.0001,Fresh,0.8969,0.8969,0.1006,0.0025,Fresh,0.9511,0.9511,0.0483,0.0006
D:\ML Project Freshness Detection\AgriFreshNET Freshness and Shelf-Life Image Datase\AgriFreshNET Freshness and Shelf-Life Image Datase\Processed Data\Processed Data\Fresh pineapple(1-15)\aug_152_IMG_20251113_124537584_HDR_AE.jpg,Pineapple,0,Fresh,Fresh,0.916,0.916,0.0821,0.0019,Fresh,0.9537,0.9537,0.0458,0.0005,Fresh,0.926,0.926,0.0719,0.002,Fresh,0.9741,0.9741,0.0251,0.0008,Fresh,0.9803,0.9803,0.0194,0.0004
D:\ML Project Freshness Detection\AgriFreshNET Freshness and Shelf-Life Image Datase\AgriFreshNET Freshness and Shelf-Life Image Datase\Processed Data\Processed Data\Fresh Tomato(1-10)\IMG_20251123_222505241_HDR.jpg,Tomato,0,Fresh,Fresh,0.973,0.973,0.0264,0.0006,Fresh,0.9805,0.9805,0.0166,0.003,Fresh,0.9974,0.9974,0.0025,0.0001,Fresh,0.9976,0.9976,0.0021,0.0003,Fresh,0.9881,0.9881,0.0086,0.0033
D:\ML Project Freshness Detection\AgriFreshNET Freshness and Shelf-Life Image Datase\AgriFreshNET Freshness and Shelf-Life Image Datase\Processed Data\Processed Data\Semi fresh Pineapple (15-25)\IMG-20251207-WA0038.jpg,Pineapple,1,Semi-Fresh,Semi-Fresh,0.9282,0.0422,0.9282,0.0296,Semi-Fresh,0.977,0.0174,0.977,0.0056,Semi-Fresh,0.9751,0.0217,0.9751,0.0032,Semi-Fresh,0.998,0.0007,0.998,0.0013,Semi-Fresh,0.9957,0.0032,0.9957,0.0011
D:\ML Project Freshness Detection\AgriFreshNET Freshness and Shelf-Life Image Datase\AgriFreshNET Freshness and Shelf-Life Image Datase\Processed Data\Processed Data\Rotten eggplant(8-15)\aug_199_IMG_20251116_215929652_HDR.jpg,Eggplant,2,Rotten,Rotten,0.9487,0.0064,0.045,0.9487,Rotten,0.9974,0.0002,0.0024,0.9974,Rotten,0.9761,0.0018,0.022,0.9761,Rotten,0.9993,0.0002,0.0005,0.9993,Rotten,0.999,0.0001,0.0009,0.999
D:\ML Project Freshness Detection\AgriFreshNET Freshness and Shelf-Life Image Datase\AgriFreshNET Freshness and Shelf-Life Image Datase\Processed Data\Processed Data\Semi Fresh Cucumber(6-12)\IMG_20260212_155441.jpg,Cucumber,1,Semi-Fresh,Semi-Fresh,0.703,0.289,0.703,0.008,Semi-Fresh,0.9959,0.0024,0.9959,0.0016,Semi-Fresh,0.9791,0.0194,0.9791,0.0014,Semi-Fresh,0.9969,0.0026,0.9969,0.0005,Semi-Fresh,0.9982,0.001,0.9982,0.0008
D:\ML Project Freshness Detection\AgriFreshNET Freshness and Shelf-Life Image Datase\AgriFreshNET Freshness and Shelf-Life Image Datase\Processed Data\Processed Data\Rotten banana(7-13)\IMG_20251130_175512298_HDR.jpg,Banana,2,Rotten,Rotten,0.9988,0.0006,0.0006,0.9988,Rotten,0.9996,0.0,0.0004,0.9996,Rotten,0.9967,0.001,0.0023,0.9967,Rotten,0.9974,0.0009,0.0017,0.9974,Rotten,0.9996,0.0002,0.0002,0.9996
D:\ML Project Freshness Detection\AgriFreshNET Freshness and Shelf-Life Image Datase\AgriFreshNET Freshness and Shelf-Life Image Datase\Processed Data\Processed Data\Fresh Banana(1-4)\aug_245_IMG_20251104_131713223_HDR_AE~6.jpg,Banana,0,Fresh,Semi-Fresh,0.5675,0.4316,0.5675,0.0009,Fresh,0.9375,0.9375,0.0617,0.0008,Fresh,0.9893,0.9893,0.0105,0.0002,Fresh,0.9918,0.9918,0.0074,0.0008,Fresh,0.9945,0.9945,0.0052,0.0003
D:\ML Project Freshness Detection\AgriFreshNET Freshness and Shelf-Life Image Datase\AgriFreshNET Freshness and Shelf-Life Image Datase\Processed Data\Processed Data\Rotten Orange(20-35)\aug_51_IMG-20251230-WA0038.jpg,Orange,2,Rotten,Rotten,0.9882,0.0004,0.0115,0.9882,Rotten,0.9992,0.0002,0.0005,0.9992,Rotten,0.9953,0.0003,0.0044,0.9953,Rotten,0.9957,0.0009,0.0034,0.9957,Rotten,0.9991,0.0001,0.0008,0.9991
D:\ML Project Freshness Detection\AgriFreshNET Freshness and Shelf-Life Image Datase\AgriFreshNET Freshness and Shelf-Life Image Datase\Processed Data\Processed Data\Fresh Orange(1-9)\IMG-20251117-WA0010.jpg,Orange,0,Fresh,Fresh,0.9911,0.9911,0.0089,0.0,Fresh,0.9904,0.9904,0.0095,0.0,Fresh,0.9968,0.9968,0.0031,0.0001,Fresh,0.9484,0.9484,0.0494,0.0022,Fresh,0.9884,0.9884,0.011,0.0006
D:\ML Project Freshness Detection\AgriFreshNET Freshness and Shelf-Life Image Datase\AgriFreshNET Freshness and Shelf-Life Image Datase\Processed Data\Processed Data\Fresh Papaya(1-4)\aug_357_IMG_20260116_030529.jpg,Papaya,0,Fresh,Fresh,0.6756,0.6756,0.3238,0.0006,Fresh,0.909,0.909,0.0908,0.0002,Fresh,0.9661,0.9661,0.0334,0.0005,Fresh,0.9776,0.9776,0.0221,0.0003,Fresh,0.7765,0.7765,0.2222,0.0013
D:\ML Project Freshness Detection\AgriFreshNET Freshness and Shelf-Life Image Datase\AgriFreshNET Freshness and Shelf-Life Image Datase\Processed Data\Processed Data\Semi fresh banana(4-7)\IMG_20251124_190815040_HDR.jpg,Banana,1,Semi-Fresh,Semi-Fresh,0.7707,0.2054,0.7707,0.0239,Semi-Fresh,0.982,0.0013,0.982,0.0168,Semi-Fresh,0.9898,0.0061,0.9898,0.0041,Semi-Fresh,0.9902,0.004,0.9902,0.0057,Semi-Fresh,0.9988,0.0007,0.9988,0.0005
D:\ML Project Freshness Detection\AgriFreshNET Freshness and Shelf-Life Image Datase\AgriFreshNET Freshness and Shelf-Life Image Datase\Processed Data\Processed Data\Semi Fresh Cucumber(6-12)\aug_331_IMG_20251112_164849.jpg,Cucumber,1,Semi-Fresh,Rotten,0.6986,0.106,0.1955,0.6986,Rotten,0.7748,0.0546,0.1706,0.7748,Semi-Fresh,0.9057,0.0019,0.9057,0.0925,Rotten,0.876,0.0185,0.1055,0.876,Semi-Fresh,0.9292,0.0183,0.9292,0.0525
D:\ML Project Freshness Detection\AgriFreshNET Freshness and Shelf-Life Image Datase\AgriFreshNET Freshness and Shelf-Life Image Datase\Processed Data\Processed Data\Rotten Pineapple(25-35)\aug_216_IMG-20260128-WA0042.jpg,Pineapple,2,Rotten,Rotten,0.9917,0.0008,0.0075,0.9917,Rotten,0.9993,0.0003,0.0004,0.9993,Rotten,0.9921,0.0013,0.0066,0.9921,Rotten,0.9847,0.0039,0.0114,0.9847,Rotten,0.9999,0.0,0.0001,0.9999
D:\ML Project Freshness Detection\AgriFreshNET Freshness and Shelf-Life Image Datase\AgriFreshNET Freshness and Shelf-Life Image Datase\Processed Data\Processed Data\Rotten Orange(20-35)\aug_447_IMG-20251114-WA0004.jpg,Orange,2,Rotten,Rotten,0.9445,0.0128,0.0427,0.9445,Rotten,0.9874,0.0035,0.0091,0.9874,Rotten,0.9988,0.0002,0.001,0.9988,Rotten,0.9993,0.0002,0.0006,0.9993,Rotten,0.9994,0.0002,0.0004,0.9994
D:\ML Project Freshness Detection\AgriFreshNET Freshness and Shelf-Life Image Datase\AgriFreshNET Freshness and Shelf-Life Image Datase\Processed Data\Processed Data\Semi fresh Tomato(10-24)\aug_276_IMG_20251115_121615023_HDR_AE.jpg,Tomato,1,Semi-Fresh,Semi-Fresh,0.5552,0.2885,0.5552,0.1563,Semi-Fresh,0.8953,0.0948,0.8953,0.0099,Semi-Fresh,0.837,0.1582,0.837,0.0048,Semi-Fresh,0.9843,0.0132,0.9843,0.0025,Semi-Fresh,0.9922,0.0069,0.9922,0.0008
D:\ML Project Freshness Detection\AgriFreshNET Freshness and Shelf-Life Image Datase\AgriFreshNET Freshness and Shelf-Life Image Datase\Processed Data\Processed Data\Rotten Cucumber(12-20)\aug_329_IMG_20251202_015439.jpg,Cucumber,2,Rotten,Rotten,0.9954,0.0014,0.0032,0.9954,Rotten,0.9872,0.0026,0.0102,0.9872,Rotten,1.0,0.0,0.0,1.0,Rotten,0.9863,0.0081,0.0056,0.9863,Rotten,0.9983,0.0005,0.0012,0.9983
D:\ML Project Freshness Detection\AgriFreshNET Freshness and Shelf-Life Image Datase\AgriFreshNET Freshness and Shelf-Life Image Datase\Processed Data\Processed Data\Fresh Cucumber(1-6)\aug_157_IMG_20260116_030204.jpg,Cucumber,0,Fresh,Fresh,0.9553,0.9553,0.0442,0.0005,Fresh,0.9947,0.9947,0.0042,0.0011,Fresh,0.9981,0.9981,0.0018,0.0001,Fresh,0.9343,0.9343,0.0606,0.0051,Fresh,0.9893,0.9893,0.0095,0.0013
D:\ML Project Freshness Detection\AgriFreshNET Freshness and Shelf-Life Image Datase\AgriFreshNET Freshness and Shelf-Life Image Datase\Processed Data\Processed Data\Semi fresh Pineapple (15-25)\aug_128_IMG-20251205-WA0019.jpg,Pineapple,1,Semi-Fresh,Semi-Fresh,0.9691,0.0282,0.9691,0.0027,Semi-Fresh,0.9888,0.0089,0.9888,0.0023,Semi-Fresh,0.9939,0.0057,0.9939,0.0004,Semi-Fresh,0.9982,0.0013,0.9982,0.0005,Semi-Fresh,0.9986,0.0003,0.9986,0.0011
D:\ML Project Freshness Detection\AgriFreshNET Freshness and Shelf-Life Image Datase\AgriFreshNET Freshness and Shelf-Life Image Datase\Processed Data\Processed Data\Rotten Orange(20-35)\aug_50_IMG-20260128-WA0007.jpg,Orange,2,Rotten,Rotten,0.9983,0.0,0.0017,0.9983,Rotten,0.9986,0.0003,0.0011,0.9986,Rotten,0.9997,0.0,0.0003,0.9997,Rotten,0.9965,0.0005,0.003,0.9965,Rotten,0.9996,0.0,0.0004,0.9996
D:\ML Project Freshness Detection\AgriFreshNET Freshness and Shelf-Life Image Datase\AgriFreshNET Freshness and Shelf-Life Image Datase\Processed Data\Processed Data\Fresh Papaya(1-4)\aug_210_IMG_20260116_030604.jpg,Papaya,0,Fresh,Fresh,0.944,0.944,0.0525,0.0035,Fresh,0.9797,0.9797,0.0198,0.0004,Fresh,0.9972,0.9972,0.0027,0.0001,Fresh,0.9946,0.9946,0.0053,0.0001,Fresh,0.9832,0.9832,0.016,0.0008
D:\ML Project Freshness Detection\AgriFreshNET Freshness and Shelf-Life Image Datase\AgriFreshNET Freshness and Shelf-Life Image Datase\Processed Data\Processed Data\Rotten banana(7-13)\aug_93_IMG_20260126_223440138_HDR.jpg,Banana,2,Rotten,Rotten,0.6751,0.0012,0.3237,0.6751,Rotten,0.9749,0.0002,0.0249,0.9749,Rotten,0.6463,0.0006,0.3531,0.6463,Rotten,0.9892,0.0015,0.0093,0.9892,Rotten,0.9946,0.0002,0.0052,0.9946
D:\ML Project Freshness Detection\AgriFreshNET Freshness and Shelf-Life Image Datase\AgriFreshNET Freshness and Shelf-Life Image Datase\Processed Data\Processed Data\Fresh Orange(1-9)\aug_48_IMG_20251102_080441757_HDR_AE.jpg,Orange,0,Fresh,Semi-Fresh,0.5572,0.4141,0.5572,0.0287,Fresh,0.9266,0.9266,0.0732,0.0003,Fresh,0.9928,0.9928,0.0072,0.0,Fresh,0.9859,0.9859,0.0139,0.0001,Fresh,0.9923,0.9923,0.0074,0.0004
D:\ML Project Freshness Detection\AgriFreshNET Freshness and Shelf-Life Image Datase\AgriFreshNET Freshness and Shelf-Life Image Datase\Processed Data\Processed Data\Fresh Bittermelon(1-3)\IMG_20260114_010549.jpg,Bittermelon,0,Fresh,Fresh,0.9912,0.9912,0.0084,0.0003,Fresh,0.9996,0.9996,0.0003,0.0,Fresh,0.9996,0.9996,0.0004,0.0,Fresh,0.9971,0.9971,0.0026,0.0003,Fresh,0.9992,0.9992,0.0006,0.0001
D:\ML Project Freshness Detection\AgriFreshNET Freshness and Shelf-Life Image Datase\AgriFreshNET Freshness and Shelf-Life Image Datase\Processed Data\Processed Data\Rotten Tomato(24-35)\aug_78_IMG_20260124_113033564_HDR_AE.jpg,Tomato,2,Rotten,Rotten,0.7857,0.0619,0.1524,0.7857,Rotten,0.9106,0.0319,0.0574,0.9106,Rotten,0.9981,0.0006,0.0013,0.9981,Rotten,0.9794,0.0066,0.014,0.9794,Rotten,0.9991,0.0003,0.0006,0.9991
D:\ML Project Freshness Detection\AgriFreshNET Freshness and Shelf-Life Image Datase\AgriFreshNET Freshness and Shelf-Life Image Datase\Processed Data\Processed Data\Rotten Bittermelon(5-8)\IMG_20260125_005715_1.jpg,Bittermelon,2,Rotten,Rotten,0.9738,0.0,0.0261,0.9738,Rotten,0.9866,0.0,0.0134,0.9866,Rotten,0.9051,0.0,0.0949,0.9051,Rotten,0.9926,0.0004,0.0069,0.9926,Rotten,0.996,0.0001,0.0039,0.996
D:\ML Project Freshness Detection\AgriFreshNET Freshness and Shelf-Life Image Datase\AgriFreshNET Freshness and Shelf-Life Image Datase\Processed Data\Processed Data\Rotten Bittermelon(5-8)\IMG_20260125_005723.jpg,Bittermelon,2,Rotten,Rotten,0.8638,0.0004,0.1358,0.8638,Rotten,0.997,0.0001,0.0028,0.997,Rotten,0.9979,0.0,0.0021,0.9979,Rotten,0.9945,0.0004,0.0051,0.9945,Rotten,0.997,0.0005,0.0026,0.997
D:\ML Project Freshness Detection\AgriFreshNET Freshness and Shelf-Life Image Datase\AgriFreshNET Freshness and Shelf-Life Image Datase\Processed Data\Processed Data\Rotten Papaya(7-12)\aug_180_IMG_20260202_032457.jpg,Papaya,2,Rotten,Rotten,0.9984,0.0001,0.0015,0.9984,Rotten,0.9989,0.0002,0.0009,0.9989,Rotten,0.9999,0.0,0.0001,0.9999,Rotten,0.9992,0.0002,0.0006,0.9992,Rotten,0.9997,0.0001,0.0002,0.9997
D:\ML Project Freshness Detection\AgriFreshNET Freshness and Shelf-Life Image Datase\AgriFreshNET Freshness and Shelf-Life Image Datase\Processed Data\Processed Data\Fresh Tomato(1-10)\IMG_20251121_145018780_HDR_AE.jpg,Tomato,0,Fresh,Fresh,0.7464,0.7464,0.2504,0.0032,Fresh,0.9722,0.9722,0.0262,0.0017,Fresh,0.9938,0.9938,0.0059,0.0003,Fresh,0.9741,0.9741,0.0236,0.0023,Fresh,0.991,0.991,0.0086,0.0004
D:\ML Project Freshness Detection\AgriFreshNET Freshness and Shelf-Life Image Datase\AgriFreshNET Freshness and Shelf-Life Image Datase\Processed Data\Processed Data\Fresh Papaya(1-4)\aug_345_IMG_20260114_004504.jpg,Papaya,0,Fresh,Fresh,0.8812,0.8812,0.115,0.0037,Fresh,0.942,0.942,0.0574,0.0006,Fresh,0.9787,0.9787,0.0211,0.0001,Fresh,0.9836,0.9836,0.0161,0.0004,Fresh,0.9953,0.9953,0.0041,0.0006
D:\ML Project Freshness Detection\AgriFreshNET Freshness and Shelf-Life Image Datase\AgriFreshNET Freshness and Shelf-Life Image Datase\Processed Data\Processed Data\Rotten Orange(20-35)\aug_297_IMG-20251227-WA0011.jpg,Orange,2,Rotten,Rotten,0.9244,0.0199,0.0557,0.9244,Rotten,0.991,0.0029,0.0061,0.991,Rotten,0.9983,0.0009,0.0008,0.9983,Rotten,0.9657,0.0095,0.0248,0.9657,Rotten,0.9998,0.0001,0.0001,0.9998
D:\ML Project Freshness Detection\AgriFreshNET Freshness and Shelf-Life Image Datase\AgriFreshNET Freshness and Shelf-Life Image Datase\Processed Data\Processed Data\Semi fresh Orange(9-20)\IMG_20251113_124244516_HDR_AE.jpg,Orange,1,Semi-Fresh,Semi-Fresh,0.8307,0.1637,0.8307,0.0056,Semi-Fresh,0.9955,0.0043,0.9955,0.0002,Semi-Fresh,0.9976,0.0023,0.9976,0.0001,Semi-Fresh,0.9992,0.0005,0.9992,0.0002,Semi-Fresh,0.998,0.0018,0.998,0.0002
D:\ML Project Freshness Detection\AgriFreshNET Freshness and Shelf-Life Image Datase\AgriFreshNET Freshness and Shelf-Life Image Datase\Processed Data\Processed Data\Fresh Orange(1-9)\IMG-20251121-WA0029.jpg,Orange,0,Fresh,Fresh,0.6289,0.6289,0.3584,0.0127,Fresh,0.9304,0.9304,0.0683,0.0013,Fresh,0.9801,0.9801,0.0193,0.0006,Fresh,0.9266,0.9266,0.0697,0.0037,Fresh,0.9615,0.9615,0.0374,0.001
D:\ML Project Freshness Detection\AgriFreshNET Freshness and Shelf-Life Image Datase\AgriFreshNET Freshness and Shelf-Life Image Datase\Processed Data\Processed Data\Semi fresh Tomato(10-24)\aug_81_IMG_20251124_191747757_HDR.jpg,Tomato,1,Semi-Fresh,Semi-Fresh,0.9716,0.0269,0.9716,0.0014,Semi-Fresh,0.9959,0.0017,0.9959,0.0024,Semi-Fresh,0.9985,0.0,0.9985,0.0014,Semi-Fresh,0.9994,0.0002,0.9994,0.0004,Semi-Fresh,0.9961,0.0014,0.9961,0.0025
D:\ML Project Freshness Detection\AgriFreshNET Freshness and Shelf-Life Image Datase\AgriFreshNET Freshness and Shelf-Life Image Datase\Processed Data\Processed Data\Fresh Banana(1-4)\aug_30_Banana (16).jpeg,Banana,0,Fresh,Fresh,0.9424,0.9424,0.0518,0.0059,Fresh,0.9694,0.9694,0.0283,0.0023,Fresh,0.9615,0.9615,0.0237,0.0148,Fresh,0.9958,0.9958,0.0035,0.0007,Fresh,0.9969,0.9969,0.0025,0.0006
D:\ML Project Freshness Detection\AgriFreshNET Freshness and Shelf-Life Image Datase\AgriFreshNET Freshness and Shelf-Life Image Datase\Processed Data\Processed Data\Fresh Tomato(1-10)\IMG_20251125_211715296_HDR.jpg,Tomato,0,Fresh,Fresh,0.9089,0.9089,0.089,0.0022,Fresh,0.8951,0.8951,0.0941,0.0108,Fresh,0.9717,0.9717,0.0276,0.0007,Fresh,0.9962,0.9962,0.0026,0.0012,Fresh,0.9945,0.9945,0.0047,0.0008
D:\ML Project Freshness Detection\AgriFreshNET Freshness and Shelf-Life Image Datase\AgriFreshNET Freshness and Shelf-Life Image Datase\Processed Data\Processed Data\Fresh pineapple(1-15)\aug_166_pineapple(4).jpeg,Pineapple,0,Fresh,Fresh,0.8317,0.8317,0.1229,0.0454,Fresh,0.8033,0.8033,0.1143,0.0824,Fresh,0.9967,0.9967,0.0022,0.0011,Fresh,0.9928,0.9928,0.0066,0.0005,Fresh,0.9985,0.9985,0.0012,0.0003
D:\ML Project Freshness Detection\AgriFreshNET Freshness and Shelf-Life Image Datase\AgriFreshNET Freshness and Shelf-Life Image Datase\Processed Data\Processed Data\Semi fresh Orange(9-20)\aug_74_IMG_20251127_191208828_HDR.jpg,Orange,1,Semi-Fresh,Semi-Fresh,0.9912,0.0081,0.9912,0.0007,Semi-Fresh,0.9989,0.0003,0.9989,0.0008,Semi-Fresh,0.9994,0.0002,0.9994,0.0004,Semi-Fresh,0.9981,0.0002,0.9981,0.0017,Semi-Fresh,0.9975,0.0003,0.9975,0.0021
D:\ML Project Freshness Detection\AgriFreshNET Freshness and Shelf-Life Image Datase\AgriFreshNET Freshness and Shelf-Life Image Datase\Processed Data\Processed Data\Rotten eggplant(8-15)\IMG_20251116_215908719_HDR.jpg,Eggplant,2,Rotten,Rotten,0.8233,0.0196,0.1571,0.8233,Rotten,0.9555,0.0021,0.0424,0.9555,Rotten,0.9974,0.0003,0.0023,0.9974,Rotten,0.9956,0.0005,0.004,0.9956,Rotten,0.9961,0.0003,0.0036,0.9961
D:\ML Project Freshness Detection\AgriFreshNET Freshness and Shelf-Life Image Datase\AgriFreshNET Freshness and Shelf-Life Image Datase\Processed Data\Processed Data\Fresh pineapple(1-15)\IMG-20251127-WA0023.jpg,Pineapple,0,Fresh,Fresh,0.5209,0.5209,0.453,0.026,Fresh,0.9741,0.9741,0.0256,0.0004,Fresh,0.9333,0.9333,0.056,0.0107,Fresh,0.7514,0.7514,0.2429,0.0057,Fresh,0.9976,0.9976,0.0023,0.0001
D:\ML Project Freshness Detection\AgriFreshNET Freshness and Shelf-Life Image Datase\AgriFreshNET Freshness and Shelf-Life Image Datase\Processed Data\Processed Data\Rotten Papaya(7-12)\IMG_20251202_021937.jpg,Papaya,2,Rotten,Rotten,0.9974,0.0,0.0026,0.9974,Rotten,0.9982,0.0001,0.0016,0.9982,Rotten,0.9937,0.0001,0.0063,0.9937,Rotten,0.9941,0.001,0.005,0.9941,Rotten,0.9994,0.0001,0.0005,0.9994
D:\ML Project Freshness Detection\AgriFreshNET Freshness and Shelf-Life Image Datase\AgriFreshNET Freshness and Shelf-Life Image Datase\Processed Data\Processed Data\Fresh Papaya(1-4)\aug_460_IMG_20260116_030711.jpg,Papaya,0,Fresh,Fresh,0.9768,0.9768,0.0222,0.001,Fresh,0.9773,0.9773,0.0226,0.0001,Fresh,0.9918,0.9918,0.0081,0.0001,Fresh,0.9988,0.9988,0.001,0.0002,Fresh,0.999,0.999,0.0008,0.0002
D:\ML Project Freshness Detection\AgriFreshNET Freshness and Shelf-Life Image Datase\AgriFreshNET Freshness and Shelf-Life Image Datase\Processed Data\Processed Data\Rotten eggplant(8-15)\aug_94_IMG_20251120_204424239_HDR.jpg,Eggplant,2,Rotten,Rotten,0.9154,0.0227,0.0619,0.9154,Rotten,0.7325,0.0992,0.1683,0.7325,Rotten,0.9438,0.033,0.0232,0.9438,Rotten,0.9711,0.0127,0.0161,0.9711,Rotten,0.9875,0.0027,0.0098,0.9875
D:\ML Project Freshness Detection\AgriFreshNET Freshness and Shelf-Life Image Datase\AgriFreshNET Freshness and Shelf-Life Image Datase\Processed Data\Processed Data\Rotten Bittermelon(5-8)\aug_306_IMG_20251124_022325.jpg,Bittermelon,2,Rotten,Semi-Fresh,0.8721,0.0695,0.8721,0.0584,Semi-Fresh,0.5831,0.004,0.5831,0.4129,Semi-Fresh,0.9815,0.0005,0.9815,0.018,Rotten,0.8223,0.0188,0.159,0.8223,Semi-Fresh,0.5552,0.0066,0.5552,0.4381
D:\ML Project Freshness Detection\AgriFreshNET Freshness and Shelf-Life Image Datase\AgriFreshNET Freshness and Shelf-Life Image Datase\Processed Data\Processed Data\Rotten Papaya(7-12)\IMG_20251202_021331.jpg,Papaya,2,Rotten,Rotten,0.6797,0.0701,0.2502,0.6797,Rotten,0.9916,0.0033,0.0051,0.9916,Rotten,0.9759,0.0059,0.0182,0.9759,Rotten,0.9851,0.002,0.013,0.9851,Rotten,0.9996,0.0,0.0003,0.9996
D:\ML Project Freshness Detection\AgriFreshNET Freshness and Shelf-Life Image Datase\AgriFreshNET Freshness and Shelf-Life Image Datase\Processed Data\Processed Data\Fresh Bittermelon(1-3)\aug_329_IMG_20260116_030018.jpg,Bittermelon,0,Fresh,Fresh,0.9831,0.9831,0.0149,0.002,Fresh,0.9764,0.9764,0.0218,0.0018,Fresh,0.9984,0.9984,0.0009,0.0007,Fresh,0.9808,0.9808,0.0086,0.0107,Fresh,0.9911,0.9911,0.0057,0.0032
D:\ML Project Freshness Detection\AgriFreshNET Freshness and Shelf-Life Image Datase\AgriFreshNET Freshness and Shelf-Life Image Datase\Processed Data\Processed Data\Semi fresh Pineapple (15-25)\aug_163_IMG-20251205-WA0014.jpg,Pineapple,1,Semi-Fresh,Semi-Fresh,0.8269,0.1721,0.8269,0.001,Semi-Fresh,0.977,0.0198,0.977,0.0032,Semi-Fresh,0.9831,0.0168,0.9831,0.0001,Semi-Fresh,0.9953,0.0042,0.9953,0.0005,Semi-Fresh,0.9991,0.0006,0.9991,0.0003
D:\ML Project Freshness Detection\AgriFreshNET Freshness and Shelf-Life Image Datase\AgriFreshNET Freshness and Shelf-Life Image Datase\Processed Data\Processed Data\Fresh Tomato(1-10)\IMG_20251104_132859007_HDR_AE.jpg,Tomato,0,Fresh,Semi-Fresh,0.5218,0.4751,0.5218,0.0031,Fresh,0.6312,0.6312,0.3443,0.0245,Fresh,0.9081,0.9081,0.0908,0.0011,Fresh,0.959,0.959,0.0409,0.0001,Fresh,0.9962,0.9962,0.0036,0.0002
D:\ML Project Freshness Detection\AgriFreshNET Freshness and Shelf-Life Image Datase\AgriFreshNET Freshness and Shelf-Life Image Datase\Processed Data\Processed Data\Rotten Tomato(24-35)\IMG_20251130_180717912_HDR.jpg,Tomato,2,Rotten,Rotten,0.7247,0.2057,0.0697,0.7247,Rotten,0.9808,0.0039,0.0152,0.9808,Rotten,0.9989,0.0003,0.0008,0.9989,Rotten,0.9989,0.0005,0.0006,0.9989,Rotten,0.9803,0.013,0.0067,0.9803
D:\ML Project Freshness Detection\AgriFreshNET Freshness and Shelf-Life Image Datase\AgriFreshNET Freshness and Shelf-Life Image Datase\Processed Data\Processed Data\Fresh pineapple(1-15)\aug_179_IMG-20251127-WA0022.jpg,Pineapple,0,Fresh,Fresh,0.7637,0.7637,0.1607,0.0756,Fresh,0.9924,0.9924,0.0064,0.0012,Fresh,0.981,0.981,0.0171,0.0019,Fresh,0.9821,0.9821,0.0174,0.0005,Fresh,0.9955,0.9955,0.0042,0.0003
D:\ML Project Freshness Detection\AgriFreshNET Freshness and Shelf-Life Image Datase\AgriFreshNET Freshness and Shelf-Life Image Datase\Processed Data\Processed Data\Semi fresh Orange(9-20)\IMG_20251120_202815148_HDR.jpg,Orange,1,Semi-Fresh,Semi-Fresh,0.9561,0.0438,0.9561,0.0001,Semi-Fresh,0.9983,0.0016,0.9983,0.0001,Semi-Fresh,0.999,0.0007,0.999,0.0002,Semi-Fresh,0.9942,0.005,0.9942,0.0008,Semi-Fresh,0.9899,0.01,0.9899,0.0001
D:\ML Project Freshness Detection\AgriFreshNET Freshness and Shelf-Life Image Datase\AgriFreshNET Freshness and Shelf-Life Image Datase\Processed Data\Processed Data\Semi_Fresh eggplant(4-8)\IMG_20251130_182043533_HDR.jpg,Eggplant,1,Semi-Fresh,Semi-Fresh,0.8913,0.1045,0.8913,0.0042,Semi-Fresh,0.9509,0.0358,0.9509,0.0133,Semi-Fresh,0.9931,0.0047,0.9931,0.0022,Semi-Fresh,0.9766,0.0183,0.9766,0.0051,Semi-Fresh,0.9855,0.0102,0.9855,0.0043
D:\ML Project Freshness Detection\AgriFreshNET Freshness and Shelf-Life Image Datase\AgriFreshNET Freshness and Shelf-Life Image Datase\Processed Data\Processed Data\Fresh pineapple(1-15)\IMG-20251125-WA0022.jpg,Pineapple,0,Fresh,Fresh,0.9888,0.9888,0.0112,0.0,Fresh,0.9963,0.9963,0.0036,0.0001,Fresh,0.9999,0.9999,0.0001,0.0,Fresh,0.9998,0.9998,0.0002,0.0,Fresh,0.9995,0.9995,0.0004,0.0001
D:\ML Project Freshness Detection\AgriFreshNET Freshness and Shelf-Life Image Datase\AgriFreshNET Freshness and Shelf-Life Image Datase\Processed Data\Processed Data\Semi fresh Tomato(10-24)\aug_225_IMG_20260121_230741456_HDR.jpg,Tomato,1,Semi-Fresh,Semi-Fresh,0.7776,0.1887,0.7776,0.0337,Semi-Fresh,0.8878,0.0579,0.8878,0.0543,Semi-Fresh,0.9869,0.004,0.9869,0.009,Semi-Fresh,0.9331,0.0067,0.9331,0.0602,Semi-Fresh,0.9866,0.0046,0.9866,0.0088
D:\ML Project Freshness Detection\AgriFreshNET Freshness and Shelf-Life Image Datase\AgriFreshNET Freshness and Shelf-Life Image Datase\Processed Data\Processed Data\Fresh Banana(1-4)\aug_383_IMG_20251102_080958420_HDR_AE.jpg,Banana,0,Fresh,Fresh,0.9867,0.9867,0.0118,0.0015,Fresh,0.9889,0.9889,0.0105,0.0006,Fresh,0.9893,0.9893,0.0082,0.0025,Fresh,0.9992,0.9992,0.0005,0.0003,Fresh,0.9995,0.9995,0.0004,0.0002
D:\ML Project Freshness Detection\AgriFreshNET Freshness and Shelf-Life Image Datase\AgriFreshNET Freshness and Shelf-Life Image Datase\Processed Data\Processed Data\Rotten eggplant(8-15)\IMG_20251118_165242297_HDR.jpg,Eggplant,2,Rotten,Rotten,0.9964,0.0008,0.0028,0.9964,Rotten,0.9985,0.0002,0.0013,0.9985,Rotten,0.9999,0.0,0.0001,0.9999,Rotten,0.9991,0.0003,0.0006,0.9991,Rotten,0.9995,0.0002,0.0004,0.9995
D:\ML Project Freshness Detection\AgriFreshNET Freshness and Shelf-Life Image Datase\AgriFreshNET Freshness and Shelf-Life Image Datase\Processed Data\Processed Data\Semi fresh Orange(9-20)\IMG_20251119_200409756_HDR.jpg,Orange,1,Semi-Fresh,Semi-Fresh,0.7579,0.242,0.7579,0.0001,Semi-Fresh,0.9809,0.0186,0.9809,0.0005,Semi-Fresh,0.9994,0.0006,0.9994,0.0,Semi-Fresh,0.9972,0.0019,0.9972,0.0009,Semi-Fresh,0.9922,0.0075,0.9922,0.0003
D:\ML Project Freshness Detection\AgriFreshNET Freshness and Shelf-Life Image Datase\AgriFreshNET Freshness and Shelf-Life Image Datase\Processed Data\Processed Data\Fresh pineapple(1-15)\aug_140_IMG-20251125-WA0022.jpg,Pineapple,0,Fresh,Fresh,0.9927,0.9927,0.0073,0.0,Fresh,0.9945,0.9945,0.005,0.0004,Fresh,0.9999,0.9999,0.0001,0.0,Fresh,0.9996,0.9996,0.0004,0.0,Fresh,0.9994,0.9994,0.0005,0.0001
D:\ML Project Freshness Detection\AgriFreshNET Freshness and Shelf-Life Image Datase\AgriFreshNET Freshness and Shelf-Life Image Datase\Processed Data\Processed Data\Rotten Orange(20-35)\aug_441_IMG-20260128-WA0023.jpg,Orange,2,Rotten,Rotten,0.9962,0.0015,0.0023,0.9962,Rotten,0.9984,0.0001,0.0015,0.9984,Rotten,0.9999,0.0,0.0001,0.9999,Rotten,0.9984,0.0007,0.0009,0.9984,Rotten,0.9986,0.0001,0.0013,0.9986
D:\ML Project Freshness Detection\AgriFreshNET Freshness and Shelf-Life Image Datase\AgriFreshNET Freshness and Shelf-Life Image Datase\Processed Data\Processed Data\Fresh Banana(1-4)\aug_376_IMG_20251119_201401592_HDR.jpg,Banana,0,Fresh,Fresh,0.9809,0.9809,0.0188,0.0003,Fresh,0.9859,0.9859,0.0139,0.0002,Fresh,0.9974,0.9974,0.0024,0.0001,Fresh,0.9975,0.9975,0.0021,0.0005,Fresh,0.9995,0.9995,0.0003,0.0002
D:\ML Project Freshness Detection\AgriFreshNET Freshness and Shelf-Life Image Datase\AgriFreshNET Freshness and Shelf-Life Image Datase\Processed Data\Processed Data\Fresh Papaya(1-4)\aug_75_IMG_20260114_004748.jpg,Papaya,0,Fresh,Fresh,0.9782,0.9782,0.0179,0.004,Fresh,0.984,0.984,0.0143,0.0016,Fresh,0.9997,0.9997,0.0001,0.0002,Fresh,0.9994,0.9994,0.0004,0.0002,Fresh,0.9986,0.9986,0.0009,0.0005
D:\ML Project Freshness Detection\AgriFreshNET Freshness and Shelf-Life Image Datase\AgriFreshNET Freshness and Shelf-Life Image Datase\Processed Data\Processed Data\Semi fresh Orange(9-20)\IMG-20251124-WA0025.jpg,Orange,1,Semi-Fresh,Fresh,0.5568,0.5568,0.4148,0.0284,Semi-Fresh,0.9156,0.0766,0.9156,0.0078,Semi-Fresh,0.8841,0.1104,0.8841,0.0055,Semi-Fresh,0.963,0.028,0.963,0.0091,Semi-Fresh,0.7441,0.2538,0.7441,0.0021
D:\ML Project Freshness Detection\AgriFreshNET Freshness and Shelf-Life Image Datase\AgriFreshNET Freshness and Shelf-Life Image Datase\Processed Data\Processed Data\Rotten banana(7-13)\aug_151_IMG_20251130_175708645_HDR.jpg,Banana,2,Rotten,Rotten,0.9978,0.0001,0.0021,0.9978,Rotten,0.9997,0.0,0.0003,0.9997,Rotten,0.9998,0.0,0.0002,0.9998,Rotten,0.9961,0.0013,0.0026,0.9961,Rotten,0.9998,0.0001,0.0002,0.9998
D:\ML Project Freshness Detection\AgriFreshNET Freshness and Shelf-Life Image Datase\AgriFreshNET Freshness and Shelf-Life Image Datase\Processed Data\Processed Data\Fresh Cucumber(1-6)\aug_16_IMG_20260114_010241.jpg,Cucumber,0,Fresh,Fresh,0.9841,0.9841,0.0157,0.0003,Fresh,0.9881,0.9881,0.0093,0.0026,Fresh,0.9995,0.9995,0.0004,0.0001,Fresh,0.986,0.986,0.0126,0.0014,Fresh,0.9962,0.9962,0.0036,0.0003
D:\ML Project Freshness Detection\AgriFreshNET Freshness and Shelf-Life Image Datase\AgriFreshNET Freshness and Shelf-Life Image Datase\Processed Data\Processed Data\Semi_Fresh eggplant(4-8)\aug_12_IMG_20251125_212256845_HDR.jpg,Eggplant,1,Semi-Fresh,Semi-Fresh,0.7858,0.2074,0.7858,0.0068,Semi-Fresh,0.4919,0.1521,0.4919,0.356,Semi-Fresh,0.8632,0.0971,0.8632,0.0397,Semi-Fresh,0.8302,0.1115,0.8302,0.0583,Semi-Fresh,0.9735,0.0059,0.9735,0.0205
D:\ML Project Freshness Detection\AgriFreshNET Freshness and Shelf-Life Image Datase\AgriFreshNET Freshness and Shelf-Life Image Datase\Processed Data\Processed Data\Semi fresh Pineapple (15-25)\aug_125_IMG_20251122_211235094_HDR.jpg,Pineapple,1,Semi-Fresh,Semi-Fresh,0.4952,0.3478,0.4952,0.157,Semi-Fresh,0.6528,0.2161,0.6528,0.131,Semi-Fresh,0.9228,0.0252,0.9228,0.052,Semi-Fresh,0.717,0.2505,0.717,0.0324,Semi-Fresh,0.9446,0.0054,0.9446,0.05
D:\ML Project Freshness Detection\AgriFreshNET Freshness and Shelf-Life Image Datase\AgriFreshNET Freshness and Shelf-Life Image Datase\Processed Data\Processed Data\Fresh eggplant(1-4)\aug_337_IMG_20251119_195532107_HDR.jpg,Eggplant,0,Fresh,Fresh,0.8805,0.8805,0.1193,0.0001,Fresh,0.9841,0.9841,0.0155,0.0004,Fresh,0.9922,0.9922,0.0074,0.0004,Fresh,0.9815,0.9815,0.0163,0.0022,Fresh,0.9936,0.9936,0.0055,0.0009
D:\ML Project Freshness Detection\AgriFreshNET Freshness and Shelf-Life Image Datase\AgriFreshNET Freshness and Shelf-Life Image Datase\Processed Data\Processed Data\Rotten banana(7-13)\aug_2_IMG_20251113_123235985_HDR_AE.jpg,Banana,2,Rotten,Rotten,0.9941,0.0004,0.0055,0.9941,Rotten,0.9828,0.0031,0.0141,0.9828,Rotten,0.9626,0.0001,0.0373,0.9626,Rotten,0.9947,0.0003,0.005,0.9947,Rotten,0.9995,0.0,0.0005,0.9995
D:\ML Project Freshness Detection\AgriFreshNET Freshness and Shelf-Life Image Datase\AgriFreshNET Freshness and Shelf-Life Image Datase\Processed Data\Processed Data\Semi Fresh Papaya(4-7)\aug_226_IMG_20251031_164000.jpg,Papaya,1,Semi-Fresh,Semi-Fresh,0.7911,0.1884,0.7911,0.0205,Semi-Fresh,0.9932,0.0055,0.9932,0.0013,Semi-Fresh,0.9932,0.0054,0.9932,0.0014,Semi-Fresh,0.9976,0.001,0.9976,0.0014,Semi-Fresh,0.9958,0.0034,0.9958,0.0008
D:\ML Project Freshness Detection\AgriFreshNET Freshness and Shelf-Life Image Datase\AgriFreshNET Freshness and Shelf-Life Image Datase\Processed Data\Processed Data\Rotten Bittermelon(5-8)\aug_314_IMG_20260125_005702.jpg,Bittermelon,2,Rotten,Rotten,0.7554,0.0011,0.2435,0.7554,Rotten,0.9897,0.0002,0.0101,0.9897,Rotten,0.9923,0.0,0.0076,0.9923,Rotten,0.9991,0.0002,0.0007,0.9991,Rotten,0.9981,0.0001,0.0018,0.9981
D:\ML Project Freshness Detection\AgriFreshNET Freshness and Shelf-Life Image Datase\AgriFreshNET Freshness and Shelf-Life Image Datase\Processed Data\Processed Data\Rotten Bittermelon(5-8)\IMG_20260122_003514.jpg,Bittermelon,2,Rotten,Rotten,0.993,0.0001,0.0069,0.993,Rotten,0.9924,0.0004,0.0072,0.9924,Rotten,0.9985,0.0,0.0015,0.9985,Rotten,0.9935,0.001,0.0055,0.9935,Rotten,0.9989,0.0002,0.0009,0.9989
D:\ML Project Freshness Detection\AgriFreshNET Freshness and Shelf-Life Image Datase\AgriFreshNET Freshness and Shelf-Life Image Datase\Processed Data\Processed Data\Rotten Cucumber(12-20)\IMG_20251202_015448.jpg,Cucumber,2,Rotten,Rotten,0.9945,0.0012,0.0042,0.9945,Rotten,0.9954,0.0004,0.0042,0.9954,Rotten,0.9999,0.0,0.0001,0.9999,Rotten,0.9912,0.0048,0.0041,0.9912,Rotten,0.9993,0.0002,0.0005,0.9993
D:\ML Project Freshness Detection\AgriFreshNET Freshness and Shelf-Life Image Datase\AgriFreshNET Freshness and Shelf-Life Image Datase\Processed Data\Processed Data\Rotten Orange(20-35)\aug_419_IMG-20251207-WA0009.jpg,Orange,2,Rotten,Rotten,0.6963,0.1102,0.1936,0.6963,Rotten,0.7941,0.0786,0.1273,0.7941,Rotten,0.5127,0.3762,0.1112,0.5127,Rotten,0.9702,0.0071,0.0227,0.9702,Rotten,0.9404,0.003,0.0566,0.9404
D:\ML Project Freshness Detection\AgriFreshNET Freshness and Shelf-Life Image Datase\AgriFreshNET Freshness and Shelf-Life Image Datase\Processed Data\Processed Data\Semi fresh Orange(9-20)\IMG_20251124_191538577_HDR.jpg,Orange,1,Semi-Fresh,Semi-Fresh,0.9393,0.0607,0.9393,0.0001,Semi-Fresh,0.9921,0.0077,0.9921,0.0002,Semi-Fresh,0.9977,0.0021,0.9977,0.0002,Semi-Fresh,0.9993,0.0003,0.9993,0.0003,Semi-Fresh,0.9988,0.001,0.9988,0.0002
D:\ML Project Freshness Detection\AgriFreshNET Freshness and Shelf-Life Image Datase\AgriFreshNET Freshness and Shelf-Life Image Datase\Processed Data\Processed Data\Fresh pineapple(1-15)\IMG-20251125-WA0018.jpg,Pineapple,0,Fresh,Fresh,0.9406,0.9406,0.0593,0.0001,Fresh,0.9836,0.9836,0.0164,0.0001,Fresh,0.9993,0.9993,0.0007,0.0,Fresh,0.9996,0.9996,0.0004,0.0,Fresh,0.9997,0.9997,0.0003,0.0001
D:\ML Project Freshness Detection\AgriFreshNET Freshness and Shelf-Life Image Datase\AgriFreshNET Freshness and Shelf-Life Image Datase\Processed Data\Processed Data\Semi Fresh Papaya(4-7)\aug_435_IMG_20251124_021922.jpg,Papaya,1,Semi-Fresh,Semi-Fresh,0.937,0.0533,0.937,0.0097,Semi-Fresh,0.9731,0.0019,0.9731,0.025,Semi-Fresh,0.9931,0.0042,0.9931,0.0027,Semi-Fresh,0.9958,0.0003,0.9958,0.0039,Semi-Fresh,0.9979,0.0007,0.9979,0.0015
D:\ML Project Freshness Detection\AgriFreshNET Freshness and Shelf-Life Image Datase\AgriFreshNET Freshness and Shelf-Life Image Datase\Processed Data\Processed Data\Semi fresh Orange(9-20)\IMG_20251120_202904495_HDR.jpg,Orange,1,Semi-Fresh,Semi-Fresh,0.8904,0.1095,0.8904,0.0001,Semi-Fresh,0.9888,0.0108,0.9888,0.0004,Semi-Fresh,0.9974,0.0025,0.9974,0.0001,Semi-Fresh,0.9989,0.0006,0.9989,0.0005,Semi-Fresh,0.9868,0.0128,0.9868,0.0004
D:\ML Project Freshness Detection\AgriFreshNET Freshness and Shelf-Life Image Datase\AgriFreshNET Freshness and Shelf-Life Image Datase\Processed Data\Processed Data\Semi fresh Orange(9-20)\IMG_20251130_180336135_HDR.jpg,Orange,1,Semi-Fresh,Semi-Fresh,0.984,0.0149,0.984,0.0011,Semi-Fresh,0.9979,0.0007,0.9979,0.0014,Semi-Fresh,0.9983,0.0014,0.9983,0.0003,Semi-Fresh,0.9955,0.0013,0.9955,0.0033,Semi-Fresh,0.9964,0.0023,0.9964,0.0013
D:\ML Project Freshness Detection\AgriFreshNET Freshness and Shelf-Life Image Datase\AgriFreshNET Freshness and Shelf-Life Image Datase\Processed Data\Processed Data\Rotten Orange(20-35)\aug_102_IMG-20260130-WA0104.jpg,Orange,2,Rotten,Rotten,0.9592,0.0059,0.0349,0.9592,Rotten,0.9983,0.0004,0.0013,0.9983,Rotten,0.9996,0.0,0.0004,0.9996,Rotten,0.9969,0.0017,0.0015,0.9969,Rotten,0.9997,0.0,0.0002,0.9997
D:\ML Project Freshness Detection\AgriFreshNET Freshness and Shelf-Life Image Datase\AgriFreshNET Freshness and Shelf-Life Image Datase\Processed Data\Processed Data\Rotten Papaya(7-12)\aug_65_IMG_20251202_021530.jpg,Papaya,2,Rotten,Rotten,0.9598,0.002,0.0382,0.9598,Rotten,0.9908,0.0001,0.0091,0.9908,Rotten,0.9869,0.0026,0.0105,0.9869,Rotten,0.9632,0.0028,0.0341,0.9632,Rotten,0.9979,0.0002,0.002,0.9979
D:\ML Project Freshness Detection\AgriFreshNET Freshness and Shelf-Life Image Datase\AgriFreshNET Freshness and Shelf-Life Image Datase\Processed Data\Processed Data\Rotten eggplant(8-15)\IMG_20251104_133055311_HDR_AE.jpg,Eggplant,2,Rotten,Rotten,0.8432,0.0689,0.0879,0.8432,Rotten,0.978,0.0036,0.0184,0.978,Rotten,0.8223,0.0683,0.1094,0.8223,Rotten,0.9261,0.0117,0.0622,0.9261,Rotten,0.9946,0.0015,0.0038,0.9946
D:\ML Project Freshness Detection\AgriFreshNET Freshness and Shelf-Life Image Datase\AgriFreshNET Freshness and Shelf-Life Image Datase\Processed Data\Processed Data\Fresh Papaya(1-4)\aug_113_IMG_20260114_004412.jpg,Papaya,0,Fresh,Fresh,0.9873,0.9873,0.0118,0.0009,Fresh,0.986,0.986,0.0128,0.0013,Fresh,0.9995,0.9995,0.0004,0.0,Fresh,0.9931,0.9931,0.0066,0.0002,Fresh,0.9982,0.9982,0.0016,0.0002
D:\ML Project Freshness Detection\AgriFreshNET Freshness and Shelf-Life Image Datase\AgriFreshNET Freshness and Shelf-Life Image Datase\Processed Data\Processed Data\Fresh Orange(1-9)\aug_223_IMG-20251121-WA0006.jpg,Orange,0,Fresh,Fresh,0.9093,0.9093,0.0765,0.0142,Fresh,0.7974,0.7974,0.1963,0.0063,Fresh,0.9957,0.9957,0.0038,0.0005,Fresh,0.9662,0.9662,0.0322,0.0016,Fresh,0.9959,0.9959,0.0035,0.0006
D:\ML Project Freshness Detection\AgriFreshNET Freshness and Shelf-Life Image Datase\AgriFreshNET Freshness and Shelf-Life Image Datase\Processed Data\Processed Data\Rotten Pineapple(25-35)\aug_322_IMG-20251230-WA0032.jpg,Pineapple,2,Rotten,Rotten,0.9974,0.0003,0.0022,0.9974,Rotten,0.996,0.0033,0.0007,0.996,Rotten,0.9938,0.0007,0.0055,0.9938,Rotten,0.9907,0.0029,0.0064,0.9907,Rotten,0.9994,0.0004,0.0003,0.9994
D:\ML Project Freshness Detection\AgriFreshNET Freshness and Shelf-Life Image Datase\AgriFreshNET Freshness and Shelf-Life Image Datase\Processed Data\Processed Data\Fresh eggplant(1-4)\IMG_20251121_143647985_HDR_AE.jpg,Eggplant,0,Fresh,Fresh,0.8234,0.8234,0.1595,0.017,Fresh,0.5065,0.5065,0.3604,0.1331,Fresh,0.8069,0.8069,0.1913,0.0018,Fresh,0.9601,0.9601,0.0383,0.0016,Fresh,0.9957,0.9957,0.0041,0.0003
D:\ML Project Freshness Detection\AgriFreshNET Freshness and Shelf-Life Image Datase\AgriFreshNET Freshness and Shelf-Life Image Datase\Processed Data\Processed Data\Fresh Bittermelon(1-3)\aug_134_IMG_20260114_010553.jpg,Bittermelon,0,Fresh,Fresh,0.8766,0.8766,0.1221,0.0013,Fresh,0.9968,0.9968,0.003,0.0002,Fresh,0.9996,0.9996,0.0003,0.0,Fresh,0.995,0.995,0.0041,0.001,Fresh,0.9982,0.9982,0.0014,0.0004
D:\ML Project Freshness Detection\AgriFreshNET Freshness and Shelf-Life Image Datase\AgriFreshNET Freshness and Shelf-Life Image Datase\Processed Data\Processed Data\Fresh Orange(1-9)\aug_224_IMG-20251112-WA0008.jpg,Orange,0,Fresh,Fresh,0.7123,0.7123,0.2145,0.0732,Fresh,0.8997,0.8997,0.0894,0.0109,Fresh,0.9957,0.9957,0.0042,0.0001,Fresh,0.9485,0.9485,0.0433,0.0082,Fresh,0.8599,0.8599,0.1277,0.0124
D:\ML Project Freshness Detection\AgriFreshNET Freshness and Shelf-Life Image Datase\AgriFreshNET Freshness and Shelf-Life Image Datase\Processed Data\Processed Data\Fresh Bittermelon(1-3)\aug_141_IMG_20251121_081505.jpg,Bittermelon,0,Fresh,Fresh,0.9328,0.9328,0.0647,0.0026,Fresh,0.8841,0.8841,0.1114,0.0045,Fresh,0.9909,0.9909,0.0081,0.0009,Fresh,0.9851,0.9851,0.0113,0.0036,Fresh,0.9922,0.9922,0.0063,0.0014
D:\ML Project Freshness Detection\AgriFreshNET Freshness and Shelf-Life Image Datase\AgriFreshNET Freshness and Shelf-Life Image Datase\Processed Data\Processed Data\Rotten Papaya(7-12)\aug_15_IMG_20260123_013557.jpg,Papaya,2,Rotten,Rotten,0.6916,0.0226,0.2858,0.6916,Rotten,0.9937,0.0003,0.006,0.9937,Rotten,0.9879,0.0007,0.0114,0.9879,Rotten,0.9952,0.0006,0.0042,0.9952,Rotten,0.9838,0.0016,0.0146,0.9838
D:\ML Project Freshness Detection\AgriFreshNET Freshness and Shelf-Life Image Datase\AgriFreshNET Freshness and Shelf-Life Image Datase\Processed Data\Processed Data\Semi Fresh Bittermelon ( 3-5)\aug_140_IMG_20260122_003332.jpg,Bittermelon,1,Semi-Fresh,Semi-Fresh,0.9048,0.0378,0.9048,0.0575,Semi-Fresh,0.8209,0.0084,0.8209,0.1706,Semi-Fresh,0.989,0.0022,0.989,0.0089,Semi-Fresh,0.986,0.0028,0.986,0.0113,Semi-Fresh,0.9951,0.0008,0.9951,0.0041
D:\ML Project Freshness Detection\AgriFreshNET Freshness and Shelf-Life Image Datase\AgriFreshNET Freshness and Shelf-Life Image Datase\Processed Data\Processed Data\Fresh pineapple(1-15)\aug_259_IMG-20251128-WA0036.jpg,Pineapple,0,Fresh,Semi-Fresh,0.5481,0.412,0.5481,0.0399,Fresh,0.9926,0.9926,0.0067,0.0007,Fresh,0.9973,0.9973,0.0025,0.0002,Fresh,0.9933,0.9933,0.0055,0.0012,Fresh,0.997,0.997,0.0028,0.0002
D:\ML Project Freshness Detection\AgriFreshNET Freshness and Shelf-Life Image Datase\AgriFreshNET Freshness and Shelf-Life Image Datase\Processed Data\Processed Data\Fresh pineapple(1-15)\aug_124_IMG-20251128-WA0039.jpg,Pineapple,0,Fresh,Fresh,0.9838,0.9838,0.015,0.0012,Fresh,0.9986,0.9986,0.0014,0.0001,Fresh,0.9994,0.9994,0.0005,0.0001,Fresh,0.9986,0.9986,0.0011,0.0003,Fresh,0.9934,0.9934,0.0065,0.0001
D:\ML Project Freshness Detection\AgriFreshNET Freshness and Shelf-Life Image Datase\AgriFreshNET Freshness and Shelf-Life Image Datase\Processed Data\Processed Data\Fresh Orange(1-9)\IMG_20251109_112310280_HDR_AE.jpg,Orange,0,Fresh,Fresh,0.929,0.929,0.0692,0.0018,Fresh,0.9369,0.9369,0.063,0.0001,Fresh,0.996,0.996,0.004,0.0,Fresh,0.9895,0.9895,0.0102,0.0003,Fresh,0.9975,0.9975,0.0022,0.0003
D:\ML Project Freshness Detection\AgriFreshNET Freshness and Shelf-Life Image Datase\AgriFreshNET Freshness and Shelf-Life Image Datase\Processed Data\Processed Data\Semi Fresh Bittermelon ( 3-5)\aug_436_IMG_20251123_013058.jpg,Bittermelon,1,Semi-Fresh,Semi-Fresh,0.8214,0.1464,0.8214,0.0322,Semi-Fresh,0.7093,0.0811,0.7093,0.2096,Semi-Fresh,0.9629,0.0248,0.9629,0.0123,Semi-Fresh,0.9938,0.0032,0.9938,0.003,Semi-Fresh,0.9955,0.0017,0.9955,0.0028
D:\ML Project Freshness Detection\AgriFreshNET Freshness and Shelf-Life Image Datase\AgriFreshNET Freshness and Shelf-Life Image Datase\Processed Data\Processed Data\Semi fresh banana(4-7)\aug_382_IMG_20260121_230343869_HDR.jpg,Banana,1,Semi-Fresh,Semi-Fresh,0.8029,0.1903,0.8029,0.0068,Semi-Fresh,0.983,0.0047,0.983,0.0123,Semi-Fresh,0.9989,0.0009,0.9989,0.0003,Semi-Fresh,0.9995,0.0001,0.9995,0.0004,Semi-Fresh,0.9997,0.0002,0.9997,0.0001
D:\ML Project Freshness Detection\AgriFreshNET Freshness and Shelf-Life Image Datase\AgriFreshNET Freshness and Shelf-Life Image Datase\Processed Data\Processed Data\Fresh Bittermelon(1-3)\aug_21_IMG_20260120_004826.jpg,Bittermelon,0,Fresh,Fresh,0.7206,0.7206,0.2701,0.0093,Fresh,0.9601,0.9601,0.0389,0.0009,Fresh,0.9791,0.9791,0.0192,0.0016,Fresh,0.9813,0.9813,0.0174,0.0013,Fresh,0.9973,0.9973,0.0021,0.0006
D:\ML Project Freshness Detection\AgriFreshNET Freshness and Shelf-Life Image Datase\AgriFreshNET Freshness and Shelf-Life Image Datase\Processed Data\Processed Data\Rotten Papaya(7-12)\aug_140_IMG_20251202_021242.jpg,Papaya,2,Rotten,Rotten,0.9708,0.0017,0.0275,0.9708,Rotten,0.9976,0.0005,0.002,0.9976,Rotten,0.9988,0.0,0.0012,0.9988,Rotten,0.9954,0.0007,0.0039,0.9954,Rotten,0.9941,0.0002,0.0057,0.9941
D:\ML Project Freshness Detection\AgriFreshNET Freshness and Shelf-Life Image Datase\AgriFreshNET Freshness and Shelf-Life Image Datase\Processed Data\Processed Data\Fresh Papaya(1-4)\aug_282_IMG_20251123_013013.jpg,Papaya,0,Fresh,Fresh,0.7829,0.7829,0.217,0.0001,Fresh,0.5943,0.5943,0.405,0.0007,Fresh,0.9245,0.9245,0.0748,0.0006,Fresh,0.951,0.951,0.048,0.001,Fresh,0.9774,0.9774,0.0219,0.0007
D:\ML Project Freshness Detection\AgriFreshNET Freshness and Shelf-Life Image Datase\AgriFreshNET Freshness and Shelf-Life Image Datase\Processed Data\Processed Data\Semi Fresh Bittermelon ( 3-5)\aug_338_IMG_20260120_004811.jpg,Bittermelon,1,Semi-Fresh,Semi-Fresh,0.9415,0.023,0.9415,0.0355,Semi-Fresh,0.8975,0.014,0.8975,0.0885,Semi-Fresh,0.9818,0.001,0.9818,0.0172,Semi-Fresh,0.9925,0.0018,0.9925,0.0057,Semi-Fresh,0.986,0.0009,0.986,0.0131
D:\ML Project Freshness Detection\AgriFreshNET Freshness and Shelf-Life Image Datase\AgriFreshNET Freshness and Shelf-Life Image Datase\Processed Data\Processed Data\Rotten eggplant(8-15)\aug_364_IMG_20251106_160415062_HDR_AE.jpg,Eggplant,2,Rotten,Rotten,0.963,0.0097,0.0274,0.963,Rotten,0.8811,0.034,0.0849,0.8811,Rotten,0.972,0.0025,0.0255,0.972,Rotten,0.9907,0.0026,0.0066,0.9907,Rotten,0.9904,0.0005,0.0091,0.9904
D:\ML Project Freshness Detection\AgriFreshNET Freshness and Shelf-Life Image Datase\AgriFreshNET Freshness and Shelf-Life Image Datase\Processed Data\Processed Data\Fresh eggplant(1-4)\aug_334_IMG_20251120_202305211_HDR.jpg,Eggplant,0,Fresh,Semi-Fresh,0.6481,0.3512,0.6481,0.0007,Semi-Fresh,0.6902,0.3,0.6902,0.0097,Semi-Fresh,0.8282,0.1695,0.8282,0.0023,Semi-Fresh,0.8108,0.1832,0.8108,0.006,Fresh,0.7981,0.7981,0.1981,0.0038
D:\ML Project Freshness Detection\AgriFreshNET Freshness and Shelf-Life Image Datase\AgriFreshNET Freshness and Shelf-Life Image Datase\Processed Data\Processed Data\Fresh pineapple(1-15)\IMG-20251127-WA0011.jpg,Pineapple,0,Fresh,Fresh,0.9958,0.9958,0.004,0.0002,Fresh,0.9932,0.9932,0.0059,0.0008,Fresh,0.9993,0.9993,0.0007,0.0,Fresh,0.9995,0.9995,0.0005,0.0,Fresh,0.9998,0.9998,0.0002,0.0001
D:\ML Project Freshness Detection\AgriFreshNET Freshness and Shelf-Life Image Datase\AgriFreshNET Freshness and Shelf-Life Image Datase\Processed Data\Processed Data\Semi Fresh Papaya(4-7)\aug_260_IMG_20251031_164035.jpg,Papaya,1,Semi-Fresh,Semi-Fresh,0.7895,0.0155,0.7895,0.195,Semi-Fresh,0.9856,0.001,0.9856,0.0134,Semi-Fresh,0.9991,0.0003,0.9991,0.0006,Semi-Fresh,0.998,0.0002,0.998,0.0017,Semi-Fresh,0.9885,0.0112,0.9885,0.0003
D:\ML Project Freshness Detection\AgriFreshNET Freshness and Shelf-Life Image Datase\AgriFreshNET Freshness and Shelf-Life Image Datase\Processed Data\Processed Data\Semi fresh Tomato(10-24)\IMG_20251125_211121690_HDR.jpg,Tomato,1,Semi-Fresh,Semi-Fresh,0.9526,0.0276,0.9526,0.0197,Semi-Fresh,0.8972,0.0022,0.8972,0.1006,Semi-Fresh,0.9827,0.0009,0.9827,0.0164,Semi-Fresh,0.8902,0.0038,0.8902,0.1059,Semi-Fresh,0.9915,0.0022,0.9915,0.0063
D:\ML Project Freshness Detection\AgriFreshNET Freshness and Shelf-Life Image Datase\AgriFreshNET Freshness and Shelf-Life Image Datase\Processed Data\Processed Data\Rotten eggplant(8-15)\aug_51_IMG_20251115_122013387_HDR_AE.jpg,Eggplant,2,Rotten,Rotten,0.9834,0.0017,0.0149,0.9834,Rotten,0.9796,0.0036,0.0167,0.9796,Rotten,0.9981,0.0,0.0019,0.9981,Rotten,0.9992,0.0001,0.0007,0.9992,Rotten,0.9991,0.0002,0.0007,0.9991
D:\ML Project Freshness Detection\AgriFreshNET Freshness and Shelf-Life Image Datase\AgriFreshNET Freshness and Shelf-Life Image Datase\Processed Data\Processed Data\Fresh Banana(1-4)\IMG_20251102_075619162_HDR_AE.jpg,Banana,0,Fresh,Fresh,0.9467,0.9467,0.051,0.0023,Fresh,0.9979,0.9979,0.002,0.0001,Fresh,0.9977,0.9977,0.002,0.0003,Fresh,0.9985,0.9985,0.0012,0.0003,Fresh,0.9979,0.9979,0.0018,0.0003
D:\ML Project Freshness Detection\AgriFreshNET Freshness and Shelf-Life Image Datase\AgriFreshNET Freshness and Shelf-Life Image Datase\Processed Data\Processed Data\Semi fresh Orange(9-20)\IMG-20251127-WA0044.jpg,Orange,1,Semi-Fresh,Semi-Fresh,0.5073,0.3745,0.5073,0.1181,Semi-Fresh,0.9398,0.059,0.9398,0.0012,Fresh,0.5885,0.5885,0.3832,0.0283,Semi-Fresh,0.8775,0.113,0.8775,0.0095,Semi-Fresh,0.6549,0.3415,0.6549,0.0036
D:\ML Project Freshness Detection\AgriFreshNET Freshness and Shelf-Life Image Datase\AgriFreshNET Freshness and Shelf-Life Image Datase\Processed Data\Processed Data\Rotten Tomato(24-35)\aug_241_IMG_20260124_112928403_HDR_AE.jpg,Tomato,2,Rotten,Rotten,0.9715,0.0124,0.0161,0.9715,Rotten,0.989,0.002,0.009,0.989,Rotten,0.9931,0.0046,0.0023,0.9931,Rotten,0.9952,0.0017,0.0031,0.9952,Rotten,0.9963,0.0016,0.002,0.9963
D:\ML Project Freshness Detection\AgriFreshNET Freshness and Shelf-Life Image Datase\AgriFreshNET Freshness and Shelf-Life Image Datase\Processed Data\Processed Data\Fresh pineapple(1-15)\aug_48_IMG-20251125-WA0023.jpg,Pineapple,0,Fresh,Fresh,0.9419,0.9419,0.0581,0.0,Fresh,0.9782,0.9782,0.0217,0.0,Fresh,0.9993,0.9993,0.0007,0.0,Fresh,0.9947,0.9947,0.0047,0.0006,Fresh,0.9986,0.9986,0.0011,0.0003
D:\ML Project Freshness Detection\AgriFreshNET Freshness and Shelf-Life Image Datase\AgriFreshNET Freshness and Shelf-Life Image Datase\Processed Data\Processed Data\Rotten Tomato(24-35)\IMG_20251130_180732543_HDR.jpg,Tomato,2,Rotten,Rotten,0.8282,0.072,0.0998,0.8282,Rotten,0.9959,0.0008,0.0033,0.9959,Rotten,0.996,0.0001,0.0039,0.996,Rotten,0.9989,0.0005,0.0006,0.9989,Rotten,0.999,0.0003,0.0006,0.999
D:\ML Project Freshness Detection\AgriFreshNET Freshness and Shelf-Life Image Datase\AgriFreshNET Freshness and Shelf-Life Image Datase\Processed Data\Processed Data\Fresh Cucumber(1-6)\aug_381_IMG_20251025_121720.jpg,Cucumber,0,Fresh,Fresh,0.7611,0.7611,0.2344,0.0045,Fresh,0.9344,0.9344,0.0649,0.0006,Fresh,0.9404,0.9404,0.0589,0.0006,Fresh,0.9904,0.9904,0.0095,0.0001,Fresh,0.9976,0.9976,0.0021,0.0003
D:\ML Project Freshness Detection\AgriFreshNET Freshness and Shelf-Life Image Datase\AgriFreshNET Freshness and Shelf-Life Image Datase\Processed Data\Processed Data\Semi_Fresh eggplant(4-8)\aug_47_IMG_20251122_205331484_HDR.jpg,Eggplant,1,Semi-Fresh,Fresh,0.6627,0.6627,0.3368,0.0005,Semi-Fresh,0.7409,0.2555,0.7409,0.0036,Semi-Fresh,0.6524,0.3419,0.6524,0.0057,Semi-Fresh,0.9571,0.0234,0.9571,0.0195,Semi-Fresh,0.9291,0.0528,0.9291,0.0181
D:\ML Project Freshness Detection\AgriFreshNET Freshness and Shelf-Life Image Datase\AgriFreshNET Freshness and Shelf-Life Image Datase\Processed Data\Processed Data\Rotten Orange(20-35)\aug_160_IMG-20260130-WA0098.jpg,Orange,2,Rotten,Rotten,0.9885,0.0036,0.0079,0.9885,Rotten,0.9997,0.0002,0.0002,0.9997,Rotten,1.0,0.0,0.0,1.0,Rotten,0.9985,0.0007,0.0008,0.9985,Rotten,0.9978,0.0004,0.0019,0.9978
D:\ML Project Freshness Detection\AgriFreshNET Freshness and Shelf-Life Image Datase\AgriFreshNET Freshness and Shelf-Life Image Datase\Processed Data\Processed Data\Rotten Bittermelon(5-8)\IMG_20251202_015841.jpg,Bittermelon,2,Rotten,Rotten,0.9318,0.003,0.0652,0.9318,Rotten,0.996,0.002,0.002,0.996,Rotten,0.9962,0.0023,0.0015,0.9962,Rotten,0.9801,0.0057,0.0142,0.9801,Rotten,0.9991,0.0004,0.0006,0.9991
D:\ML Project Freshness Detection\AgriFreshNET Freshness and Shelf-Life Image Datase\AgriFreshNET Freshness and Shelf-Life Image Datase\Processed Data\Processed Data\Semi fresh banana(4-7)\IMG_20260121_230303610_HDR.jpg,Banana,1,Semi-Fresh,Semi-Fresh,0.8299,0.1353,0.8299,0.0349,Semi-Fresh,0.9779,0.0053,0.9779,0.0168,Semi-Fresh,0.9963,0.0013,0.9963,0.0024,Semi-Fresh,0.9886,0.0015,0.9886,0.0099,Semi-Fresh,0.999,0.0002,0.999,0.0008
D:\ML Project Freshness Detection\AgriFreshNET Freshness and Shelf-Life Image Datase\AgriFreshNET Freshness and Shelf-Life Image Datase\Processed Data\Processed Data\Fresh pineapple(1-15)\aug_59_IMG_20251109_113107931_HDR_AE.jpg,Pineapple,0,Fresh,Fresh,0.8815,0.8815,0.1149,0.0036,Fresh,0.98,0.98,0.0194,0.0007,Fresh,0.9992,0.9992,0.0005,0.0002,Fresh,0.9985,0.9985,0.0014,0.0001,Fresh,0.9985,0.9985,0.0013,0.0002
D:\ML Project Freshness Detection\AgriFreshNET Freshness and Shelf-Life Image Datase\AgriFreshNET Freshness and Shelf-Life Image Datase\Processed Data\Processed Data\Semi fresh Orange(9-20)\IMG_20251122_113030288_HDR_AE.jpg,Orange,1,Semi-Fresh,Semi-Fresh,0.9507,0.0357,0.9507,0.0137,Semi-Fresh,0.9892,0.0078,0.9892,0.003,Semi-Fresh,0.9895,0.0093,0.9895,0.0012,Semi-Fresh,0.9989,0.0002,0.9989,0.0009,Semi-Fresh,0.9975,0.0015,0.9975,0.001
D:\ML Project Freshness Detection\AgriFreshNET Freshness and Shelf-Life Image Datase\AgriFreshNET Freshness and Shelf-Life Image Datase\Processed Data\Processed Data\Rotten Papaya(7-12)\IMG_20251202_021535.jpg,Papaya,2,Rotten,Rotten,0.9111,0.0041,0.0848,0.9111,Rotten,0.9895,0.0004,0.0101,0.9895,Rotten,0.9998,0.0,0.0002,0.9998,Rotten,0.9953,0.0011,0.0036,0.9953,Rotten,0.9997,0.0,0.0003,0.9997
D:\ML Project Freshness Detection\AgriFreshNET Freshness and Shelf-Life Image Datase\AgriFreshNET Freshness and Shelf-Life Image Datase\Processed Data\Processed Data\Fresh Tomato(1-10)\IMG_20251130_181418350_HDR.jpg,Tomato,0,Fresh,Fresh,0.8134,0.8134,0.1803,0.0063,Fresh,0.9803,0.9803,0.0168,0.0029,Fresh,0.9878,0.9878,0.0111,0.0011,Fresh,0.9955,0.9955,0.0038,0.0007,Fresh,0.9974,0.9974,0.0024,0.0002
D:\ML Project Freshness Detection\AgriFreshNET Freshness and Shelf-Life Image Datase\AgriFreshNET Freshness and Shelf-Life Image Datase\Processed Data\Processed Data\Semi_Fresh eggplant(4-8)\aug_114_IMG_20251110_094037391_HDR_AE.jpg,Eggplant,1,Semi-Fresh,Semi-Fresh,0.5201,0.3046,0.5201,0.1752,Semi-Fresh,0.8516,0.0658,0.8516,0.0827,Fresh,0.656,0.656,0.3299,0.0141,Semi-Fresh,0.9196,0.0579,0.9196,0.0225,Semi-Fresh,0.9064,0.0787,0.9064,0.0149
D:\ML Project Freshness Detection\AgriFreshNET Freshness and Shelf-Life Image Datase\AgriFreshNET Freshness and Shelf-Life Image Datase\Processed Data\Processed Data\Semi fresh banana(4-7)\aug_148_IMG_20251124_190821959_HDR.jpg,Banana,1,Semi-Fresh,Semi-Fresh,0.8574,0.0622,0.8574,0.0805,Semi-Fresh,0.9733,0.0012,0.9733,0.0255,Semi-Fresh,0.903,0.0112,0.903,0.0858,Semi-Fresh,0.8723,0.0101,0.8723,0.1176,Semi-Fresh,0.9949,0.0012,0.9949,0.0039
D:\ML Project Freshness Detection\AgriFreshNET Freshness and Shelf-Life Image Datase\AgriFreshNET Freshness and Shelf-Life Image Datase\Processed Data\Processed Data\Semi Fresh Papaya(4-7)\aug_137_IMG_20260125_005113.jpg,Papaya,1,Semi-Fresh,Semi-Fresh,0.8085,0.1191,0.8085,0.0723,Semi-Fresh,0.9941,0.0051,0.9941,0.0008,Semi-Fresh,0.9818,0.0048,0.9818,0.0134,Semi-Fresh,0.9966,0.002,0.9966,0.0014,Semi-Fresh,0.9989,0.0009,0.9989,0.0003
D:\ML Project Freshness Detection\AgriFreshNET Freshness and Shelf-Life Image Datase\AgriFreshNET Freshness and Shelf-Life Image Datase\Processed Data\Processed Data\Semi fresh banana(4-7)\aug_231_IMG_20251124_191138782_HDR.jpg,Banana,1,Semi-Fresh,Semi-Fresh,0.8647,0.0137,0.8647,0.1216,Semi-Fresh,0.5228,0.0002,0.5228,0.477,Semi-Fresh,0.9542,0.0006,0.9542,0.0453,Semi-Fresh,0.9406,0.005,0.9406,0.0543,Semi-Fresh,0.9977,0.0003,0.9977,0.002
D:\ML Project Freshness Detection\AgriFreshNET Freshness and Shelf-Life Image Datase\AgriFreshNET Freshness and Shelf-Life Image Datase\Processed Data\Processed Data\Semi fresh Tomato(10-24)\aug_237_IMG_20251124_191634590_HDR.jpg,Tomato,1,Semi-Fresh,Semi-Fresh,0.5977,0.0339,0.5977,0.3684,Semi-Fresh,0.7814,0.0007,0.7814,0.2179,Semi-Fresh,0.9676,0.0004,0.9676,0.032,Semi-Fresh,0.9715,0.0012,0.9715,0.0273,Semi-Fresh,0.9753,0.0011,0.9753,0.0236
D:\ML Project Freshness Detection\AgriFreshNET Freshness and Shelf-Life Image Datase\AgriFreshNET Freshness and Shelf-Life Image Datase\Processed Data\Processed Data\Fresh Papaya(1-4)\aug_83_IMG_20251025_122045.jpg,Papaya,0,Fresh,Fresh,0.9708,0.9708,0.0289,0.0003,Fresh,0.9908,0.9908,0.0089,0.0003,Fresh,0.9999,0.9999,0.0001,0.0,Fresh,0.9988,0.9988,0.0011,0.0001,Fresh,0.995,0.995,0.0042,0.0008
D:\ML Project Freshness Detection\AgriFreshNET Freshness and Shelf-Life Image Datase\AgriFreshNET Freshness and Shelf-Life Image Datase\Processed Data\Processed Data\Rotten Cucumber(12-20)\aug_121_IMG_20260123_013840.jpg,Cucumber,2,Rotten,Semi-Fresh,0.638,0.043,0.638,0.319,Rotten,0.8575,0.0043,0.1382,0.8575,Rotten,0.9174,0.0002,0.0824,0.9174,Rotten,0.9628,0.0051,0.032,0.9628,Rotten,0.9812,0.0004,0.0184,0.9812
D:\ML Project Freshness Detection\AgriFreshNET Freshness and Shelf-Life Image Datase\AgriFreshNET Freshness and Shelf-Life Image Datase\Processed Data\Processed Data\Fresh Orange(1-9)\aug_304_IMG-20251117-WA0001.jpg,Orange,0,Fresh,Fresh,0.989,0.989,0.0109,0.0,Fresh,0.9658,0.9658,0.0337,0.0005,Fresh,0.9931,0.9931,0.0068,0.0001,Fresh,0.8504,0.8504,0.1475,0.0021,Fresh,0.9664,0.9664,0.0323,0.0013
D:\ML Project Freshness Detection\AgriFreshNET Freshness and Shelf-Life Image Datase\AgriFreshNET Freshness and Shelf-Life Image Datase\Processed Data\Processed Data\Rotten Bittermelon(5-8)\aug_292_IMG_20260125_005651.jpg,Bittermelon,2,Rotten,Rotten,0.8903,0.0005,0.1091,0.8903,Rotten,0.9876,0.0002,0.0121,0.9876,Rotten,0.9987,0.0,0.0013,0.9987,Rotten,0.9985,0.0003,0.0012,0.9985,Rotten,0.999,0.0002,0.0008,0.999
D:\ML Project Freshness Detection\AgriFreshNET Freshness and Shelf-Life Image Datase\AgriFreshNET Freshness and Shelf-Life Image Datase\Processed Data\Processed Data\Fresh Banana(1-4)\aug_79_IMG_20251119_201407916_HDR.jpg,Banana,0,Fresh,Fresh,0.9706,0.9706,0.029,0.0004,Fresh,0.98,0.98,0.0183,0.0017,Fresh,0.9919,0.9919,0.0064,0.0017,Fresh,0.9958,0.9958,0.0035,0.0007,Fresh,0.9994,0.9994,0.0005,0.0001
D:\ML Project Freshness Detection\AgriFreshNET Freshness and Shelf-Life Image Datase\AgriFreshNET Freshness and Shelf-Life Image Datase\Processed Data\Processed Data\Fresh Papaya(1-4)\IMG_20260114_004658.jpg,Papaya,0,Fresh,Fresh,0.9484,0.9484,0.0494,0.0023,Fresh,0.9928,0.9928,0.0068,0.0003,Fresh,0.9994,0.9994,0.0005,0.0001,Fresh,0.9977,0.9977,0.0014,0.0008,Fresh,0.9951,0.9951,0.0042,0.0007
D:\ML Project Freshness Detection\AgriFreshNET Freshness and Shelf-Life Image Datase\AgriFreshNET Freshness and Shelf-Life Image Datase\Processed Data\Processed Data\Rotten Orange(20-35)\IMG-20251230-WA0039.jpg,Orange,2,Rotten,Rotten,0.9978,0.0003,0.0019,0.9978,Rotten,0.9962,0.0009,0.0029,0.9962,Rotten,0.9993,0.0001,0.0006,0.9993,Rotten,0.9892,0.0057,0.0052,0.9892,Rotten,0.9996,0.0001,0.0003,0.9996
D:\ML Project Freshness Detection\AgriFreshNET Freshness and Shelf-Life Image Datase\AgriFreshNET Freshness and Shelf-Life Image Datase\Processed Data\Processed Data\Fresh Cucumber(1-6)\aug_361_IMG_20251025_121720.jpg,Cucumber,0,Fresh,Fresh,0.7923,0.7923,0.2032,0.0045,Fresh,0.908,0.908,0.0909,0.001,Fresh,0.8446,0.8446,0.1542,0.0012,Fresh,0.9887,0.9887,0.0111,0.0001,Fresh,0.9971,0.9971,0.0026,0.0004
D:\ML Project Freshness Detection\AgriFreshNET Freshness and Shelf-Life Image Datase\AgriFreshNET Freshness and Shelf-Life Image Datase\Processed Data\Processed Data\Semi Fresh Bittermelon ( 3-5)\aug_340_IMG_20251123_013439.jpg,Bittermelon,1,Semi-Fresh,Semi-Fresh,0.9829,0.0062,0.9829,0.0109,Semi-Fresh,0.9384,0.0004,0.9384,0.0612,Semi-Fresh,0.9997,0.0,0.9997,0.0003,Semi-Fresh,0.9938,0.0004,0.9938,0.0058,Semi-Fresh,0.9994,0.0002,0.9994,0.0004
D:\ML Project Freshness Detection\AgriFreshNET Freshness and Shelf-Life Image Datase\AgriFreshNET Freshness and Shelf-Life Image Datase\Processed Data\Processed Data\Fresh Papaya(1-4)\aug_258_IMG_20260116_030702.jpg,Papaya,0,Fresh,Fresh,0.9307,0.9307,0.0293,0.04,Fresh,0.7794,0.7794,0.171,0.0496,Fresh,0.997,0.997,0.0021,0.0008,Fresh,0.992,0.992,0.0078,0.0002,Fresh,0.9864,0.9864,0.0125,0.001
D:\ML Project Freshness Detection\AgriFreshNET Freshness and Shelf-Life Image Datase\AgriFreshNET Freshness and Shelf-Life Image Datase\Processed Data\Processed Data\Fresh pineapple(1-15)\IMG_20251109_113132702_HDR_AE.jpg,Pineapple,0,Fresh,Fresh,0.8535,0.8535,0.1371,0.0094,Fresh,0.9399,0.9399,0.0578,0.0023,Fresh,0.9687,0.9687,0.0246,0.0067,Fresh,0.9532,0.9532,0.0463,0.0005,Fresh,0.9982,0.9982,0.0015,0.0003
D:\ML Project Freshness Detection\AgriFreshNET Freshness and Shelf-Life Image Datase\AgriFreshNET Freshness and Shelf-Life Image Datase\Processed Data\Processed Data\Rotten Pineapple(25-35)\IMG-20251215-WA0050.jpg,Pineapple,2,Rotten,Semi-Fresh,0.4568,0.1012,0.4568,0.442,Rotten,0.712,0.0439,0.2441,0.712,Rotten,0.8943,0.0048,0.1009,0.8943,Rotten,0.9615,0.0103,0.0282,0.9615,Rotten,0.9986,0.0004,0.001,0.9986
D:\ML Project Freshness Detection\AgriFreshNET Freshness and Shelf-Life Image Datase\AgriFreshNET Freshness and Shelf-Life Image Datase\Processed Data\Processed Data\Semi Fresh Cucumber(6-12)\aug_359_IMG_20260212_155603_1.jpg,Cucumber,1,Semi-Fresh,Semi-Fresh,0.9218,0.0727,0.9218,0.0055,Semi-Fresh,0.9992,0.0004,0.9992,0.0004,Semi-Fresh,0.9987,0.0008,0.9987,0.0005,Semi-Fresh,0.9995,0.0004,0.9995,0.0001,Semi-Fresh,0.9995,0.0004,0.9995,0.0001
D:\ML Project Freshness Detection\AgriFreshNET Freshness and Shelf-Life Image Datase\AgriFreshNET Freshness and Shelf-Life Image Datase\Processed Data\Processed Data\Fresh Bittermelon(1-3)\aug_148_IMG_20260114_005243.jpg,Bittermelon,0,Fresh,Fresh,0.9982,0.9982,0.0018,0.0,Fresh,0.9974,0.9974,0.0025,0.0002,Fresh,0.9993,0.9993,0.0004,0.0003,Fresh,0.9947,0.9947,0.002,0.0034,Fresh,0.9992,0.9992,0.0006,0.0002
D:\ML Project Freshness Detection\AgriFreshNET Freshness and Shelf-Life Image Datase\AgriFreshNET Freshness and Shelf-Life Image Datase\Processed Data\Processed Data\Fresh Cucumber(1-6)\IMG_20260116_030107.jpg,Cucumber,0,Fresh,Fresh,0.8956,0.8956,0.1042,0.0002,Fresh,0.9728,0.9728,0.0231,0.0041,Fresh,0.9056,0.9056,0.0932,0.0012,Fresh,0.9316,0.9316,0.0643,0.0041,Fresh,0.9708,0.9708,0.0279,0.0013
D:\ML Project Freshness Detection\AgriFreshNET Freshness and Shelf-Life Image Datase\AgriFreshNET Freshness and Shelf-Life Image Datase\Processed Data\Processed Data\Fresh Banana(1-4)\aug_366_IMG_20251102_080958420_HDR_AE.jpg,Banana,0,Fresh,Fresh,0.9888,0.9888,0.0103,0.0009,Fresh,0.9865,0.9865,0.0126,0.0009,Fresh,0.9907,0.9907,0.0042,0.0051,Fresh,0.9985,0.9985,0.001,0.0005,Fresh,0.9995,0.9995,0.0004,0.0002
D:\ML Project Freshness Detection\AgriFreshNET Freshness and Shelf-Life Image Datase\AgriFreshNET Freshness and Shelf-Life Image Datase\Processed Data\Processed Data\Semi_Fresh eggplant(4-8)\IMG_20251124_193121261_HDR.jpg,Eggplant,1,Semi-Fresh,Fresh,0.6081,0.6081,0.3889,0.003,Fresh,0.5367,0.5367,0.4556,0.0077,Semi-Fresh,0.6956,0.2974,0.6956,0.007,Semi-Fresh,0.9892,0.005,0.9892,0.0058,Semi-Fresh,0.9867,0.0106,0.9867,0.0027
D:\ML Project Freshness Detection\AgriFreshNET Freshness and Shelf-Life Image Datase\AgriFreshNET Freshness and Shelf-Life Image Datase\Processed Data\Processed Data\Rotten Bittermelon(5-8)\aug_280_IMG_20251202_020346.jpg,Bittermelon,2,Rotten,Rotten,0.9911,0.0001,0.0088,0.9911,Rotten,0.999,0.0001,0.0008,0.999,Rotten,0.9998,0.0,0.0002,0.9998,Rotten,0.9977,0.0008,0.0015,0.9977,Rotten,0.9993,0.0001,0.0006,0.9993
D:\ML Project Freshness Detection\AgriFreshNET Freshness and Shelf-Life Image Datase\AgriFreshNET Freshness and Shelf-Life Image Datase\Processed Data\Processed Data\Rotten Bittermelon(5-8)\IMG_20251124_022254.jpg,Bittermelon,2,Rotten,Rotten,0.6965,0.0079,0.2956,0.6965,Rotten,0.9974,0.0,0.0026,0.9974,Rotten,0.9947,0.0001,0.0052,0.9947,Rotten,0.9977,0.0008,0.0015,0.9977,Rotten,0.9979,0.0005,0.0016,0.9979
D:\ML Project Freshness Detection\AgriFreshNET Freshness and Shelf-Life Image Datase\AgriFreshNET Freshness and Shelf-Life Image Datase\Processed Data\Processed Data\Rotten banana(7-13)\aug_167_IMG_20251114_213909292_HDR.jpg,Banana,2,Rotten,Rotten,0.9927,0.0004,0.0069,0.9927,Rotten,0.9987,0.0,0.0012,0.9987,Rotten,0.9991,0.0001,0.0009,0.9991,Rotten,0.9968,0.0004,0.0028,0.9968,Rotten,0.9971,0.0013,0.0016,0.9971
D:\ML Project Freshness Detection\AgriFreshNET Freshness and Shelf-Life Image Datase\AgriFreshNET Freshness and Shelf-Life Image Datase\Processed Data\Processed Data\Fresh Papaya(1-4)\aug_79_IMG_20260116_030604.jpg,Papaya,0,Fresh,Fresh,0.9362,0.9362,0.0607,0.003,Fresh,0.9593,0.9593,0.0395,0.0012,Fresh,0.9986,0.9986,0.0013,0.0,Fresh,0.9943,0.9943,0.0056,0.0001,Fresh,0.9933,0.9933,0.0062,0.0005
D:\ML Project Freshness Detection\AgriFreshNET Freshness and Shelf-Life Image Datase\AgriFreshNET Freshness and Shelf-Life Image Datase\Processed Data\Processed Data\Rotten Papaya(7-12)\IMG_20260209_011152_1.jpg,Papaya,2,Rotten,Rotten,0.9987,0.0001,0.0012,0.9987,Rotten,1.0,0.0,0.0,1.0,Rotten,1.0,0.0,0.0,1.0,Rotten,0.9966,0.0025,0.0009,0.9966,Rotten,0.9994,0.0002,0.0004,0.9994
D:\ML Project Freshness Detection\AgriFreshNET Freshness and Shelf-Life Image Datase\AgriFreshNET Freshness and Shelf-Life Image Datase\Processed Data\Processed Data\Rotten Cucumber(12-20)\aug_230_IMG_20251123_012442.jpg,Cucumber,2,Rotten,Rotten,0.991,0.002,0.007,0.991,Rotten,0.9877,0.0017,0.0107,0.9877,Rotten,0.9998,0.0,0.0002,0.9998,Rotten,0.9975,0.0012,0.0013,0.9975,Rotten,0.9992,0.0002,0.0006,0.9992
D:\ML Project Freshness Detection\AgriFreshNET Freshness and Shelf-Life Image Datase\AgriFreshNET Freshness and Shelf-Life Image Datase\Processed Data\Processed Data\Fresh Tomato(1-10)\IMG_20251108_121630356_HDR_AE.jpg,Tomato,0,Fresh,Fresh,0.5693,0.5693,0.4285,0.0021,Fresh,0.9316,0.9316,0.0663,0.0021,Fresh,0.9305,0.9305,0.0682,0.0013,Fresh,0.9517,0.9517,0.0467,0.0016,Fresh,0.6661,0.6661,0.3291,0.0048
D:\ML Project Freshness Detection\AgriFreshNET Freshness and Shelf-Life Image Datase\AgriFreshNET Freshness and Shelf-Life Image Datase\Processed Data\Processed Data\Semi Fresh Papaya(4-7)\aug_426_IMG_20251124_021917.jpg,Papaya,1,Semi-Fresh,Fresh,0.4852,0.4852,0.4576,0.0572,Semi-Fresh,0.9399,0.0494,0.9399,0.0107,Semi-Fresh,0.9837,0.0121,0.9837,0.0042,Semi-Fresh,0.9811,0.0093,0.9811,0.0096,Semi-Fresh,0.9929,0.0054,0.9929,0.0017
D:\ML Project Freshness Detection\AgriFreshNET Freshness and Shelf-Life Image Datase\AgriFreshNET Freshness and Shelf-Life Image Datase\Processed Data\Processed Data\Rotten eggplant(8-15)\aug_349_IMG_20251127_191436476_HDR.jpg,Eggplant,2,Rotten,Rotten,0.9467,0.0075,0.0458,0.9467,Rotten,0.9887,0.0026,0.0087,0.9887,Rotten,0.9602,0.005,0.0349,0.9602,Rotten,0.9974,0.0012,0.0014,0.9974,Rotten,0.9947,0.0001,0.0051,0.9947
D:\ML Project Freshness Detection\AgriFreshNET Freshness and Shelf-Life Image Datase\AgriFreshNET Freshness and Shelf-Life Image Datase\Processed Data\Processed Data\Fresh Orange(1-9)\aug_133_IMG_20251102_080250268_HDR_AE.jpg,Orange,0,Fresh,Fresh,0.6208,0.6208,0.3262,0.0529,Fresh,0.9526,0.9526,0.0471,0.0003,Fresh,0.9641,0.9641,0.0353,0.0006,Semi-Fresh,0.5118,0.479,0.5118,0.0093,Fresh,0.9983,0.9983,0.0016,0.0001
D:\ML Project Freshness Detection\AgriFreshNET Freshness and Shelf-Life Image Datase\AgriFreshNET Freshness and Shelf-Life Image Datase\Processed Data\Processed Data\Fresh Cucumber(1-6)\aug_231_IMG_20251031_164917.jpg,Cucumber,0,Fresh,Fresh,0.6497,0.6497,0.348,0.0023,Fresh,0.9276,0.9276,0.0684,0.0039,Fresh,0.9806,0.9806,0.0191,0.0003,Fresh,0.9859,0.9859,0.0132,0.0009,Fresh,0.9846,0.9846,0.0141,0.0013
D:\ML Project Freshness Detection\AgriFreshNET Freshness and Shelf-Life Image Datase\AgriFreshNET Freshness and Shelf-Life Image Datase\Processed Data\Processed Data\Fresh eggplant(1-4)\aug_39_IMG_20251123_221922891_HDR.jpg,Eggplant,0,Fresh,Fresh,0.8588,0.8588,0.1406,0.0005,Fresh,0.9637,0.9637,0.0362,0.0001,Fresh,0.9257,0.9257,0.0738,0.0005,Fresh,0.9326,0.9326,0.063,0.0044,Fresh,0.9315,0.9315,0.066,0.0025
D:\ML Project Freshness Detection\AgriFreshNET Freshness and Shelf-Life Image Datase\AgriFreshNET Freshness and Shelf-Life Image Datase\Processed Data\Processed Data\Fresh Bittermelon(1-3)\aug_377_IMG_20260116_030256.jpg,Bittermelon,0,Fresh,Fresh,0.9786,0.9786,0.0206,0.0008,Fresh,0.9823,0.9823,0.0173,0.0004,Fresh,0.9842,0.9842,0.0156,0.0003,Fresh,0.995,0.995,0.003,0.002,Fresh,0.9995,0.9995,0.0004,0.0
D:\ML Project Freshness Detection\AgriFreshNET Freshness and Shelf-Life Image Datase\AgriFreshNET Freshness and Shelf-Life Image Datase\Processed Data\Processed Data\Fresh Cucumber(1-6)\aug_427_IMG_20260204_152018.jpg,Cucumber,0,Fresh,Fresh,0.984,0.984,0.0158,0.0001,Fresh,0.991,0.991,0.0086,0.0004,Fresh,0.999,0.999,0.0004,0.0006,Fresh,0.9967,0.9967,0.0026,0.0007,Fresh,0.9976,0.9976,0.0016,0.0008
D:\ML Project Freshness Detection\AgriFreshNET Freshness and Shelf-Life Image Datase\AgriFreshNET Freshness and Shelf-Life Image Datase\Processed Data\Processed Data\Fresh Bittermelon(1-3)\aug_138_IMG_20251117_155850.jpg,Bittermelon,0,Fresh,Fresh,0.9847,0.9847,0.0151,0.0002,Fresh,0.9895,0.9895,0.01,0.0005,Fresh,0.9995,0.9995,0.0004,0.0001,Fresh,0.9961,0.9961,0.003,0.0008,Fresh,0.9996,0.9996,0.0002,0.0001
D:\ML Project Freshness Detection\AgriFreshNET Freshness and Shelf-Life Image Datase\AgriFreshNET Freshness and Shelf-Life Image Datase\Processed Data\Processed Data\Semi Fresh Papaya(4-7)\aug_162_IMG_20251031_164008.jpg,Papaya,1,Semi-Fresh,Semi-Fresh,0.7967,0.2015,0.7967,0.0017,Semi-Fresh,0.9805,0.0167,0.9805,0.0027,Semi-Fresh,0.9979,0.0017,0.9979,0.0004,Semi-Fresh,0.9987,0.0011,0.9987,0.0001,Semi-Fresh,0.9596,0.038,0.9596,0.0024
D:\ML Project Freshness Detection\AgriFreshNET Freshness and Shelf-Life Image Datase\AgriFreshNET Freshness and Shelf-Life Image Datase\Processed Data\Processed Data\Fresh Tomato(1-10)\IMG_20260120_095645258_HDR_AE.jpg,Tomato,0,Fresh,Fresh,0.6933,0.6933,0.1953,0.1113,Rotten,0.4306,0.1885,0.3809,0.4306,Fresh,0.7549,0.7549,0.1202,0.125,Fresh,0.7471,0.7471,0.2065,0.0464,Semi-Fresh,0.5773,0.3108,0.5773,0.1119
D:\ML Project Freshness Detection\AgriFreshNET Freshness and Shelf-Life Image Datase\AgriFreshNET Freshness and Shelf-Life Image Datase\Processed Data\Processed Data\Rotten eggplant(8-15)\aug_431_IMG_20251120_204402628_HDR.jpg,Eggplant,2,Rotten,Rotten,0.9634,0.0163,0.0203,0.9634,Rotten,0.9965,0.001,0.0026,0.9965,Rotten,1.0,0.0,0.0,1.0,Rotten,0.9995,0.0002,0.0003,0.9995,Rotten,0.9997,0.0001,0.0002,0.9997
D:\ML Project Freshness Detection\AgriFreshNET Freshness and Shelf-Life Image Datase\AgriFreshNET Freshness and Shelf-Life Image Datase\Processed Data\Processed Data\Semi fresh banana(4-7)\IMG_20251122_112506867_HDR_AE.jpg,Banana,1,Semi-Fresh,Semi-Fresh,0.5571,0.297,0.5571,0.1459,Semi-Fresh,0.8048,0.1902,0.8048,0.0051,Semi-Fresh,0.9235,0.072,0.9235,0.0044,Semi-Fresh,0.9045,0.0948,0.9045,0.0007,Fresh,0.8574,0.8574,0.1404,0.0023
D:\ML Project Freshness Detection\AgriFreshNET Freshness and Shelf-Life Image Datase\AgriFreshNET Freshness and Shelf-Life Image Datase\Processed Data\Processed Data\Fresh Banana(1-4)\IMG_20251103_192513053_HDR.jpg,Banana,0,Fresh,Fresh,0.9458,0.9458,0.0532,0.001,Fresh,0.9344,0.9344,0.0644,0.0012,Fresh,0.9978,0.9978,0.0021,0.0001,Fresh,0.974,0.974,0.0216,0.0044,Fresh,0.9938,0.9938,0.006,0.0002
D:\ML Project Freshness Detection\AgriFreshNET Freshness and Shelf-Life Image Datase\AgriFreshNET Freshness and Shelf-Life Image Datase\Processed Data\Processed Data\Semi fresh Orange(9-20)\aug_19_IMG-20251124-WA0005.jpg,Orange,1,Semi-Fresh,Semi-Fresh,0.9188,0.0662,0.9188,0.015,Semi-Fresh,0.9868,0.0126,0.9868,0.0006,Semi-Fresh,0.9616,0.0374,0.9616,0.001,Semi-Fresh,0.9973,0.0019,0.9973,0.0008,Semi-Fresh,0.9908,0.0087,0.9908,0.0005
D:\ML Project Freshness Detection\AgriFreshNET Freshness and Shelf-Life Image Datase\AgriFreshNET Freshness and Shelf-Life Image Datase\Processed Data\Processed Data\Rotten Orange(20-35)\aug_235_IMG-20260128-WA0002.jpg,Orange,2,Rotten,Rotten,0.9962,0.0001,0.0037,0.9962,Rotten,0.998,0.0002,0.0018,0.998,Rotten,0.9993,0.0,0.0006,0.9993,Rotten,0.9985,0.0007,0.0008,0.9985,Rotten,0.9982,0.0003,0.0014,0.9982
D:\ML Project Freshness Detection\AgriFreshNET Freshness and Shelf-Life Image Datase\AgriFreshNET Freshness and Shelf-Life Image Datase\Processed Data\Processed Data\Fresh Papaya(1-4)\aug_217_IMG_20260116_030529.jpg,Papaya,0,Fresh,Fresh,0.7084,0.7084,0.2901,0.0016,Fresh,0.941,0.941,0.0588,0.0003,Fresh,0.9732,0.9732,0.0263,0.0005,Fresh,0.9869,0.9869,0.0129,0.0002,Fresh,0.7684,0.7684,0.2285,0.0032
D:\ML Project Freshness Detection\AgriFreshNET Freshness and Shelf-Life Image Datase\AgriFreshNET Freshness and Shelf-Life Image Datase\Processed Data\Processed Data\Rotten Bittermelon(5-8)\aug_203_IMG_20260122_003342.jpg,Bittermelon,2,Rotten,Rotten,0.9956,0.0001,0.0043,0.9956,Rotten,0.9972,0.0006,0.0022,0.9972,Rotten,0.988,0.0002,0.0119,0.988,Rotten,0.9925,0.0007,0.0068,0.9925,Rotten,0.9979,0.0003,0.0018,0.9979
D:\ML Project Freshness Detection\AgriFreshNET Freshness and Shelf-Life Image Datase\AgriFreshNET Freshness and Shelf-Life Image Datase\Processed Data\Processed Data\Semi Fresh Cucumber(6-12)\aug_333_IMG_20260212_155603_1.jpg,Cucumber,1,Semi-Fresh,Semi-Fresh,0.9163,0.0636,0.9163,0.0201,Semi-Fresh,0.9987,0.0003,0.9987,0.001,Semi-Fresh,0.9989,0.0006,0.9989,0.0006,Semi-Fresh,0.999,0.0005,0.999,0.0005,Semi-Fresh,0.9992,0.0005,0.9992,0.0003
D:\ML Project Freshness Detection\AgriFreshNET Freshness and Shelf-Life Image Datase\AgriFreshNET Freshness and Shelf-Life Image Datase\Processed Data\Processed Data\Rotten Bittermelon(5-8)\aug_354_IMG_20260125_005814.jpg,Bittermelon,2,Rotten,Rotten,0.9951,0.0,0.0049,0.9951,Rotten,0.9999,0.0,0.0001,0.9999,Rotten,0.9993,0.0001,0.0006,0.9993,Rotten,0.9831,0.0013,0.0156,0.9831,Rotten,0.9916,0.0001,0.0084,0.9916
D:\ML Project Freshness Detection\AgriFreshNET Freshness and Shelf-Life Image Datase\AgriFreshNET Freshness and Shelf-Life Image Datase\Processed Data\Processed Data\Semi fresh banana(4-7)\aug_373_IMG_20260122_215741924_HDR.jpg,Banana,1,Semi-Fresh,Semi-Fresh,0.7734,0.009,0.7734,0.2176,Semi-Fresh,0.826,0.0045,0.826,0.1694,Semi-Fresh,0.9762,0.0005,0.9762,0.0233,Semi-Fresh,0.9815,0.0043,0.9815,0.0142,Semi-Fresh,0.9988,0.0003,0.9988,0.0008
D:\ML Project Freshness Detection\AgriFreshNET Freshness and Shelf-Life Image Datase\AgriFreshNET Freshness and Shelf-Life Image Datase\Processed Data\Processed Data\Fresh eggplant(1-4)\IMG_20251125_210929043_HDR.jpg,Eggplant,0,Fresh,Fresh,0.568,0.568,0.4301,0.0018,Fresh,0.762,0.762,0.2362,0.0018,Fresh,0.9851,0.9851,0.0146,0.0003,Fresh,0.9898,0.9898,0.0086,0.0016,Fresh,0.9756,0.9756,0.0228,0.0015
D:\ML Project Freshness Detection\AgriFreshNET Freshness and Shelf-Life Image Datase\AgriFreshNET Freshness and Shelf-Life Image Datase\Processed Data\Processed Data\Semi Fresh Papaya(4-7)\aug_185_IMG_20251124_022549.jpg,Papaya,1,Semi-Fresh,Semi-Fresh,0.8363,0.1478,0.8363,0.016,Semi-Fresh,0.9812,0.0172,0.9812,0.0016,Semi-Fresh,0.979,0.0186,0.979,0.0024,Semi-Fresh,0.9831,0.0158,0.9831,0.0011,Semi-Fresh,0.9801,0.0188,0.9801,0.0011
D:\ML Project Freshness Detection\AgriFreshNET Freshness and Shelf-Life Image Datase\AgriFreshNET Freshness and Shelf-Life Image Datase\Processed Data\Processed Data\Semi_Fresh eggplant(4-8)\aug_335_IMG_20251125_212256845_HDR.jpg,Eggplant,1,Semi-Fresh,Semi-Fresh,0.8233,0.1695,0.8233,0.0072,Semi-Fresh,0.5612,0.1382,0.5612,0.3007,Semi-Fresh,0.8109,0.1554,0.8109,0.0337,Semi-Fresh,0.8505,0.0908,0.8505,0.0586,Semi-Fresh,0.975,0.0049,0.975,0.0201
D:\ML Project Freshness Detection\AgriFreshNET Freshness and Shelf-Life Image Datase\AgriFreshNET Freshness and Shelf-Life Image Datase\Processed Data\Processed Data\Fresh Cucumber(1-6)\aug_319_IMG_20260116_030145.jpg,Cucumber,0,Fresh,Fresh,0.977,0.977,0.0227,0.0003,Fresh,0.9937,0.9937,0.005,0.0013,Fresh,0.9928,0.9928,0.0069,0.0002,Fresh,0.9715,0.9715,0.0233,0.0052,Fresh,0.9946,0.9946,0.0049,0.0005
D:\ML Project Freshness Detection\AgriFreshNET Freshness and Shelf-Life Image Datase\AgriFreshNET Freshness and Shelf-Life Image Datase\Processed Data\Processed Data\Semi fresh Pineapple (15-25)\aug_286_IMG_20251123_223238994_HDR.jpg,Pineapple,1,Semi-Fresh,Semi-Fresh,0.9195,0.0366,0.9195,0.0439,Semi-Fresh,0.9793,0.0177,0.9793,0.003,Semi-Fresh,0.9954,0.003,0.9954,0.0016,Semi-Fresh,0.9995,0.0001,0.9995,0.0003,Semi-Fresh,0.9659,0.0289,0.9659,0.0052
D:\ML Project Freshness Detection\AgriFreshNET Freshness and Shelf-Life Image Datase\AgriFreshNET Freshness and Shelf-Life Image Datase\Processed Data\Processed Data\Rotten Orange(20-35)\IMG-20251113-WA0029.jpg,Orange,2,Rotten,Rotten,0.8344,0.1124,0.0533,0.8344,Rotten,0.9869,0.0081,0.0049,0.9869,Rotten,0.965,0.0244,0.0106,0.965,Rotten,0.9901,0.0079,0.0021,0.9901,Rotten,0.961,0.0238,0.0152,0.961
D:\ML Project Freshness Detection\AgriFreshNET Freshness and Shelf-Life Image Datase\AgriFreshNET Freshness and Shelf-Life Image Datase\Processed Data\Processed Data\Fresh Bittermelon(1-3)\IMG_20251027_171110.jpg,Bittermelon,0,Fresh,Fresh,0.996,0.996,0.004,0.0001,Fresh,0.9845,0.9845,0.0125,0.0031,Fresh,0.9994,0.9994,0.0004,0.0001,Fresh,0.9955,0.9955,0.0036,0.0009,Fresh,0.9993,0.9993,0.0005,0.0001
D:\ML Project Freshness Detection\AgriFreshNET Freshness and Shelf-Life Image Datase\AgriFreshNET Freshness and Shelf-Life Image Datase\Processed Data\Processed Data\Fresh eggplant(1-4)\IMG_20251122_205605214_HDR.jpg,Eggplant,0,Fresh,Fresh,0.7021,0.7021,0.2976,0.0003,Fresh,0.9171,0.9171,0.082,0.0009,Fresh,0.9537,0.9537,0.0447,0.0016,Fresh,0.6432,0.6432,0.3532,0.0035,Fresh,0.5617,0.5617,0.4314,0.0068
D:\ML Project Freshness Detection\AgriFreshNET Freshness and Shelf-Life Image Datase\AgriFreshNET Freshness and Shelf-Life Image Datase\Processed Data\Processed Data\Fresh Bittermelon(1-3)\aug_359_IMG_20260114_005255.jpg,Bittermelon,0,Fresh,Fresh,0.9962,0.9962,0.0037,0.0001,Fresh,0.9986,0.9986,0.0013,0.0001,Fresh,0.9992,0.9992,0.0005,0.0003,Fresh,0.9989,0.9989,0.0007,0.0004,Fresh,0.9995,0.9995,0.0003,0.0002
D:\ML Project Freshness Detection\AgriFreshNET Freshness and Shelf-Life Image Datase\AgriFreshNET Freshness and Shelf-Life Image Datase\Processed Data\Processed Data\Semi Fresh Bittermelon ( 3-5)\aug_143_IMG_20260122_003121.jpg,Bittermelon,1,Semi-Fresh,Semi-Fresh,0.7135,0.2853,0.7135,0.0012,Semi-Fresh,0.8796,0.0881,0.8796,0.0323,Semi-Fresh,0.9894,0.0086,0.9894,0.002,Semi-Fresh,0.9963,0.0033,0.9963,0.0003,Semi-Fresh,0.9971,0.0006,0.9971,0.0023
D:\ML Project Freshness Detection\AgriFreshNET Freshness and Shelf-Life Image Datase\AgriFreshNET Freshness and Shelf-Life Image Datase\Processed Data\Processed Data\Fresh Banana(1-4)\IMG_20251104_131700306_HDR_AE.jpg,Banana,0,Fresh,Semi-Fresh,0.5445,0.4416,0.5445,0.0139,Semi-Fresh,0.5927,0.4055,0.5927,0.0018,Fresh,0.8468,0.8468,0.1529,0.0003,Fresh,0.8978,0.8978,0.0995,0.0028,Fresh,0.9963,0.9963,0.0036,0.0001
D:\ML Project Freshness Detection\AgriFreshNET Freshness and Shelf-Life Image Datase\AgriFreshNET Freshness and Shelf-Life Image Datase\Processed Data\Processed Data\Semi_Fresh eggplant(4-8)\aug_287_IMG_20251124_192804292_HDR.jpg,Eggplant,1,Semi-Fresh,Fresh,0.6639,0.6639,0.336,0.0001,Semi-Fresh,0.9425,0.0522,0.9425,0.0053,Semi-Fresh,0.9299,0.0694,0.9299,0.0007,Semi-Fresh,0.9645,0.0342,0.9645,0.0013,Semi-Fresh,0.994,0.0055,0.994,0.0005
D:\ML Project Freshness Detection\AgriFreshNET Freshness and Shelf-Life Image Datase\AgriFreshNET Freshness and Shelf-Life Image Datase\Processed Data\Processed Data\Rotten Pineapple(25-35)\aug_336_IMG-20251230-WA0020.jpg,Pineapple,2,Rotten,Rotten,0.9195,0.0161,0.0644,0.9195,Rotten,0.9962,0.0014,0.0024,0.9962,Rotten,0.9887,0.0013,0.01,0.9887,Rotten,0.9986,0.0006,0.0008,0.9986,Rotten,0.9997,0.0,0.0002,0.9997
D:\ML Project Freshness Detection\AgriFreshNET Freshness and Shelf-Life Image Datase\AgriFreshNET Freshness and Shelf-Life Image Datase\Processed Data\Processed Data\Semi Fresh Papaya(4-7)\aug_487_IMG_20251031_164008.jpg,Papaya,1,Semi-Fresh,Semi-Fresh,0.7617,0.2376,0.7617,0.0007,Semi-Fresh,0.9747,0.0189,0.9747,0.0064,Semi-Fresh,0.9981,0.0012,0.9981,0.0007,Semi-Fresh,0.9983,0.0015,0.9983,0.0002,Semi-Fresh,0.9636,0.0345,0.9636,0.0019
D:\ML Project Freshness Detection\AgriFreshNET Freshness and Shelf-Life Image Datase\AgriFreshNET Freshness and Shelf-Life Image Datase\Processed Data\Processed Data\Fresh Bittermelon(1-3)\aug_372_IMG_20251027_171030.jpg,Bittermelon,0,Fresh,Fresh,0.9974,0.9974,0.0026,0.0,Fresh,0.9926,0.9926,0.0069,0.0005,Fresh,0.9986,0.9986,0.0014,0.0001,Fresh,0.9878,0.9878,0.0105,0.0017,Fresh,0.9987,0.9987,0.0009,0.0004
D:\ML Project Freshness Detection\AgriFreshNET Freshness and Shelf-Life Image Datase\AgriFreshNET Freshness and Shelf-Life Image Datase\Processed Data\Processed Data\Rotten Pineapple(25-35)\aug_180_IMG_20251130_182554965_HDR.jpg,Pineapple,2,Rotten,Rotten,0.6244,0.0231,0.3525,0.6244,Rotten,0.9143,0.0059,0.0798,0.9143,Rotten,0.5971,0.0006,0.4023,0.5971,Rotten,0.9491,0.0024,0.0486,0.9491,Rotten,0.9983,0.0002,0.0015,0.9983
D:\ML Project Freshness Detection\AgriFreshNET Freshness and Shelf-Life Image Datase\AgriFreshNET Freshness and Shelf-Life Image Datase\Processed Data\Processed Data\Semi fresh Orange(9-20)\aug_48_IMG_20251122_112953852_HDR_AE.jpg,Orange,1,Semi-Fresh,Semi-Fresh,0.9098,0.0872,0.9098,0.0031,Semi-Fresh,0.997,0.0012,0.997,0.0018,Semi-Fresh,0.9811,0.0189,0.9811,0.0,Semi-Fresh,0.9993,0.0004,0.9993,0.0004,Semi-Fresh,0.9979,0.002,0.9979,0.0001
D:\ML Project Freshness Detection\AgriFreshNET Freshness and Shelf-Life Image Datase\AgriFreshNET Freshness and Shelf-Life Image Datase\Processed Data\Processed Data\Fresh Cucumber(1-6)\aug_217_IMG_20251029_095858.jpg,Cucumber,0,Fresh,Fresh,0.7195,0.7195,0.2778,0.0027,Fresh,0.8753,0.8753,0.1217,0.003,Fresh,0.9032,0.9032,0.0951,0.0016,Fresh,0.9748,0.9748,0.0238,0.0014,Fresh,0.9946,0.9946,0.0045,0.0009
D:\ML Project Freshness Detection\AgriFreshNET Freshness and Shelf-Life Image Datase\AgriFreshNET Freshness and Shelf-Life Image Datase\Processed Data\Processed Data\Fresh Papaya(1-4)\IMG_20260116_030529.jpg,Papaya,0,Fresh,Fresh,0.7216,0.7216,0.2767,0.0017,Fresh,0.9694,0.9694,0.0304,0.0002,Fresh,0.9563,0.9563,0.0431,0.0007,Fresh,0.975,0.975,0.0246,0.0004,Fresh,0.7343,0.7343,0.2626,0.0031
D:\ML Project Freshness Detection\AgriFreshNET Freshness and Shelf-Life Image Datase\AgriFreshNET Freshness and Shelf-Life Image Datase\Processed Data\Processed Data\Fresh Bittermelon(1-3)\IMG_20251118_160800.jpg,Bittermelon,0,Fresh,Fresh,0.9521,0.9521,0.0473,0.0007,Fresh,0.9962,0.9962,0.0034,0.0004,Fresh,0.9947,0.9947,0.0052,0.0002,Fresh,0.997,0.997,0.0029,0.0001,Fresh,0.9996,0.9996,0.0003,0.0001
D:\ML Project Freshness Detection\AgriFreshNET Freshness and Shelf-Life Image Datase\AgriFreshNET Freshness and Shelf-Life Image Datase\Processed Data\Processed Data\Rotten Cucumber(12-20)\aug_510_IMG_20251124_021825.jpg,Cucumber,2,Rotten,Rotten,0.997,0.0012,0.0017,0.997,Rotten,0.9968,0.0002,0.0031,0.9968,Rotten,1.0,0.0,0.0,1.0,Rotten,0.9958,0.0021,0.0021,0.9958,Rotten,0.9957,0.001,0.0033,0.9957
D:\ML Project Freshness Detection\AgriFreshNET Freshness and Shelf-Life Image Datase\AgriFreshNET Freshness and Shelf-Life Image Datase\Processed Data\Processed Data\Rotten Cucumber(12-20)\aug_20_IMG_20251121_080719.jpg,Cucumber,2,Rotten,Rotten,0.8674,0.0401,0.0925,0.8674,Rotten,0.9642,0.0013,0.0344,0.9642,Rotten,0.9814,0.0,0.0186,0.9814,Rotten,0.996,0.0011,0.0029,0.996,Rotten,0.9916,0.0004,0.008,0.9916
D:\ML Project Freshness Detection\AgriFreshNET Freshness and Shelf-Life Image Datase\AgriFreshNET Freshness and Shelf-Life Image Datase\Processed Data\Processed Data\Fresh eggplant(1-4)\IMG_20251122_205632444_HDR.jpg,Eggplant,0,Fresh,Fresh,0.6364,0.6364,0.3617,0.0019,Semi-Fresh,0.6043,0.388,0.6043,0.0077,Fresh,0.7536,0.7536,0.2392,0.0072,Semi-Fresh,0.8317,0.1629,0.8317,0.0054,Semi-Fresh,0.7759,0.2214,0.7759,0.0027
D:\ML Project Freshness Detection\AgriFreshNET Freshness and Shelf-Life Image Datase\AgriFreshNET Freshness and Shelf-Life Image Datase\Processed Data\Processed Data\Fresh Papaya(1-4)\aug_303_IMG_20260114_004902.jpg,Papaya,0,Fresh,Fresh,0.9902,0.9902,0.0096,0.0001,Fresh,0.9587,0.9587,0.0394,0.0019,Fresh,0.9689,0.9689,0.0304,0.0006,Fresh,0.8918,0.8918,0.1052,0.003,Fresh,0.9739,0.9739,0.025,0.0011
D:\ML Project Freshness Detection\AgriFreshNET Freshness and Shelf-Life Image Datase\AgriFreshNET Freshness and Shelf-Life Image Datase\Processed Data\Processed Data\Semi Fresh Cucumber(6-12)\aug_85_IMG_20260120_005047.jpg,Cucumber,1,Semi-Fresh,Semi-Fresh,0.888,0.0952,0.888,0.0169,Semi-Fresh,0.9897,0.0074,0.9897,0.0029,Semi-Fresh,0.9751,0.0191,0.9751,0.0058,Semi-Fresh,0.9751,0.004,0.9751,0.0209,Semi-Fresh,0.9995,0.0003,0.9995,0.0002
D:\ML Project Freshness Detection\AgriFreshNET Freshness and Shelf-Life Image Datase\AgriFreshNET Freshness and Shelf-Life Image Datase\Processed Data\Processed Data\Rotten Bittermelon(5-8)\IMG_20251123_013301.jpg,Bittermelon,2,Rotten,Rotten,0.6238,0.0025,0.3738,0.6238,Rotten,0.6627,0.0009,0.3364,0.6627,Rotten,0.797,0.0,0.203,0.797,Rotten,0.9854,0.0024,0.0122,0.9854,Rotten,0.9753,0.0004,0.0243,0.9753
D:\ML Project Freshness Detection\AgriFreshNET Freshness and Shelf-Life Image Datase\AgriFreshNET Freshness and Shelf-Life Image Datase\Processed Data\Processed Data\Fresh Cucumber(1-6)\aug_202_IMG_20251029_095851.jpg,Cucumber,0,Fresh,Semi-Fresh,0.5634,0.4274,0.5634,0.0092,Fresh,0.8982,0.8982,0.1002,0.0016,Fresh,0.9615,0.9615,0.0377,0.0007,Fresh,0.9893,0.9893,0.009,0.0017,Fresh,0.9954,0.9954,0.0042,0.0004
D:\ML Project Freshness Detection\AgriFreshNET Freshness and Shelf-Life Image Datase\AgriFreshNET Freshness and Shelf-Life Image Datase\Processed Data\Processed Data\Semi fresh banana(4-7)\aug_165_IMG_20251123_110136469_HDR_AE.jpg,Banana,1,Semi-Fresh,Semi-Fresh,0.9159,0.0103,0.9159,0.0738,Semi-Fresh,0.9639,0.0041,0.9639,0.032,Semi-Fresh,0.9916,0.0065,0.9916,0.0019,Semi-Fresh,0.9798,0.0142,0.9798,0.006,Semi-Fresh,0.9991,0.0006,0.9991,0.0003
D:\ML Project Freshness Detection\AgriFreshNET Freshness and Shelf-Life Image Datase\AgriFreshNET Freshness and Shelf-Life Image Datase\Processed Data\Processed Data\Fresh Bittermelon(1-3)\aug_332_IMG_20251031_164140.jpg,Bittermelon,0,Fresh,Fresh,0.9826,0.9826,0.0173,0.0,Fresh,0.9816,0.9816,0.0179,0.0005,Fresh,0.9919,0.9919,0.0081,0.0001,Fresh,0.8852,0.8852,0.1084,0.0065,Fresh,0.9914,0.9914,0.0083,0.0003
D:\ML Project Freshness Detection\AgriFreshNET Freshness and Shelf-Life Image Datase\AgriFreshNET Freshness and Shelf-Life Image Datase\Processed Data\Processed Data\Semi fresh Pineapple (15-25)\aug_421_IMG_20251121_144734349_HDR_AE.jpg,Pineapple,1,Semi-Fresh,Fresh,0.5622,0.5622,0.4349,0.0029,Semi-Fresh,0.9147,0.0748,0.9147,0.0105,Semi-Fresh,0.7936,0.2061,0.7936,0.0002,Semi-Fresh,0.6448,0.3535,0.6448,0.0017,Semi-Fresh,0.9938,0.0023,0.9938,0.0038
D:\ML Project Freshness Detection\AgriFreshNET Freshness and Shelf-Life Image Datase\AgriFreshNET Freshness and Shelf-Life Image Datase\Processed Data\Processed Data\Fresh Tomato(1-10)\IMG_20251130_181412034_HDR.jpg,Tomato,0,Fresh,Fresh,0.9215,0.9215,0.0744,0.0041,Fresh,0.9894,0.9894,0.0085,0.0021,Fresh,0.9966,0.9966,0.0031,0.0003,Fresh,0.9989,0.9989,0.0009,0.0002,Fresh,0.9995,0.9995,0.0004,0.0001
D:\ML Project Freshness Detection\AgriFreshNET Freshness and Shelf-Life Image Datase\AgriFreshNET Freshness and Shelf-Life Image Datase\Processed Data\Processed Data\Rotten Pineapple(25-35)\aug_46_IMG-20260128-WA0068.jpg,Pineapple,2,Rotten,Rotten,0.9961,0.0001,0.0039,0.9961,Rotten,0.9991,0.0005,0.0005,0.9991,Rotten,0.9895,0.0008,0.0097,0.9895,Rotten,0.9969,0.0012,0.0018,0.9969,Rotten,0.9996,0.0,0.0004,0.9996
D:\ML Project Freshness Detection\AgriFreshNET Freshness and Shelf-Life Image Datase\AgriFreshNET Freshness and Shelf-Life Image Datase\Processed Data\Processed Data\Semi fresh Pineapple (15-25)\aug_292_IMG-20251205-WA0018.jpg,Pineapple,1,Semi-Fresh,Semi-Fresh,0.7513,0.2447,0.7513,0.0039,Semi-Fresh,0.9708,0.0228,0.9708,0.0064,Semi-Fresh,0.9852,0.0148,0.9852,0.0,Semi-Fresh,0.986,0.0125,0.986,0.0015,Semi-Fresh,0.9914,0.0038,0.9914,0.0049
D:\ML Project Freshness Detection\AgriFreshNET Freshness and Shelf-Life Image Datase\AgriFreshNET Freshness and Shelf-Life Image Datase\Processed Data\Processed Data\Rotten Bittermelon(5-8)\IMG_20260125_005804.jpg,Bittermelon,2,Rotten,Rotten,0.9885,0.0001,0.0115,0.9885,Rotten,0.9984,0.0001,0.0015,0.9984,Rotten,0.9993,0.0002,0.0005,0.9993,Rotten,0.9958,0.0007,0.0035,0.9958,Rotten,0.9939,0.0002,0.0059,0.9939
D:\ML Project Freshness Detection\AgriFreshNET Freshness and Shelf-Life Image Datase\AgriFreshNET Freshness and Shelf-Life Image Datase\Processed Data\Processed Data\Rotten Tomato(24-35)\aug_261_IMG-20260207-WA0021.jpg,Tomato,2,Rotten,Rotten,0.9991,0.0001,0.0008,0.9991,Rotten,0.9983,0.0004,0.0012,0.9983,Rotten,1.0,0.0,0.0,1.0,Rotten,0.9994,0.0001,0.0004,0.9994,Rotten,0.9998,0.0001,0.0002,0.9998
D:\ML Project Freshness Detection\AgriFreshNET Freshness and Shelf-Life Image Datase\AgriFreshNET Freshness and Shelf-Life Image Datase\Processed Data\Processed Data\Fresh pineapple(1-15)\aug_220_IMG-20251125-WA0006.jpg,Pineapple,0,Fresh,Fresh,0.9613,0.9613,0.038,0.0007,Fresh,0.9889,0.9889,0.0108,0.0003,Fresh,0.9986,0.9986,0.0011,0.0003,Fresh,0.9982,0.9982,0.0018,0.0001,Fresh,0.9994,0.9994,0.0003,0.0003
D:\ML Project Freshness Detection\AgriFreshNET Freshness and Shelf-Life Image Datase\AgriFreshNET Freshness and Shelf-Life Image Datase\Processed Data\Processed Data\Fresh eggplant(1-4)\IMG_20251107_114440702_HDR_AE.jpg,Eggplant,0,Fresh,Fresh,0.7829,0.7829,0.195,0.0221,Fresh,0.7774,0.7774,0.2057,0.0169,Fresh,0.9655,0.9655,0.0326,0.0018,Fresh,0.9636,0.9636,0.0324,0.004,Fresh,0.9988,0.9988,0.0009,0.0004
D:\ML Project Freshness Detection\AgriFreshNET Freshness and Shelf-Life Image Datase\AgriFreshNET Freshness and Shelf-Life Image Datase\Processed Data\Processed Data\Semi_Fresh eggplant(4-8)\aug_202_IMG_20251130_182055780_HDR.jpg,Eggplant,1,Semi-Fresh,Semi-Fresh,0.8286,0.1571,0.8286,0.0143,Semi-Fresh,0.9143,0.0222,0.9143,0.0634,Semi-Fresh,0.9384,0.0106,0.9384,0.051,Semi-Fresh,0.9817,0.0024,0.9817,0.016,Semi-Fresh,0.9953,0.0008,0.9953,0.0039
D:\ML Project Freshness Detection\AgriFreshNET Freshness and Shelf-Life Image Datase\AgriFreshNET Freshness and Shelf-Life Image Datase\Processed Data\Processed Data\Semi fresh banana(4-7)\aug_43_IMG_20251107_113703366_HDR_AE.jpg,Banana,1,Semi-Fresh,Semi-Fresh,0.8231,0.0076,0.8231,0.1693,Semi-Fresh,0.9009,0.0118,0.9009,0.0873,Semi-Fresh,0.9935,0.0013,0.9935,0.0052,Semi-Fresh,0.9955,0.001,0.9955,0.0035,Semi-Fresh,0.995,0.003,0.995,0.002
D:\ML Project Freshness Detection\AgriFreshNET Freshness and Shelf-Life Image Datase\AgriFreshNET Freshness and Shelf-Life Image Datase\Processed Data\Processed Data\Rotten banana(7-13)\aug_142_IMG_20251112_112627848_HDR_AE.jpg,Banana,2,Rotten,Rotten,0.9965,0.0001,0.0034,0.9965,Rotten,0.9977,0.0002,0.0021,0.9977,Rotten,0.9967,0.0001,0.0032,0.9967,Rotten,0.9987,0.0001,0.0012,0.9987,Rotten,0.9991,0.0002,0.0008,0.9991
D:\ML Project Freshness Detection\AgriFreshNET Freshness and Shelf-Life Image Datase\AgriFreshNET Freshness and Shelf-Life Image Datase\Processed Data\Processed Data\Semi_Fresh eggplant(4-8)\aug_108_IMG_20251124_193132780_HDR.jpg,Eggplant,1,Semi-Fresh,Semi-Fresh,0.7093,0.2895,0.7093,0.0013,Semi-Fresh,0.7047,0.2907,0.7047,0.0046,Fresh,0.5442,0.5442,0.4535,0.0022,Semi-Fresh,0.8609,0.132,0.8609,0.0071,Semi-Fresh,0.905,0.093,0.905,0.0021
D:\ML Project Freshness Detection\AgriFreshNET Freshness and Shelf-Life Image Datase\AgriFreshNET Freshness and Shelf-Life Image Datase\Processed Data\Processed Data\Semi Fresh Papaya(4-7)\aug_466_IMG_20260120_004638.jpg,Papaya,1,Semi-Fresh,Fresh,0.9538,0.9538,0.0404,0.0057,Semi-Fresh,0.6774,0.2009,0.6774,0.1217,Semi-Fresh,0.7244,0.0416,0.7244,0.2339,Semi-Fresh,0.9557,0.0045,0.9557,0.0398,Semi-Fresh,0.9788,0.013,0.9788,0.0082
D:\ML Project Freshness Detection\AgriFreshNET Freshness and Shelf-Life Image Datase\AgriFreshNET Freshness and Shelf-Life Image Datase\Processed Data\Processed Data\Rotten Papaya(7-12)\IMG_20260123_013646.jpg,Papaya,2,Rotten,Semi-Fresh,0.695,0.1736,0.695,0.1313,Rotten,0.9499,0.0074,0.0427,0.9499,Rotten,0.9313,0.0324,0.0362,0.9313,Rotten,0.9865,0.0059,0.0076,0.9865,Rotten,0.9586,0.006,0.0354,0.9586
D:\ML Project Freshness Detection\AgriFreshNET Freshness and Shelf-Life Image Datase\AgriFreshNET Freshness and Shelf-Life Image Datase\Processed Data\Processed Data\Semi Fresh Cucumber(6-12)\aug_120_IMG_20251112_164824.jpg,Cucumber,1,Semi-Fresh,Fresh,0.4922,0.4922,0.4493,0.0585,Semi-Fresh,0.5337,0.2278,0.5337,0.2386,Semi-Fresh,0.8937,0.089,0.8937,0.0172,Semi-Fresh,0.8306,0.086,0.8306,0.0834,Semi-Fresh,0.9902,0.0089,0.9902,0.0009
D:\ML Project Freshness Detection\AgriFreshNET Freshness and Shelf-Life Image Datase\AgriFreshNET Freshness and Shelf-Life Image Datase\Processed Data\Processed Data\Rotten Bittermelon(5-8)\aug_328_IMG_20260120_004936.jpg,Bittermelon,2,Rotten,Rotten,0.9256,0.0004,0.074,0.9256,Rotten,0.9969,0.0001,0.003,0.9969,Rotten,0.9998,0.0,0.0002,0.9998,Rotten,0.9955,0.0005,0.0039,0.9955,Rotten,0.9997,0.0,0.0002,0.9997
D:\ML Project Freshness Detection\AgriFreshNET Freshness and Shelf-Life Image Datase\AgriFreshNET Freshness and Shelf-Life Image Datase\Processed Data\Processed Data\Semi Fresh Bittermelon ( 3-5)\aug_252_IMG_20251123_013149.jpg,Bittermelon,1,Semi-Fresh,Semi-Fresh,0.9554,0.0117,0.9554,0.0329,Semi-Fresh,0.9932,0.0005,0.9932,0.0063,Semi-Fresh,0.9975,0.002,0.9975,0.0006,Semi-Fresh,0.9958,0.0013,0.9958,0.0029,Semi-Fresh,0.9987,0.0005,0.9987,0.0008
D:\ML Project Freshness Detection\AgriFreshNET Freshness and Shelf-Life Image Datase\AgriFreshNET Freshness and Shelf-Life Image Datase\Processed Data\Processed Data\Fresh Papaya(1-4)\aug_174_IMG_20251123_012801.jpg,Papaya,0,Fresh,Semi-Fresh,0.6232,0.3764,0.6232,0.0004,Semi-Fresh,0.5937,0.4055,0.5937,0.0008,Fresh,0.9843,0.9843,0.0157,0.0,Fresh,0.812,0.812,0.1869,0.0011,Fresh,0.648,0.648,0.3495,0.0026
D:\ML Project Freshness Detection\AgriFreshNET Freshness and Shelf-Life Image Datase\AgriFreshNET Freshness and Shelf-Life Image Datase\Processed Data\Processed Data\Semi_Fresh eggplant(4-8)\aug_167_IMG_20251127_192652691_HDR.jpg,Eggplant,1,Semi-Fresh,Fresh,0.5562,0.5562,0.4405,0.0033,Semi-Fresh,0.9577,0.0342,0.9577,0.0081,Semi-Fresh,0.9959,0.0008,0.9959,0.0034,Semi-Fresh,0.9768,0.0101,0.9768,0.0131,Semi-Fresh,0.9955,0.0037,0.9955,0.0008
D:\ML Project Freshness Detection\AgriFreshNET Freshness and Shelf-Life Image Datase\AgriFreshNET Freshness and Shelf-Life Image Datase\Processed Data\Processed Data\Semi fresh Tomato(10-24)\aug_238_IMG_20260122_220757168_HDR.jpg,Tomato,1,Semi-Fresh,Semi-Fresh,0.6642,0.1176,0.6642,0.2182,Semi-Fresh,0.5723,0.01,0.5723,0.4177,Semi-Fresh,0.979,0.0027,0.979,0.0183,Semi-Fresh,0.9702,0.0023,0.9702,0.0275,Semi-Fresh,0.9522,0.0045,0.9522,0.0434
D:\ML Project Freshness Detection\AgriFreshNET Freshness and Shelf-Life Image Datase\AgriFreshNET Freshness and Shelf-Life Image Datase\Processed Data\Processed Data\Semi fresh Tomato(10-24)\IMG_20251113_123905539_HDR_AE.jpg,Tomato,1,Semi-Fresh,Fresh,0.4983,0.4983,0.4958,0.006,Semi-Fresh,0.5242,0.4663,0.5242,0.0095,Fresh,0.6856,0.6856,0.3129,0.0015,Fresh,0.5052,0.5052,0.4928,0.0019,Semi-Fresh,0.8114,0.1868,0.8114,0.0017
D:\ML Project Freshness Detection\AgriFreshNET Freshness and Shelf-Life Image Datase\AgriFreshNET Freshness and Shelf-Life Image Datase\Processed Data\Processed Data\Rotten eggplant(8-15)\aug_244_IMG_20251112_113420934_HDR_AE.jpg,Eggplant,2,Rotten,Rotten,0.9223,0.018,0.0597,0.9223,Rotten,0.9948,0.0021,0.0031,0.9948,Rotten,0.9845,0.001,0.0145,0.9845,Rotten,0.9542,0.0098,0.036,0.9542,Rotten,0.9984,0.0001,0.0015,0.9984
D:\ML Project Freshness Detection\AgriFreshNET Freshness and Shelf-Life Image Datase\AgriFreshNET Freshness and Shelf-Life Image Datase\Processed Data\Processed Data\Fresh pineapple(1-15)\aug_249_IMG-20251128-WA0029.jpg,Pineapple,0,Fresh,Fresh,0.988,0.988,0.0098,0.0022,Fresh,0.996,0.996,0.0036,0.0003,Fresh,0.9982,0.9982,0.0011,0.0007,Fresh,0.9964,0.9964,0.0032,0.0004,Fresh,0.9992,0.9992,0.0007,0.0001
D:\ML Project Freshness Detection\AgriFreshNET Freshness and Shelf-Life Image Datase\AgriFreshNET Freshness and Shelf-Life Image Datase\Processed Data\Processed Data\Rotten Tomato(24-35)\aug_33_IMG_20260122_220850495_HDR.jpg,Tomato,2,Rotten,Semi-Fresh,0.5069,0.3534,0.5069,0.1397,Rotten,0.7285,0.0643,0.2072,0.7285,Semi-Fresh,0.5789,0.3429,0.5789,0.0782,Semi-Fresh,0.5761,0.2654,0.5761,0.1585,Fresh,0.5203,0.5203,0.3743,0.1054
D:\ML Project Freshness Detection\AgriFreshNET Freshness and Shelf-Life Image Datase\AgriFreshNET Freshness and Shelf-Life Image Datase\Processed Data\Processed Data\Rotten Bittermelon(5-8)\aug_109_IMG_20260125_005814.jpg,Bittermelon,2,Rotten,Rotten,0.9951,0.0,0.0048,0.9951,Rotten,0.9999,0.0,0.0001,0.9999,Rotten,0.9996,0.0,0.0003,0.9996,Rotten,0.9832,0.0008,0.016,0.9832,Rotten,0.9962,0.0001,0.0038,0.9962
D:\ML Project Freshness Detection\AgriFreshNET Freshness and Shelf-Life Image Datase\AgriFreshNET Freshness and Shelf-Life Image Datase\Processed Data\Processed Data\Semi fresh Pineapple (15-25)\aug_266_IMG-20251205-WA0034.jpg,Pineapple,1,Semi-Fresh,Semi-Fresh,0.9186,0.0616,0.9186,0.0198,Semi-Fresh,0.9956,0.0012,0.9956,0.0032,Semi-Fresh,0.9272,0.0586,0.9272,0.0142,Semi-Fresh,0.9935,0.0045,0.9935,0.002,Semi-Fresh,0.9909,0.0011,0.9909,0.008
D:\ML Project Freshness Detection\AgriFreshNET Freshness and Shelf-Life Image Datase\AgriFreshNET Freshness and Shelf-Life Image Datase\Processed Data\Processed Data\Semi fresh Tomato(10-24)\IMG_20251120_204503991_HDR.jpg,Tomato,1,Semi-Fresh,Semi-Fresh,0.8358,0.1505,0.8358,0.0138,Semi-Fresh,0.9698,0.021,0.9698,0.0091,Semi-Fresh,0.9934,0.0063,0.9934,0.0004,Semi-Fresh,0.9944,0.0036,0.9944,0.002,Semi-Fresh,0.9129,0.0863,0.9129,0.0008
D:\ML Project Freshness Detection\AgriFreshNET Freshness and Shelf-Life Image Datase\AgriFreshNET Freshness and Shelf-Life Image Datase\Processed Data\Processed Data\Rotten Papaya(7-12)\aug_37_IMG_20260123_013706_1.jpg,Papaya,2,Rotten,Rotten,0.5936,0.1027,0.3037,0.5936,Rotten,0.9577,0.001,0.0413,0.9577,Rotten,0.9882,0.0061,0.0057,0.9882,Rotten,0.9957,0.0012,0.003,0.9957,Rotten,0.98,0.0004,0.0196,0.98
D:\ML Project Freshness Detection\AgriFreshNET Freshness and Shelf-Life Image Datase\AgriFreshNET Freshness and Shelf-Life Image Datase\Processed Data\Processed Data\Fresh Bittermelon(1-3)\aug_32_IMG_20260114_005318.jpg,Bittermelon,0,Fresh,Fresh,0.982,0.982,0.0175,0.0005,Fresh,0.9981,0.9981,0.0017,0.0002,Fresh,0.9996,0.9996,0.0001,0.0002,Fresh,0.9943,0.9943,0.0035,0.0022,Fresh,0.9996,0.9996,0.0002,0.0003
D:\ML Project Freshness Detection\AgriFreshNET Freshness and Shelf-Life Image Datase\AgriFreshNET Freshness and Shelf-Life Image Datase\Processed Data\Processed Data\Fresh Papaya(1-4)\aug_355_IMG_20260116_030510.jpg,Papaya,0,Fresh,Fresh,0.9628,0.9628,0.0368,0.0003,Fresh,0.9655,0.9655,0.0344,0.0001,Fresh,0.995,0.995,0.0047,0.0003,Fresh,0.9873,0.9873,0.0119,0.0008,Fresh,0.9829,0.9829,0.0162,0.0009
D:\ML Project Freshness Detection\AgriFreshNET Freshness and Shelf-Life Image Datase\AgriFreshNET Freshness and Shelf-Life Image Datase\Processed Data\Processed Data\Fresh Orange(1-9)\IMG_20251108_121753161_HDR_AE.jpg,Orange,0,Fresh,Fresh,0.9946,0.9946,0.0052,0.0002,Fresh,0.9945,0.9945,0.0054,0.0001,Fresh,0.9995,0.9995,0.0005,0.0,Fresh,0.9912,0.9912,0.0084,0.0004,Fresh,0.9982,0.9982,0.0015,0.0004
D:\ML Project Freshness Detection\AgriFreshNET Freshness and Shelf-Life Image Datase\AgriFreshNET Freshness and Shelf-Life Image Datase\Processed Data\Processed Data\Rotten Bittermelon(5-8)\aug_214_IMG_20251124_022245.jpg,Bittermelon,2,Rotten,Rotten,0.9038,0.0018,0.0945,0.9038,Rotten,0.999,0.0,0.001,0.999,Rotten,0.9972,0.0003,0.0025,0.9972,Rotten,0.9977,0.0007,0.0016,0.9977,Rotten,0.9986,0.0005,0.0009,0.9986
D:\ML Project Freshness Detection\AgriFreshNET Freshness and Shelf-Life Image Datase\AgriFreshNET Freshness and Shelf-Life Image Datase\Processed Data\Processed Data\Semi fresh Pineapple (15-25)\aug_150_IMG-20251205-WA0035.jpg,Pineapple,1,Semi-Fresh,Semi-Fresh,0.9622,0.0303,0.9622,0.0076,Semi-Fresh,0.9782,0.0163,0.9782,0.0056,Semi-Fresh,0.9988,0.0006,0.9988,0.0006,Semi-Fresh,0.9993,0.0005,0.9993,0.0001,Semi-Fresh,0.999,0.0004,0.999,0.0006
D:\ML Project Freshness Detection\AgriFreshNET Freshness and Shelf-Life Image Datase\AgriFreshNET Freshness and Shelf-Life Image Datase\Processed Data\Processed Data\Rotten Cucumber(12-20)\aug_325_IMG_20260122_003111.jpg,Cucumber,2,Rotten,Semi-Fresh,0.7865,0.0697,0.7865,0.1437,Rotten,0.8405,0.0126,0.1469,0.8405,Semi-Fresh,0.5072,0.0128,0.5072,0.48,Rotten,0.9375,0.0062,0.0563,0.9375,Rotten,0.97,0.0017,0.0283,0.97
D:\ML Project Freshness Detection\AgriFreshNET Freshness and Shelf-Life Image Datase\AgriFreshNET Freshness and Shelf-Life Image Datase\Processed Data\Processed Data\Fresh Tomato(1-10)\IMG_20251123_222725595_HDR.jpg,Tomato,0,Fresh,Fresh,0.9651,0.9651,0.0347,0.0002,Fresh,0.9755,0.9755,0.0216,0.0029,Fresh,0.9982,0.9982,0.0017,0.0001,Fresh,0.9975,0.9975,0.0022,0.0003,Fresh,0.9953,0.9953,0.0034,0.0013
D:\ML Project Freshness Detection\AgriFreshNET Freshness and Shelf-Life Image Datase\AgriFreshNET Freshness and Shelf-Life Image Datase\Processed Data\Processed Data\Rotten Papaya(7-12)\IMG_20260125_005202_1.jpg,Papaya,2,Rotten,Rotten,0.5512,0.0783,0.3705,0.5512,Rotten,0.9933,0.0001,0.0067,0.9933,Rotten,0.9923,0.0,0.0077,0.9923,Rotten,0.9914,0.0005,0.0081,0.9914,Rotten,0.9661,0.0005,0.0334,0.9661
D:\ML Project Freshness Detection\AgriFreshNET Freshness and Shelf-Life Image Datase\AgriFreshNET Freshness and Shelf-Life Image Datase\Processed Data\Processed Data\Fresh Tomato(1-10)\IMG_20251121_145227638_HDR_AE.jpg,Tomato,0,Fresh,Fresh,0.7088,0.7088,0.2518,0.0394,Fresh,0.9848,0.9848,0.0127,0.0025,Fresh,0.9966,0.9966,0.0021,0.0012,Fresh,0.9842,0.9842,0.0124,0.0034,Fresh,0.992,0.992,0.0069,0.0011
D:\ML Project Freshness Detection\AgriFreshNET Freshness and Shelf-Life Image Datase\AgriFreshNET Freshness and Shelf-Life Image Datase\Processed Data\Processed Data\Fresh eggplant(1-4)\aug_136_eggplant(7).jpeg,Eggplant,0,Fresh,Fresh,0.7451,0.7451,0.2004,0.0545,Semi-Fresh,0.4498,0.3974,0.4498,0.1529,Fresh,0.8825,0.8825,0.0967,0.0208,Fresh,0.9575,0.9575,0.037,0.0056,Fresh,0.9325,0.9325,0.0619,0.0056
D:\ML Project Freshness Detection\AgriFreshNET Freshness and Shelf-Life Image Datase\AgriFreshNET Freshness and Shelf-Life Image Datase\Processed Data\Processed Data\Semi fresh Orange(9-20)\IMG-20251128-WA0012.jpg,Orange,1,Semi-Fresh,Semi-Fresh,0.7765,0.0993,0.7765,0.1242,Semi-Fresh,0.9441,0.0382,0.9441,0.0178,Semi-Fresh,0.9557,0.0014,0.9557,0.0429,Semi-Fresh,0.9214,0.0049,0.9214,0.0737,Semi-Fresh,0.9802,0.0182,0.9802,0.0016
D:\ML Project Freshness Detection\AgriFreshNET Freshness and Shelf-Life Image Datase\AgriFreshNET Freshness and Shelf-Life Image Datase\Processed Data\Processed Data\Semi Fresh Bittermelon ( 3-5)\aug_59_IMG_20260116_025919.jpg,Bittermelon,1,Semi-Fresh,Semi-Fresh,0.9012,0.0349,0.9012,0.0638,Semi-Fresh,0.9538,0.0004,0.9538,0.0458,Semi-Fresh,0.9294,0.0283,0.9294,0.0423,Semi-Fresh,0.9675,0.0047,0.9675,0.0277,Semi-Fresh,0.999,0.0001,0.999,0.0008
D:\ML Project Freshness Detection\AgriFreshNET Freshness and Shelf-Life Image Datase\AgriFreshNET Freshness and Shelf-Life Image Datase\Processed Data\Processed Data\Fresh eggplant(1-4)\IMG_20251123_221738064_HDR.jpg,Eggplant,0,Fresh,Fresh,0.8164,0.8164,0.1327,0.0508,Fresh,0.7598,0.7598,0.1961,0.0441,Fresh,0.6981,0.6981,0.2684,0.0335,Fresh,0.9857,0.9857,0.0124,0.0019,Fresh,0.9969,0.9969,0.0027,0.0004
D:\ML Project Freshness Detection\AgriFreshNET Freshness and Shelf-Life Image Datase\AgriFreshNET Freshness and Shelf-Life Image Datase\Processed Data\Processed Data\Rotten eggplant(8-15)\IMG_20251201_133259035_HDR.jpg,Eggplant,2,Rotten,Rotten,0.9748,0.0012,0.024,0.9748,Rotten,0.9886,0.0008,0.0106,0.9886,Rotten,0.9821,0.0021,0.0158,0.9821,Rotten,0.9964,0.0006,0.0029,0.9964,Rotten,0.9873,0.0002,0.0125,0.9873
D:\ML Project Freshness Detection\AgriFreshNET Freshness and Shelf-Life Image Datase\AgriFreshNET Freshness and Shelf-Life Image Datase\Processed Data\Processed Data\Rotten banana(7-13)\aug_200_IMG_20251130_175531383_HDR.jpg,Banana,2,Rotten,Rotten,0.9997,0.0,0.0003,0.9997,Rotten,0.9998,0.0,0.0002,0.9998,Rotten,0.9966,0.0004,0.003,0.9966,Rotten,0.9958,0.0025,0.0016,0.9958,Rotten,0.9996,0.0001,0.0004,0.9996
D:\ML Project Freshness Detection\AgriFreshNET Freshness and Shelf-Life Image Datase\AgriFreshNET Freshness and Shelf-Life Image Datase\Processed Data\Processed Data\Semi fresh banana(4-7)\aug_369_IMG_20260123_181814301_HDR.jpg,Banana,1,Semi-Fresh,Semi-Fresh,0.9163,0.0058,0.9163,0.078,Semi-Fresh,0.9448,0.0002,0.9448,0.055,Semi-Fresh,0.9963,0.0001,0.9963,0.0036,Semi-Fresh,0.9912,0.0003,0.9912,0.0085,Semi-Fresh,0.9997,0.0,0.9997,0.0003
D:\ML Project Freshness Detection\AgriFreshNET Freshness and Shelf-Life Image Datase\AgriFreshNET Freshness and Shelf-Life Image Datase\Processed Data\Processed Data\Fresh pineapple(1-15)\aug_188_IMG-20251125-WA0003.jpg,Pineapple,0,Fresh,Fresh,0.9884,0.9884,0.0115,0.0001,Fresh,0.9566,0.9566,0.0431,0.0003,Fresh,0.9996,0.9996,0.0004,0.0,Fresh,0.9991,0.9991,0.0008,0.0,Fresh,0.9997,0.9997,0.0002,0.0002
D:\ML Project Freshness Detection\AgriFreshNET Freshness and Shelf-Life Image Datase\AgriFreshNET Freshness and Shelf-Life Image Datase\Processed Data\Processed Data\Fresh eggplant(1-4)\aug_207_IMG_20251125_210929043_HDR.jpg,Eggplant,0,Fresh,Fresh,0.6757,0.6757,0.3201,0.0042,Fresh,0.7356,0.7356,0.2601,0.0043,Fresh,0.9879,0.9879,0.0118,0.0004,Fresh,0.9883,0.9883,0.0092,0.0025,Fresh,0.974,0.974,0.0247,0.0013
D:\ML Project Freshness Detection\AgriFreshNET Freshness and Shelf-Life Image Datase\AgriFreshNET Freshness and Shelf-Life Image Datase\Processed Data\Processed Data\Rotten Orange(20-35)\aug_251_IMG-20251207-WA0009.jpg,Orange,2,Rotten,Rotten,0.6238,0.0833,0.2929,0.6238,Rotten,0.9542,0.013,0.0328,0.9542,Rotten,0.9248,0.0436,0.0316,0.9248,Rotten,0.9931,0.0017,0.0052,0.9931,Rotten,0.9677,0.0014,0.0308,0.9677
D:\ML Project Freshness Detection\AgriFreshNET Freshness and Shelf-Life Image Datase\AgriFreshNET Freshness and Shelf-Life Image Datase\Processed Data\Processed Data\Rotten Orange(20-35)\aug_36_IMG-20251114-WA0014.jpg,Orange,2,Rotten,Rotten,0.9268,0.0133,0.0598,0.9268,Rotten,0.9708,0.0032,0.026,0.9708,Rotten,0.9979,0.0001,0.002,0.9979,Rotten,0.9976,0.0007,0.0017,0.9976,Rotten,0.9981,0.0005,0.0014,0.9981
D:\ML Project Freshness Detection\AgriFreshNET Freshness and Shelf-Life Image Datase\AgriFreshNET Freshness and Shelf-Life Image Datase\Processed Data\Processed Data\Semi Fresh Bittermelon ( 3-5)\aug_153_IMG_20251123_013321.jpg,Bittermelon,1,Semi-Fresh,Semi-Fresh,0.94,0.0102,0.94,0.0499,Semi-Fresh,0.9912,0.0017,0.9912,0.0071,Semi-Fresh,0.9983,0.0003,0.9983,0.0014,Semi-Fresh,0.9817,0.0009,0.9817,0.0174,Semi-Fresh,0.9922,0.0003,0.9922,0.0075
D:\ML Project Freshness Detection\AgriFreshNET Freshness and Shelf-Life Image Datase\AgriFreshNET Freshness and Shelf-Life Image Datase\Processed Data\Processed Data\Semi Fresh Cucumber(6-12)\aug_133_IMG_20260212_155600_1.jpg,Cucumber,1,Semi-Fresh,Semi-Fresh,0.867,0.0758,0.867,0.0572,Semi-Fresh,0.9974,0.0007,0.9974,0.0019,Semi-Fresh,0.9427,0.0467,0.9427,0.0106,Semi-Fresh,0.994,0.0055,0.994,0.0005,Semi-Fresh,0.9993,0.0003,0.9993,0.0004
D:\ML Project Freshness Detection\AgriFreshNET Freshness and Shelf-Life Image Datase\AgriFreshNET Freshness and Shelf-Life Image Datase\Processed Data\Processed Data\Rotten eggplant(8-15)\IMG_20251110_094459604_HDR_AE.jpg,Eggplant,2,Rotten,Rotten,0.9939,0.0008,0.0053,0.9939,Rotten,0.9928,0.0004,0.0069,0.9928,Rotten,0.9997,0.0,0.0003,0.9997,Rotten,0.9977,0.0008,0.0015,0.9977,Rotten,0.9986,0.0001,0.0013,0.9986
D:\ML Project Freshness Detection\AgriFreshNET Freshness and Shelf-Life Image Datase\AgriFreshNET Freshness and Shelf-Life Image Datase\Processed Data\Processed Data\Rotten Tomato(24-35)\aug_88_IMG_20260128_095513440_HDR_AE.jpg,Tomato,2,Rotten,Rotten,0.9935,0.0004,0.0061,0.9935,Rotten,0.9967,0.0005,0.0028,0.9967,Rotten,0.9993,0.0001,0.0006,0.9993,Rotten,0.9994,0.0002,0.0004,0.9994,Rotten,0.9998,0.0001,0.0002,0.9998
D:\ML Project Freshness Detection\AgriFreshNET Freshness and Shelf-Life Image Datase\AgriFreshNET Freshness and Shelf-Life Image Datase\Processed Data\Processed Data\Rotten Papaya(7-12)\aug_184_IMG_20260130_163400_1.jpg,Papaya,2,Rotten,Rotten,0.997,0.0003,0.0027,0.997,Rotten,0.9999,0.0,0.0001,0.9999,Rotten,0.9995,0.0,0.0005,0.9995,Rotten,0.9982,0.0008,0.001,0.9982,Rotten,0.9999,0.0,0.0,0.9999
D:\ML Project Freshness Detection\AgriFreshNET Freshness and Shelf-Life Image Datase\AgriFreshNET Freshness and Shelf-Life Image Datase\Processed Data\Processed Data\Fresh Orange(1-9)\aug_333_IMG_20251105_102342529_HDR_AE.jpg,Orange,0,Fresh,Fresh,0.854,0.854,0.1415,0.0045,Fresh,0.9872,0.9872,0.0127,0.0001,Fresh,0.9509,0.9509,0.0489,0.0002,Fresh,0.8978,0.8978,0.1016,0.0006,Fresh,0.9976,0.9976,0.002,0.0004
D:\ML Project Freshness Detection\AgriFreshNET Freshness and Shelf-Life Image Datase\AgriFreshNET Freshness and Shelf-Life Image Datase\Processed Data\Processed Data\Fresh eggplant(1-4)\eggplant(10).jpeg,Eggplant,0,Fresh,Fresh,0.4726,0.4726,0.2029,0.3245,Fresh,0.4537,0.4537,0.4367,0.1096,Semi-Fresh,0.6778,0.1895,0.6778,0.1327,Fresh,0.8548,0.8548,0.1235,0.0217,Fresh,0.5042,0.5042,0.4885,0.0073
D:\ML Project Freshness Detection\AgriFreshNET Freshness and Shelf-Life Image Datase\AgriFreshNET Freshness and Shelf-Life Image Datase\Processed Data\Processed Data\Rotten Tomato(24-35)\aug_215_IMG_20260123_182328347_HDR.jpg,Tomato,2,Rotten,Rotten,0.6321,0.061,0.3069,0.6321,Rotten,0.7108,0.0043,0.2849,0.7108,Rotten,0.9218,0.001,0.0772,0.9218,Rotten,0.9665,0.0066,0.0269,0.9665,Rotten,0.9646,0.006,0.0294,0.9646
D:\ML Project Freshness Detection\AgriFreshNET Freshness and Shelf-Life Image Datase\AgriFreshNET Freshness and Shelf-Life Image Datase\Processed Data\Processed Data\Fresh Orange(1-9)\aug_291_IMG-20251118-WA0000.jpg,Orange,0,Fresh,Fresh,0.9633,0.9633,0.0367,0.0,Fresh,0.9907,0.9907,0.0093,0.0,Fresh,0.9957,0.9957,0.0043,0.0,Fresh,0.9494,0.9494,0.05,0.0006,Fresh,0.9788,0.9788,0.0203,0.0009
D:\ML Project Freshness Detection\AgriFreshNET Freshness and Shelf-Life Image Datase\AgriFreshNET Freshness and Shelf-Life Image Datase\Processed Data\Processed Data\Fresh Banana(1-4)\aug_20_Banana (15).jpeg,Banana,0,Fresh,Fresh,0.9697,0.9697,0.0302,0.0001,Fresh,0.9794,0.9794,0.0203,0.0003,Fresh,0.994,0.994,0.006,0.0001,Fresh,0.9927,0.9927,0.007,0.0003,Fresh,0.9983,0.9983,0.0016,0.0001
D:\ML Project Freshness Detection\AgriFreshNET Freshness and Shelf-Life Image Datase\AgriFreshNET Freshness and Shelf-Life Image Datase\Processed Data\Processed Data\Fresh pineapple(1-15)\aug_55_IMG-20251128-WA0040.jpg,Pineapple,0,Fresh,Fresh,0.9956,0.9956,0.0036,0.0008,Fresh,0.9959,0.9959,0.0037,0.0004,Fresh,0.9988,0.9988,0.0004,0.0008,Fresh,0.9989,0.9989,0.0008,0.0002,Fresh,0.9989,0.9989,0.0009,0.0002
D:\ML Project Freshness Detection\AgriFreshNET Freshness and Shelf-Life Image Datase\AgriFreshNET Freshness and Shelf-Life Image Datase\Processed Data\Processed Data\Rotten Cucumber(12-20)\aug_413_IMG_20260202_032653.jpg,Cucumber,2,Rotten,Rotten,0.9869,0.0002,0.0129,0.9869,Rotten,0.9994,0.0001,0.0005,0.9994,Rotten,0.9549,0.0009,0.0443,0.9549,Rotten,0.9965,0.0009,0.0026,0.9965,Rotten,0.9992,0.0001,0.0007,0.9992
D:\ML Project Freshness Detection\AgriFreshNET Freshness and Shelf-Life Image Datase\AgriFreshNET Freshness and Shelf-Life Image Datase\Processed Data\Processed Data\Rotten banana(7-13)\aug_216_IMG_20251111_142415483_HDR_AE.jpg,Banana,2,Rotten,Rotten,0.9879,0.0001,0.012,0.9879,Rotten,0.9983,0.0001,0.0016,0.9983,Rotten,0.9936,0.0,0.0063,0.9936,Rotten,0.9989,0.0003,0.0008,0.9989,Rotten,0.9995,0.0,0.0004,0.9995
D:\ML Project Freshness Detection\AgriFreshNET Freshness and Shelf-Life Image Datase\AgriFreshNET Freshness and Shelf-Life Image Datase\Processed Data\Processed Data\Semi_Fresh eggplant(4-8)\aug_29_IMG_20251130_182334645_HDR.jpg,Eggplant,1,Semi-Fresh,Semi-Fresh,0.8804,0.0823,0.8804,0.0373,Semi-Fresh,0.9379,0.0218,0.9379,0.0403,Semi-Fresh,0.9825,0.0107,0.9825,0.0068,Semi-Fresh,0.9876,0.0031,0.9876,0.0093,Semi-Fresh,0.9262,0.0099,0.9262,0.0639
D:\ML Project Freshness Detection\AgriFreshNET Freshness and Shelf-Life Image Datase\AgriFreshNET Freshness and Shelf-Life Image Datase\Processed Data\Processed Data\Semi fresh banana(4-7)\IMG_20251106_155641383_HDR_AE.jpg,Banana,1,Semi-Fresh,Semi-Fresh,0.9607,0.0165,0.9607,0.0228,Semi-Fresh,0.9916,0.0003,0.9916,0.0081,Semi-Fresh,0.9991,0.0009,0.9991,0.0,Semi-Fresh,0.9986,0.0006,0.9986,0.0008,Semi-Fresh,0.9994,0.0005,0.9994,0.0001
D:\ML Project Freshness Detection\AgriFreshNET Freshness and Shelf-Life Image Datase\AgriFreshNET Freshness and Shelf-Life Image Datase\Processed Data\Processed Data\Fresh Papaya(1-4)\aug_241_IMG_20251123_012801.jpg,Papaya,0,Fresh,Semi-Fresh,0.596,0.403,0.596,0.0011,Fresh,0.7002,0.7002,0.2993,0.0006,Fresh,0.9921,0.9921,0.0079,0.0,Semi-Fresh,0.5607,0.437,0.5607,0.0023,Fresh,0.9739,0.9739,0.0255,0.0006
D:\ML Project Freshness Detection\AgriFreshNET Freshness and Shelf-Life Image Datase\AgriFreshNET Freshness and Shelf-Life Image Datase\Processed Data\Processed Data\Rotten Orange(20-35)\aug_180_IMG-20251227-WA0006.jpg,Orange,2,Rotten,Rotten,0.9139,0.0029,0.0832,0.9139,Rotten,0.9793,0.0011,0.0196,0.9793,Rotten,0.9958,0.0002,0.004,0.9958,Rotten,0.9942,0.003,0.0028,0.9942,Rotten,0.9983,0.0001,0.0016,0.9983
D:\ML Project Freshness Detection\AgriFreshNET Freshness and Shelf-Life Image Datase\AgriFreshNET Freshness and Shelf-Life Image Datase\Processed Data\Processed Data\Rotten Orange(20-35)\aug_122_IMG-20251207-WA0012.jpg,Orange,2,Rotten,Rotten,0.7289,0.027,0.2441,0.7289,Rotten,0.9491,0.0012,0.0497,0.9491,Rotten,0.9887,0.0035,0.0078,0.9887,Rotten,0.987,0.002,0.0111,0.987,Rotten,0.9985,0.0002,0.0012,0.9985
D:\ML Project Freshness Detection\AgriFreshNET Freshness and Shelf-Life Image Datase\AgriFreshNET Freshness and Shelf-Life Image Datase\Processed Data\Processed Data\Rotten Tomato(24-35)\IMG-20260210-WA0025.jpg,Tomato,2,Rotten,Rotten,0.9773,0.0059,0.0168,0.9773,Rotten,0.9946,0.0037,0.0018,0.9946,Rotten,0.9999,0.0001,0.0001,0.9999,Rotten,0.9895,0.0074,0.0031,0.9895,Rotten,0.9984,0.0008,0.0009,0.9984
D:\ML Project Freshness Detection\AgriFreshNET Freshness and Shelf-Life Image Datase\AgriFreshNET Freshness and Shelf-Life Image Datase\Processed Data\Processed Data\Rotten Cucumber(12-20)\IMG_20251124_021829.jpg,Cucumber,2,Rotten,Rotten,0.9977,0.0006,0.0017,0.9977,Rotten,0.9977,0.0002,0.0021,0.9977,Rotten,1.0,0.0,0.0,1.0,Rotten,0.994,0.0031,0.0029,0.994,Rotten,0.9996,0.0002,0.0003,0.9996
D:\ML Project Freshness Detection\AgriFreshNET Freshness and Shelf-Life Image Datase\AgriFreshNET Freshness and Shelf-Life Image Datase\Processed Data\Processed Data\Fresh eggplant(1-4)\IMG_20251127_192840590_HDR.jpg,Eggplant,0,Fresh,Semi-Fresh,0.4645,0.2877,0.4645,0.2478,Semi-Fresh,0.6902,0.1739,0.6902,0.1359,Fresh,0.7907,0.7907,0.1764,0.0329,Fresh,0.8093,0.8093,0.1799,0.0108,Fresh,0.566,0.566,0.4258,0.0081
D:\ML Project Freshness Detection\AgriFreshNET Freshness and Shelf-Life Image Datase\AgriFreshNET Freshness and Shelf-Life Image Datase\Processed Data\Processed Data\Rotten Pineapple(25-35)\aug_168_IMG_20251126_194200314_HDR.jpg,Pineapple,2,Rotten,Semi-Fresh,0.6451,0.002,0.6451,0.353,Rotten,0.8897,0.0029,0.1073,0.8897,Rotten,0.9781,0.0001,0.0218,0.9781,Rotten,0.9932,0.0006,0.0062,0.9932,Rotten,0.9999,0.0,0.0001,0.9999
D:\ML Project Freshness Detection\AgriFreshNET Freshness and Shelf-Life Image Datase\AgriFreshNET Freshness and Shelf-Life Image Datase\Processed Data\Processed Data\Fresh Banana(1-4)\aug_172_IMG_20251121_144232837_HDR_AE.jpg,Banana,0,Fresh,Fresh,0.6458,0.6458,0.2478,0.1064,Fresh,0.7066,0.7066,0.2921,0.0013,Fresh,0.6415,0.6415,0.3552,0.0033,Fresh,0.5919,0.5919,0.3988,0.0094,Fresh,0.9751,0.9751,0.0239,0.001
D:\ML Project Freshness Detection\AgriFreshNET Freshness and Shelf-Life Image Datase\AgriFreshNET Freshness and Shelf-Life Image Datase\Processed Data\Processed Data\Semi Fresh Papaya(4-7)\aug_356_IMG_20251031_164038.jpg,Papaya,1,Semi-Fresh,Semi-Fresh,0.9246,0.0296,0.9246,0.0459,Semi-Fresh,0.9757,0.0042,0.9757,0.0201,Semi-Fresh,0.9977,0.002,0.9977,0.0003,Semi-Fresh,0.9983,0.0002,0.9983,0.0016,Semi-Fresh,0.9895,0.0101,0.9895,0.0004
D:\ML Project Freshness Detection\AgriFreshNET Freshness and Shelf-Life Image Datase\AgriFreshNET Freshness and Shelf-Life Image Datase\Processed Data\Processed Data\Semi fresh Pineapple (15-25)\aug_5_IMG-20251205-WA0037.jpg,Pineapple,1,Semi-Fresh,Semi-Fresh,0.9792,0.0176,0.9792,0.0032,Semi-Fresh,0.9817,0.007,0.9817,0.0114,Semi-Fresh,0.9709,0.0215,0.9709,0.0077,Semi-Fresh,0.9978,0.0018,0.9978,0.0004,Semi-Fresh,0.999,0.0004,0.999,0.0006
D:\ML Project Freshness Detection\AgriFreshNET Freshness and Shelf-Life Image Datase\AgriFreshNET Freshness and Shelf-Life Image Datase\Processed Data\Processed Data\Rotten eggplant(8-15)\aug_113_IMG_20251122_210841212_HDR.jpg,Eggplant,2,Rotten,Rotten,0.9459,0.0199,0.0342,0.9459,Rotten,0.9966,0.0007,0.0027,0.9966,Rotten,0.9992,0.0,0.0008,0.9992,Rotten,0.9955,0.0016,0.0028,0.9955,Rotten,0.9997,0.0001,0.0003,0.9997
D:\ML Project Freshness Detection\AgriFreshNET Freshness and Shelf-Life Image Datase\AgriFreshNET Freshness and Shelf-Life Image Datase\Processed Data\Processed Data\Rotten banana(7-13)\IMG_20251115_121136075_HDR_AE.jpg,Banana,2,Rotten,Rotten,0.9958,0.0001,0.0041,0.9958,Rotten,0.9989,0.0001,0.0009,0.9989,Rotten,0.9991,0.0,0.0009,0.9991,Rotten,0.9966,0.0003,0.0032,0.9966,Rotten,0.9992,0.0001,0.0007,0.9992
D:\ML Project Freshness Detection\AgriFreshNET Freshness and Shelf-Life Image Datase\AgriFreshNET Freshness and Shelf-Life Image Datase\Processed Data\Processed Data\Rotten banana(7-13)\aug_175_IMG_20251109_112010685_HDR_AE.jpg,Banana,2,Rotten,Semi-Fresh,0.5262,0.0263,0.5262,0.4474,Rotten,0.8011,0.0051,0.1939,0.8011,Rotten,0.946,0.0001,0.0539,0.946,Rotten,0.9886,0.0019,0.0095,0.9886,Rotten,0.987,0.001,0.012,0.987
D:\ML Project Freshness Detection\AgriFreshNET Freshness and Shelf-Life Image Datase\AgriFreshNET Freshness and Shelf-Life Image Datase\Processed Data\Processed Data\Semi fresh Pineapple (15-25)\aug_370_IMG_20251124_193030751_HDR.jpg,Pineapple,1,Semi-Fresh,Semi-Fresh,0.981,0.0075,0.981,0.0115,Semi-Fresh,0.9016,0.0058,0.9016,0.0926,Semi-Fresh,0.9939,0.0029,0.9939,0.0033,Semi-Fresh,0.9858,0.0112,0.9858,0.003,Semi-Fresh,0.9948,0.0031,0.9948,0.0021
D:\ML Project Freshness Detection\AgriFreshNET Freshness and Shelf-Life Image Datase\AgriFreshNET Freshness and Shelf-Life Image Datase\Processed Data\Processed Data\Rotten Pineapple(25-35)\aug_256_IMG-20251215-WA0047.jpg,Pineapple,2,Rotten,Rotten,0.5841,0.0877,0.3282,0.5841,Rotten,0.954,0.0098,0.0362,0.954,Rotten,0.9675,0.0014,0.0311,0.9675,Rotten,0.9981,0.0005,0.0014,0.9981,Rotten,0.9997,0.0001,0.0002,0.9997
D:\ML Project Freshness Detection\AgriFreshNET Freshness and Shelf-Life Image Datase\AgriFreshNET Freshness and Shelf-Life Image Datase\Processed Data\Processed Data\Semi_Fresh eggplant(4-8)\aug_148_IMG_20251123_110323602_HDR_AE.jpg,Eggplant,1,Semi-Fresh,Semi-Fresh,0.8975,0.0788,0.8975,0.0237,Semi-Fresh,0.9177,0.0214,0.9177,0.0609,Semi-Fresh,0.9562,0.0168,0.9562,0.027,Semi-Fresh,0.9713,0.0018,0.9713,0.0269,Semi-Fresh,0.9989,0.0005,0.9989,0.0005
D:\ML Project Freshness Detection\AgriFreshNET Freshness and Shelf-Life Image Datase\AgriFreshNET Freshness and Shelf-Life Image Datase\Processed Data\Processed Data\Fresh eggplant(1-4)\aug_247_IMG_20251125_210801262_HDR.jpg,Eggplant,0,Fresh,Fresh,0.7828,0.7828,0.217,0.0001,Fresh,0.6758,0.6758,0.3202,0.004,Fresh,0.9148,0.9148,0.0846,0.0006,Fresh,0.7842,0.7842,0.207,0.0088,Fresh,0.5998,0.5998,0.3947,0.0055
D:\ML Project Freshness Detection\AgriFreshNET Freshness and Shelf-Life Image Datase\AgriFreshNET Freshness and Shelf-Life Image Datase\Processed Data\Processed Data\Semi Fresh Bittermelon ( 3-5)\aug_72_IMG_20251103_090530.jpg,Bittermelon,1,Semi-Fresh,Semi-Fresh,0.6929,0.2849,0.6929,0.0222,Semi-Fresh,0.9538,0.0025,0.9538,0.0437,Semi-Fresh,0.9889,0.0005,0.9889,0.0106,Semi-Fresh,0.9906,0.0019,0.9906,0.0076,Semi-Fresh,0.9988,0.0009,0.9988,0.0004
D:\ML Project Freshness Detection\AgriFreshNET Freshness and Shelf-Life Image Datase\AgriFreshNET Freshness and Shelf-Life Image Datase\Processed Data\Processed Data\Rotten eggplant(8-15)\aug_200_IMG_20251125_211455515_HDR.jpg,Eggplant,2,Rotten,Rotten,0.4526,0.2459,0.3015,0.4526,Rotten,0.9083,0.0236,0.0681,0.9083,Rotten,0.9818,0.0125,0.0056,0.9818,Rotten,0.9676,0.0228,0.0096,0.9676,Rotten,0.9951,0.002,0.0029,0.9951
D:\ML Project Freshness Detection\AgriFreshNET Freshness and Shelf-Life Image Datase\AgriFreshNET Freshness and Shelf-Life Image Datase\Processed Data\Processed Data\Semi Fresh Papaya(4-7)\aug_477_IMG_20260120_004459.jpg,Papaya,1,Semi-Fresh,Semi-Fresh,0.6617,0.2264,0.6617,0.1119,Semi-Fresh,0.9286,0.0122,0.9286,0.0592,Semi-Fresh,0.9573,0.0416,0.9573,0.0012,Semi-Fresh,0.9987,0.0002,0.9987,0.0012,Semi-Fresh,0.9981,0.0011,0.9981,0.0008
D:\ML Project Freshness Detection\AgriFreshNET Freshness and Shelf-Life Image Datase\AgriFreshNET Freshness and Shelf-Life Image Datase\Processed Data\Processed Data\Rotten Tomato(24-35)\IMG_20251204_101547808_HDR_AE.jpg,Tomato,2,Rotten,Rotten,0.9652,0.0029,0.0319,0.9652,Rotten,0.9994,0.0001,0.0005,0.9994,Rotten,0.9983,0.0002,0.0015,0.9983,Rotten,0.9945,0.0033,0.0022,0.9945,Rotten,0.9999,0.0,0.0001,0.9999
D:\ML Project Freshness Detection\AgriFreshNET Freshness and Shelf-Life Image Datase\AgriFreshNET Freshness and Shelf-Life Image Datase\Processed Data\Processed Data\Semi fresh Pineapple (15-25)\aug_291_IMG-20251207-WA0028.jpg,Pineapple,1,Semi-Fresh,Semi-Fresh,0.8915,0.0769,0.8915,0.0316,Semi-Fresh,0.8706,0.1244,0.8706,0.005,Semi-Fresh,0.9681,0.0313,0.9681,0.0006,Semi-Fresh,0.9925,0.0052,0.9925,0.0023,Semi-Fresh,0.9653,0.034,0.9653,0.0007
D:\ML Project Freshness Detection\AgriFreshNET Freshness and Shelf-Life Image Datase\AgriFreshNET Freshness and Shelf-Life Image Datase\Processed Data\Processed Data\Fresh pineapple(1-15)\aug_101_pineapple(1).jpeg,Pineapple,0,Fresh,Semi-Fresh,0.4348,0.4168,0.4348,0.1485,Fresh,0.8721,0.8721,0.1254,0.0024,Fresh,0.9951,0.9951,0.0046,0.0003,Fresh,0.9986,0.9986,0.0013,0.0001,Fresh,0.9971,0.9971,0.0024,0.0004
D:\ML Project Freshness Detection\AgriFreshNET Freshness and Shelf-Life Image Datase\AgriFreshNET Freshness and Shelf-Life Image Datase\Processed Data\Processed Data\Fresh Tomato(1-10)\IMG_20251106_155825772_HDR_AE.jpg,Tomato,0,Fresh,Semi-Fresh,0.5401,0.4517,0.5401,0.0082,Fresh,0.9478,0.9478,0.0521,0.0001,Fresh,0.9842,0.9842,0.0157,0.0001,Fresh,0.9668,0.9668,0.032,0.0012,Fresh,0.986,0.986,0.0133,0.0007
D:\ML Project Freshness Detection\AgriFreshNET Freshness and Shelf-Life Image Datase\AgriFreshNET Freshness and Shelf-Life Image Datase\Processed Data\Processed Data\Semi fresh Pineapple (15-25)\IMG_20251120_204742069_HDR.jpg,Pineapple,1,Semi-Fresh,Semi-Fresh,0.9835,0.0157,0.9835,0.0008,Semi-Fresh,0.9973,0.0008,0.9973,0.0019,Semi-Fresh,0.9967,0.0031,0.9967,0.0002,Semi-Fresh,0.9926,0.0066,0.9926,0.0008,Semi-Fresh,0.9995,0.0004,0.9995,0.0001
D:\ML Project Freshness Detection\AgriFreshNET Freshness and Shelf-Life Image Datase\AgriFreshNET Freshness and Shelf-Life Image Datase\Processed Data\Processed Data\Semi Fresh Cucumber(6-12)\aug_364_IMG_20260125_005550.jpg,Cucumber,1,Semi-Fresh,Rotten,0.5293,0.0224,0.4483,0.5293,Semi-Fresh,0.9086,0.0041,0.9086,0.0873,Semi-Fresh,0.9511,0.0063,0.9511,0.0426,Semi-Fresh,0.9965,0.0005,0.9965,0.003,Semi-Fresh,0.9936,0.0008,0.9936,0.0056
D:\ML Project Freshness Detection\AgriFreshNET Freshness and Shelf-Life Image Datase\AgriFreshNET Freshness and Shelf-Life Image Datase\Processed Data\Processed Data\Semi fresh Orange(9-20)\aug_138_IMG-20251205-WA0011.jpg,Orange,1,Semi-Fresh,Fresh,0.4572,0.4572,0.3436,0.1992,Fresh,0.6292,0.6292,0.1252,0.2456,Semi-Fresh,0.5223,0.0891,0.5223,0.3886,Semi-Fresh,0.6985,0.1421,0.6985,0.1593,Semi-Fresh,0.9301,0.0548,0.9301,0.0151
D:\ML Project Freshness Detection\AgriFreshNET Freshness and Shelf-Life Image Datase\AgriFreshNET Freshness and Shelf-Life Image Datase\Processed Data\Processed Data\Fresh Cucumber(1-6)\aug_121_IMG_20260204_152116.jpg,Cucumber,0,Fresh,Fresh,0.9362,0.9362,0.0627,0.0011,Fresh,0.9965,0.9965,0.0033,0.0002,Fresh,0.9996,0.9996,0.0003,0.0,Fresh,0.994,0.994,0.0056,0.0004,Fresh,0.9982,0.9982,0.0013,0.0005
D:\ML Project Freshness Detection\AgriFreshNET Freshness and Shelf-Life Image Datase\AgriFreshNET Freshness and Shelf-Life Image Datase\Processed Data\Processed Data\Rotten Bittermelon(5-8)\aug_213_IMG_20251029_095354.jpg,Bittermelon,2,Rotten,Rotten,0.8329,0.013,0.1541,0.8329,Rotten,0.9994,0.0001,0.0005,0.9994,Rotten,0.9886,0.0009,0.0105,0.9886,Rotten,0.9937,0.0027,0.0035,0.9937,Rotten,0.9608,0.0138,0.0254,0.9608
D:\ML Project Freshness Detection\AgriFreshNET Freshness and Shelf-Life Image Datase\AgriFreshNET Freshness and Shelf-Life Image Datase\Processed Data\Processed Data\Fresh pineapple(1-15)\aug_85_IMG-20251127-WA0033.jpg,Pineapple,0,Fresh,Fresh,0.9797,0.9797,0.0197,0.0006,Fresh,0.9975,0.9975,0.0023,0.0002,Fresh,0.9999,0.9999,0.0001,0.0,Fresh,0.9995,0.9995,0.0004,0.0,Fresh,0.9987,0.9987,0.0011,0.0002
D:\ML Project Freshness Detection\AgriFreshNET Freshness and Shelf-Life Image Datase\AgriFreshNET Freshness and Shelf-Life Image Datase\Processed Data\Processed Data\Fresh eggplant(1-4)\IMG_20251123_221915245_HDR.jpg,Eggplant,0,Fresh,Fresh,0.9028,0.9028,0.0971,0.0001,Fresh,0.9228,0.9228,0.0765,0.0007,Fresh,0.9554,0.9554,0.0442,0.0004,Fresh,0.9069,0.9069,0.0916,0.0014,Fresh,0.9895,0.9895,0.0098,0.0007
D:\ML Project Freshness Detection\AgriFreshNET Freshness and Shelf-Life Image Datase\AgriFreshNET Freshness and Shelf-Life Image Datase\Processed Data\Processed Data\Rotten eggplant(8-15)\aug_97_IMG_20251123_222337727_HDR.jpg,Eggplant,2,Rotten,Rotten,0.937,0.0175,0.0455,0.937,Rotten,0.9896,0.0029,0.0076,0.9896,Rotten,1.0,0.0,0.0,1.0,Rotten,0.9986,0.0007,0.0008,0.9986,Rotten,0.9988,0.0003,0.0009,0.9988
D:\ML Project Freshness Detection\AgriFreshNET Freshness and Shelf-Life Image Datase\AgriFreshNET Freshness and Shelf-Life Image Datase\Processed Data\Processed Data\Semi fresh Tomato(10-24)\aug_145_IMG_20251119_200719227_HDR.jpg,Tomato,1,Semi-Fresh,Semi-Fresh,0.5651,0.4334,0.5651,0.0015,Semi-Fresh,0.7649,0.2295,0.7649,0.0057,Semi-Fresh,0.96,0.0391,0.96,0.0009,Semi-Fresh,0.6001,0.3929,0.6001,0.007,Semi-Fresh,0.8644,0.1348,0.8644,0.0008
D:\ML Project Freshness Detection\AgriFreshNET Freshness and Shelf-Life Image Datase\AgriFreshNET Freshness and Shelf-Life Image Datase\Processed Data\Processed Data\Rotten Orange(20-35)\aug_75_IMG-20251215-WA0017.jpg,Orange,2,Rotten,Rotten,0.8327,0.0183,0.1489,0.8327,Rotten,0.9875,0.0006,0.0119,0.9875,Rotten,0.98,0.0004,0.0195,0.98,Rotten,0.9972,0.001,0.0018,0.9972,Rotten,0.9994,0.0001,0.0005,0.9994
D:\ML Project Freshness Detection\AgriFreshNET Freshness and Shelf-Life Image Datase\AgriFreshNET Freshness and Shelf-Life Image Datase\Processed Data\Processed Data\Rotten Tomato(24-35)\IMG-20260207-WA0018.jpg,Tomato,2,Rotten,Rotten,0.9994,0.0001,0.0006,0.9994,Rotten,0.9994,0.0003,0.0004,0.9994,Rotten,1.0,0.0,0.0,1.0,Rotten,0.9995,0.0002,0.0003,0.9995,Rotten,0.9994,0.0003,0.0003,0.9994
D:\ML Project Freshness Detection\AgriFreshNET Freshness and Shelf-Life Image Datase\AgriFreshNET Freshness and Shelf-Life Image Datase\Processed Data\Processed Data\Semi Fresh Bittermelon ( 3-5)\IMG_20251103_090546.jpg,Bittermelon,1,Semi-Fresh,Fresh,0.7776,0.7776,0.2215,0.001,Semi-Fresh,0.5063,0.4541,0.5063,0.0396,Semi-Fresh,0.9604,0.0061,0.9604,0.0335,Semi-Fresh,0.9396,0.0271,0.9396,0.0333,Semi-Fresh,0.9987,0.0004,0.9987,0.0009
D:\ML Project Freshness Detection\AgriFreshNET Freshness and Shelf-Life Image Datase\AgriFreshNET Freshness and Shelf-Life Image Datase\Processed Data\Processed Data\Rotten banana(7-13)\IMG_20251115_121120657_HDR_AE.jpg,Banana,2,Rotten,Rotten,0.9868,0.0034,0.0098,0.9868,Rotten,0.9903,0.0034,0.0063,0.9903,Rotten,0.9655,0.0094,0.0251,0.9655,Rotten,0.9781,0.0031,0.0188,0.9781,Rotten,0.983,0.0042,0.0128,0.983
D:\ML Project Freshness Detection\AgriFreshNET Freshness and Shelf-Life Image Datase\AgriFreshNET Freshness and Shelf-Life Image Datase\Processed Data\Processed Data\Semi Fresh Bittermelon ( 3-5)\IMG_20260116_025859.jpg,Bittermelon,1,Semi-Fresh,Semi-Fresh,0.818,0.0174,0.818,0.1646,Semi-Fresh,0.9134,0.0021,0.9134,0.0845,Semi-Fresh,0.9987,0.0004,0.9987,0.0009,Semi-Fresh,0.9569,0.0039,0.9569,0.0392,Semi-Fresh,0.9903,0.0002,0.9903,0.0095
D:\ML Project Freshness Detection\AgriFreshNET Freshness and Shelf-Life Image Datase\AgriFreshNET Freshness and Shelf-Life Image Datase\Processed Data\Processed Data\Rotten Orange(20-35)\aug_4_IMG-20251207-WA0010.jpg,Orange,2,Rotten,Rotten,0.8346,0.0535,0.1119,0.8346,Rotten,0.9877,0.0021,0.0102,0.9877,Rotten,0.9772,0.0087,0.014,0.9772,Rotten,0.9956,0.0028,0.0016,0.9956,Rotten,0.9625,0.0103,0.0272,0.9625
D:\ML Project Freshness Detection\AgriFreshNET Freshness and Shelf-Life Image Datase\AgriFreshNET Freshness and Shelf-Life Image Datase\Processed Data\Processed Data\Semi Fresh Papaya(4-7)\aug_82_IMG_20260120_004638.jpg,Papaya,1,Semi-Fresh,Fresh,0.7478,0.7478,0.2398,0.0124,Semi-Fresh,0.6034,0.0288,0.6034,0.3678,Semi-Fresh,0.5607,0.0026,0.5607,0.4367,Semi-Fresh,0.8253,0.0124,0.8253,0.1623,Semi-Fresh,0.9454,0.0149,0.9454,0.0397
D:\ML Project Freshness Detection\AgriFreshNET Freshness and Shelf-Life Image Datase\AgriFreshNET Freshness and Shelf-Life Image Datase\Processed Data\Processed Data\Fresh Tomato(1-10)\IMG_20251107_114221633_HDR_AE.jpg,Tomato,0,Fresh,Fresh,0.6826,0.6826,0.306,0.0115,Fresh,0.9527,0.9527,0.0411,0.0062,Fresh,0.9956,0.9956,0.0041,0.0003,Fresh,0.9959,0.9959,0.0037,0.0004,Fresh,0.9869,0.9869,0.0115,0.0016
D:\ML Project Freshness Detection\AgriFreshNET Freshness and Shelf-Life Image Datase\AgriFreshNET Freshness and Shelf-Life Image Datase\Processed Data\Processed Data\Semi Fresh Cucumber(6-12)\aug_296_IMG_20260212_155530.jpg,Cucumber,1,Semi-Fresh,Semi-Fresh,0.9586,0.0413,0.9586,0.0001,Semi-Fresh,0.9941,0.0056,0.9941,0.0003,Semi-Fresh,0.9979,0.0018,0.9979,0.0003,Semi-Fresh,0.9985,0.0004,0.9985,0.0011,Semi-Fresh,0.9966,0.003,0.9966,0.0003
D:\ML Project Freshness Detection\AgriFreshNET Freshness and Shelf-Life Image Datase\AgriFreshNET Freshness and Shelf-Life Image Datase\Processed Data\Processed Data\Rotten eggplant(8-15)\aug_18_IMG_20251105_103240230_HDR_AE.jpg,Eggplant,2,Rotten,Rotten,0.9081,0.039,0.053,0.9081,Rotten,0.9771,0.0041,0.0189,0.9771,Rotten,0.869,0.0018,0.1291,0.869,Rotten,0.9784,0.0097,0.012,0.9784,Rotten,0.9876,0.0008,0.0117,0.9876
D:\ML Project Freshness Detection\AgriFreshNET Freshness and Shelf-Life Image Datase\AgriFreshNET Freshness and Shelf-Life Image Datase\Processed Data\Processed Data\Rotten Cucumber(12-20)\aug_48_IMG_20251123_012331.jpg,Cucumber,2,Rotten,Rotten,0.9951,0.0009,0.0041,0.9951,Rotten,0.9962,0.0004,0.0034,0.9962,Rotten,0.9998,0.0,0.0002,0.9998,Rotten,0.9964,0.0017,0.0019,0.9964,Rotten,0.9991,0.0002,0.0007,0.9991
D:\ML Project Freshness Detection\AgriFreshNET Freshness and Shelf-Life Image Datase\AgriFreshNET Freshness and Shelf-Life Image Datase\Processed Data\Processed Data\Semi fresh Orange(9-20)\IMG_20251124_191350549_HDR.jpg,Orange,1,Semi-Fresh,Semi-Fresh,0.9856,0.0131,0.9856,0.0013,Semi-Fresh,0.9992,0.0001,0.9992,0.0007,Semi-Fresh,0.9994,0.0001,0.9994,0.0006,Semi-Fresh,0.9987,0.0007,0.9987,0.0006,Semi-Fresh,0.9993,0.0004,0.9993,0.0003
D:\ML Project Freshness Detection\AgriFreshNET Freshness and Shelf-Life Image Datase\AgriFreshNET Freshness and Shelf-Life Image Datase\Processed Data\Processed Data\Semi fresh Tomato(10-24)\IMG_20251113_123833228_HDR_AE.jpg,Tomato,1,Semi-Fresh,Rotten,0.7339,0.0073,0.2587,0.7339,Rotten,0.8198,0.0157,0.1645,0.8198,Semi-Fresh,0.6117,0.098,0.6117,0.2903,Rotten,0.8154,0.041,0.1436,0.8154,Rotten,0.8475,0.0177,0.1347,0.8475
D:\ML Project Freshness Detection\AgriFreshNET Freshness and Shelf-Life Image Datase\AgriFreshNET Freshness and Shelf-Life Image Datase\Processed Data\Processed Data\Fresh Orange(1-9)\aug_60_IMG-20251118-WA0005.jpg,Orange,0,Fresh,Fresh,0.9717,0.9717,0.0283,0.0,Fresh,0.9911,0.9911,0.0089,0.0,Fresh,0.9946,0.9946,0.0054,0.0,Fresh,0.9689,0.9689,0.0304,0.0007,Fresh,0.9955,0.9955,0.0039,0.0006
D:\ML Project Freshness Detection\AgriFreshNET Freshness and Shelf-Life Image Datase\AgriFreshNET Freshness and Shelf-Life Image Datase\Processed Data\Processed Data\Rotten Tomato(24-35)\aug_139_IMG_20260126_223711438_HDR.jpg,Tomato,2,Rotten,Rotten,0.8249,0.0015,0.1735,0.8249,Rotten,0.9937,0.0001,0.0062,0.9937,Rotten,0.9982,0.0,0.0018,0.9982,Rotten,0.9983,0.0001,0.0016,0.9983,Rotten,0.9969,0.0002,0.0029,0.9969
D:\ML Project Freshness Detection\AgriFreshNET Freshness and Shelf-Life Image Datase\AgriFreshNET Freshness and Shelf-Life Image Datase\Processed Data\Processed Data\Rotten Pineapple(25-35)\IMG-20251215-WA0055.jpg,Pineapple,2,Rotten,Rotten,0.9088,0.0075,0.0836,0.9088,Rotten,0.9867,0.0032,0.0101,0.9867,Rotten,0.9677,0.0003,0.0321,0.9677,Rotten,0.998,0.0007,0.0012,0.998,Rotten,0.9997,0.0001,0.0002,0.9997
D:\ML Project Freshness Detection\AgriFreshNET Freshness and Shelf-Life Image Datase\AgriFreshNET Freshness and Shelf-Life Image Datase\Processed Data\Processed Data\Rotten Tomato(24-35)\aug_134_IMG_20260123_182347543_HDR.jpg,Tomato,2,Rotten,Rotten,0.9666,0.0061,0.0273,0.9666,Rotten,0.889,0.0039,0.1071,0.889,Rotten,0.9398,0.0002,0.0599,0.9398,Rotten,0.9973,0.0006,0.0021,0.9973,Rotten,0.9669,0.0059,0.0272,0.9669
D:\ML Project Freshness Detection\AgriFreshNET Freshness and Shelf-Life Image Datase\AgriFreshNET Freshness and Shelf-Life Image Datase\Processed Data\Processed Data\Fresh Papaya(1-4)\aug_96_IMG_20260114_004647.jpg,Papaya,0,Fresh,Fresh,0.9562,0.9562,0.0411,0.0027,Fresh,0.656,0.656,0.3278,0.0162,Fresh,0.9871,0.9871,0.0061,0.0069,Fresh,0.8329,0.8329,0.1589,0.0083,Fresh,0.9879,0.9879,0.0113,0.0008
D:\ML Project Freshness Detection\AgriFreshNET Freshness and Shelf-Life Image Datase\AgriFreshNET Freshness and Shelf-Life Image Datase\Processed Data\Processed Data\Rotten Pineapple(25-35)\IMG-20260128-WA0026.jpg,Pineapple,2,Rotten,Rotten,0.9926,0.0015,0.0058,0.9926,Rotten,0.9999,0.0001,0.0001,0.9999,Rotten,0.9994,0.0002,0.0004,0.9994,Rotten,0.9978,0.0003,0.0019,0.9978,Rotten,0.9998,0.0,0.0002,0.9998
D:\ML Project Freshness Detection\AgriFreshNET Freshness and Shelf-Life Image Datase\AgriFreshNET Freshness and Shelf-Life Image Datase\Processed Data\Processed Data\Fresh Bittermelon(1-3)\aug_159_IMG_20251027_171022.jpg,Bittermelon,0,Fresh,Fresh,0.9919,0.9919,0.0078,0.0003,Fresh,0.9819,0.9819,0.0173,0.0008,Fresh,0.9982,0.9982,0.0017,0.0001,Fresh,0.9921,0.9921,0.0068,0.001,Fresh,0.9846,0.9846,0.013,0.0024
D:\ML Project Freshness Detection\AgriFreshNET Freshness and Shelf-Life Image Datase\AgriFreshNET Freshness and Shelf-Life Image Datase\Processed Data\Processed Data\Fresh pineapple(1-15)\IMG-20251125-WA0021.jpg,Pineapple,0,Fresh,Fresh,0.9652,0.9652,0.0346,0.0001,Fresh,0.9876,0.9876,0.012,0.0004,Fresh,0.9907,0.9907,0.0089,0.0004,Fresh,0.9979,0.9979,0.002,0.0001,Fresh,0.998,0.998,0.0018,0.0001
D:\ML Project Freshness Detection\AgriFreshNET Freshness and Shelf-Life Image Datase\AgriFreshNET Freshness and Shelf-Life Image Datase\Processed Data\Processed Data\Semi fresh banana(4-7)\IMG_20251124_190839735_HDR.jpg,Banana,1,Semi-Fresh,Semi-Fresh,0.829,0.0202,0.829,0.1508,Semi-Fresh,0.7639,0.0018,0.7639,0.2344,Semi-Fresh,0.8965,0.0028,0.8965,0.1008,Semi-Fresh,0.79,0.0141,0.79,0.1959,Semi-Fresh,0.9987,0.0005,0.9987,0.0007
D:\ML Project Freshness Detection\AgriFreshNET Freshness and Shelf-Life Image Datase\AgriFreshNET Freshness and Shelf-Life Image Datase\Processed Data\Processed Data\Semi_Fresh eggplant(4-8)\aug_81_IMG_20251127_192446741_HDR.jpg,Eggplant,1,Semi-Fresh,Semi-Fresh,0.8458,0.1283,0.8458,0.026,Semi-Fresh,0.9768,0.0161,0.9768,0.0071,Semi-Fresh,0.9829,0.0082,0.9829,0.0088,Semi-Fresh,0.9968,0.0007,0.9968,0.0025,Semi-Fresh,0.9973,0.0017,0.9973,0.001
D:\ML Project Freshness Detection\AgriFreshNET Freshness and Shelf-Life Image Datase\AgriFreshNET Freshness and Shelf-Life Image Datase\Processed Data\Processed Data\Fresh Orange(1-9)\IMG_20251104_132149845_HDR_AE.jpg,Orange,0,Fresh,Fresh,0.9594,0.9594,0.0363,0.0043,Fresh,0.9943,0.9943,0.0057,0.0001,Fresh,0.9923,0.9923,0.0073,0.0004,Fresh,0.9389,0.9389,0.0556,0.0054,Fresh,0.9982,0.9982,0.0015,0.0003
D:\ML Project Freshness Detection\AgriFreshNET Freshness and Shelf-Life Image Datase\AgriFreshNET Freshness and Shelf-Life Image Datase\Processed Data\Processed Data\Fresh Banana(1-4)\aug_252_IMG_20251102_075610660_HDR_AE.jpg,Banana,0,Fresh,Fresh,0.8631,0.8631,0.1361,0.0008,Fresh,0.9906,0.9906,0.0093,0.0,Fresh,0.9437,0.9437,0.0558,0.0005,Fresh,0.9984,0.9984,0.0014,0.0002,Fresh,0.9987,0.9987,0.0012,0.0001
D:\ML Project Freshness Detection\AgriFreshNET Freshness and Shelf-Life Image Datase\AgriFreshNET Freshness and Shelf-Life Image Datase\Processed Data\Processed Data\Fresh Cucumber(1-6)\aug_362_IMG_20260116_030136.jpg,Cucumber,0,Fresh,Fresh,0.9858,0.9858,0.0142,0.0,Fresh,0.9975,0.9975,0.0024,0.0001,Fresh,0.9981,0.9981,0.0019,0.0,Fresh,0.77,0.77,0.2088,0.0212,Fresh,0.9944,0.9944,0.0049,0.0008
D:\ML Project Freshness Detection\AgriFreshNET Freshness and Shelf-Life Image Datase\AgriFreshNET Freshness and Shelf-Life Image Datase\Processed Data\Processed Data\Semi Fresh Bittermelon ( 3-5)\aug_268_IMG_20251123_013314.jpg,Bittermelon,1,Semi-Fresh,Semi-Fresh,0.9619,0.0157,0.9619,0.0223,Semi-Fresh,0.9897,0.0009,0.9897,0.0095,Semi-Fresh,0.9995,0.0001,0.9995,0.0004,Semi-Fresh,0.9937,0.0004,0.9937,0.0059,Semi-Fresh,0.999,0.0004,0.999,0.0006
D:\ML Project Freshness Detection\AgriFreshNET Freshness and Shelf-Life Image Datase\AgriFreshNET Freshness and Shelf-Life Image Datase\Processed Data\Processed Data\Rotten Tomato(24-35)\aug_57_IMG_20251204_101504935_HDR_AE.jpg,Tomato,2,Rotten,Rotten,0.9509,0.0008,0.0483,0.9509,Rotten,0.9832,0.0025,0.0143,0.9832,Rotten,0.9995,0.0,0.0005,0.9995,Rotten,0.9989,0.0003,0.0007,0.9989,Rotten,0.9995,0.0001,0.0004,0.9995
D:\ML Project Freshness Detection\AgriFreshNET Freshness and Shelf-Life Image Datase\AgriFreshNET Freshness and Shelf-Life Image Datase\Processed Data\Processed Data\Semi fresh banana(4-7)\aug_142_IMG_20251123_105642229_HDR_AE.jpg,Banana,1,Semi-Fresh,Semi-Fresh,0.9607,0.0263,0.9607,0.013,Semi-Fresh,0.9787,0.0196,0.9787,0.0017,Semi-Fresh,0.9482,0.0315,0.9482,0.0204,Semi-Fresh,0.9911,0.0065,0.9911,0.0025,Semi-Fresh,0.9878,0.012,0.9878,0.0002
D:\ML Project Freshness Detection\AgriFreshNET Freshness and Shelf-Life Image Datase\AgriFreshNET Freshness and Shelf-Life Image Datase\Processed Data\Processed Data\Semi_Fresh eggplant(4-8)\aug_215_IMG_20251122_205131047_HDR.jpg,Eggplant,1,Semi-Fresh,Semi-Fresh,0.5102,0.4896,0.5102,0.0002,Semi-Fresh,0.8794,0.1183,0.8794,0.0022,Semi-Fresh,0.9595,0.0402,0.9595,0.0003,Semi-Fresh,0.8056,0.1928,0.8056,0.0017,Semi-Fresh,0.9344,0.0638,0.9344,0.0019
D:\ML Project Freshness Detection\AgriFreshNET Freshness and Shelf-Life Image Datase\AgriFreshNET Freshness and Shelf-Life Image Datase\Processed Data\Processed Data\Semi fresh Tomato(10-24)\IMG_20251121_145802146_HDR_AE.jpg,Tomato,1,Semi-Fresh,Semi-Fresh,0.6803,0.294,0.6803,0.0257,Semi-Fresh,0.8409,0.0236,0.8409,0.1355,Semi-Fresh,0.9331,0.0647,0.9331,0.0022,Semi-Fresh,0.9557,0.0386,0.9557,0.0057,Semi-Fresh,0.9909,0.0088,0.9909,0.0003
D:\ML Project Freshness Detection\AgriFreshNET Freshness and Shelf-Life Image Datase\AgriFreshNET Freshness and Shelf-Life Image Datase\Processed Data\Processed Data\Fresh Orange(1-9)\IMG_20251108_121806059_HDR_AE.jpg,Orange,0,Fresh,Fresh,0.8867,0.8867,0.1128,0.0006,Fresh,0.9887,0.9887,0.0112,0.0001,Fresh,0.9935,0.9935,0.0064,0.0,Fresh,0.9914,0.9914,0.0085,0.0002,Fresh,0.9981,0.9981,0.0017,0.0003
D:\ML Project Freshness Detection\AgriFreshNET Freshness and Shelf-Life Image Datase\AgriFreshNET Freshness and Shelf-Life Image Datase\Processed Data\Processed Data\Semi_Fresh eggplant(4-8)\IMG_20251130_182334645_HDR.jpg,Eggplant,1,Semi-Fresh,Semi-Fresh,0.8851,0.0759,0.8851,0.039,Semi-Fresh,0.9313,0.0193,0.9313,0.0494,Semi-Fresh,0.9817,0.0132,0.9817,0.0051,Semi-Fresh,0.9835,0.0067,0.9835,0.0098,Semi-Fresh,0.9026,0.0115,0.9026,0.0859
D:\ML Project Freshness Detection\AgriFreshNET Freshness and Shelf-Life Image Datase\AgriFreshNET Freshness and Shelf-Life Image Datase\Processed Data\Processed Data\Fresh Bittermelon(1-3)\aug_300_IMG_20260116_025943.jpg,Bittermelon,0,Fresh,Fresh,0.9775,0.9775,0.0221,0.0004,Fresh,0.9957,0.9957,0.0042,0.0001,Fresh,0.9952,0.9952,0.0033,0.0015,Fresh,0.9955,0.9955,0.003,0.0015,Fresh,0.9994,0.9994,0.0005,0.0001
D:\ML Project Freshness Detection\AgriFreshNET Freshness and Shelf-Life Image Datase\AgriFreshNET Freshness and Shelf-Life Image Datase\Processed Data\Processed Data\Semi Fresh Bittermelon ( 3-5)\aug_232_IMG_20251103_090546.jpg,Bittermelon,1,Semi-Fresh,Fresh,0.6881,0.6881,0.3088,0.0031,Fresh,0.5621,0.5621,0.3569,0.081,Semi-Fresh,0.9979,0.0009,0.9979,0.0012,Semi-Fresh,0.951,0.0282,0.951,0.0208,Semi-Fresh,0.9981,0.0004,0.9981,0.0015
D:\ML Project Freshness Detection\AgriFreshNET Freshness and Shelf-Life Image Datase\AgriFreshNET Freshness and Shelf-Life Image Datase\Processed Data\Processed Data\Fresh pineapple(1-15)\aug_243_WhatsApp Image 2025-11-01 at 2.54.29 PM (2).jpeg,Pineapple,0,Fresh,Fresh,0.967,0.967,0.0329,0.0001,Fresh,0.9633,0.9633,0.0358,0.0009,Fresh,0.9996,0.9996,0.0004,0.0,Fresh,0.9966,0.9966,0.0032,0.0002,Fresh,0.9997,0.9997,0.0002,0.0001
D:\ML Project Freshness Detection\AgriFreshNET Freshness and Shelf-Life Image Datase\AgriFreshNET Freshness and Shelf-Life Image Datase\Processed Data\Processed Data\Fresh Tomato(1-10)\IMG_20251123_223003413_HDR.jpg,Tomato,0,Fresh,Fresh,0.6717,0.6717,0.3091,0.0192,Fresh,0.7242,0.7242,0.1933,0.0826,Fresh,0.4867,0.4867,0.2579,0.2554,Fresh,0.8628,0.8628,0.1225,0.0147,Fresh,0.9256,0.9256,0.0692,0.0051
D:\ML Project Freshness Detection\AgriFreshNET Freshness and Shelf-Life Image Datase\AgriFreshNET Freshness and Shelf-Life Image Datase\Processed Data\Processed Data\Semi Fresh Papaya(4-7)\aug_389_IMG_20260214_025243.jpg,Papaya,1,Semi-Fresh,Fresh,0.8368,0.8368,0.1615,0.0017,Semi-Fresh,0.7747,0.1498,0.7747,0.0755,Semi-Fresh,0.9858,0.0094,0.9858,0.0048,Semi-Fresh,0.9949,0.0037,0.9949,0.0014,Semi-Fresh,0.9923,0.0034,0.9923,0.0043
D:\ML Project Freshness Detection\AgriFreshNET Freshness and Shelf-Life Image Datase\AgriFreshNET Freshness and Shelf-Life Image Datase\Processed Data\Processed Data\Rotten Pineapple(25-35)\aug_171_IMG-20260130-WA0115.jpg,Pineapple,2,Rotten,Rotten,0.9984,0.0003,0.0012,0.9984,Rotten,0.9998,0.0001,0.0002,0.9998,Rotten,0.9987,0.0004,0.0009,0.9987,Rotten,0.9977,0.001,0.0014,0.9977,Rotten,0.9999,0.0,0.0001,0.9999
D:\ML Project Freshness Detection\AgriFreshNET Freshness and Shelf-Life Image Datase\AgriFreshNET Freshness and Shelf-Life Image Datase\Processed Data\Processed Data\Rotten Bittermelon(5-8)\aug_234_IMG_20260122_003503.jpg,Bittermelon,2,Rotten,Rotten,0.9976,0.0,0.0023,0.9976,Rotten,0.9975,0.0003,0.0022,0.9975,Rotten,0.9998,0.0,0.0002,0.9998,Rotten,0.9991,0.0002,0.0007,0.9991,Rotten,0.9997,0.0001,0.0002,0.9997
D:\ML Project Freshness Detection\AgriFreshNET Freshness and Shelf-Life Image Datase\AgriFreshNET Freshness and Shelf-Life Image Datase\Processed Data\Processed Data\Rotten Orange(20-35)\aug_135_IMG-20251207-WA0007.jpg,Orange,2,Rotten,Rotten,0.6571,0.0168,0.3262,0.6571,Rotten,0.9102,0.0004,0.0893,0.9102,Rotten,0.989,0.0027,0.0083,0.989,Rotten,0.9854,0.0025,0.0121,0.9854,Rotten,0.9957,0.0004,0.0039,0.9957
D:\ML Project Freshness Detection\AgriFreshNET Freshness and Shelf-Life Image Datase\AgriFreshNET Freshness and Shelf-Life Image Datase\Processed Data\Processed Data\Semi Fresh Bittermelon ( 3-5)\aug_71_IMG_20260116_025936.jpg,Bittermelon,1,Semi-Fresh,Semi-Fresh,0.7818,0.0448,0.7818,0.1734,Semi-Fresh,0.9697,0.0008,0.9697,0.0295,Semi-Fresh,0.9951,0.0002,0.9951,0.0047,Semi-Fresh,0.921,0.022,0.921,0.057,Semi-Fresh,0.9951,0.001,0.9951,0.0039
D:\ML Project Freshness Detection\AgriFreshNET Freshness and Shelf-Life Image Datase\AgriFreshNET Freshness and Shelf-Life Image Datase\Processed Data\Processed Data\Rotten Orange(20-35)\aug_468_IMG-20251215-WA0018.jpg,Orange,2,Rotten,Rotten,0.9551,0.0005,0.0444,0.9551,Rotten,0.9969,0.0,0.0031,0.9969,Rotten,0.9862,0.0001,0.0137,0.9862,Rotten,0.9993,0.0001,0.0006,0.9993,Rotten,0.9968,0.0002,0.003,0.9968
D:\ML Project Freshness Detection\AgriFreshNET Freshness and Shelf-Life Image Datase\AgriFreshNET Freshness and Shelf-Life Image Datase\Processed Data\Processed Data\Fresh Bittermelon(1-3)\aug_50_IMG_20260116_030242.jpg,Bittermelon,0,Fresh,Fresh,0.9601,0.9601,0.0387,0.0012,Fresh,0.9986,0.9986,0.0014,0.0,Fresh,0.9984,0.9984,0.0015,0.0002,Fresh,0.9979,0.9979,0.002,0.0001,Fresh,0.9992,0.9992,0.0007,0.0001
D:\ML Project Freshness Detection\AgriFreshNET Freshness and Shelf-Life Image Datase\AgriFreshNET Freshness and Shelf-Life Image Datase\Processed Data\Processed Data\Rotten Cucumber(12-20)\aug_397_IMG_20251121_080655.jpg,Cucumber,2,Rotten,Rotten,0.9185,0.0287,0.0528,0.9185,Rotten,0.9704,0.0023,0.0274,0.9704,Rotten,0.9822,0.0001,0.0177,0.9822,Rotten,0.9953,0.0011,0.0036,0.9953,Rotten,0.9976,0.0003,0.0021,0.9976
D:\ML Project Freshness Detection\AgriFreshNET Freshness and Shelf-Life Image Datase\AgriFreshNET Freshness and Shelf-Life Image Datase\Processed Data\Processed Data\Rotten Pineapple(25-35)\IMG-20251215-WA0027.jpg,Pineapple,2,Rotten,Rotten,0.8551,0.0363,0.1086,0.8551,Rotten,0.9492,0.0086,0.0422,0.9492,Rotten,0.9786,0.0001,0.0213,0.9786,Rotten,0.9754,0.0014,0.0232,0.9754,Rotten,0.9979,0.0002,0.0019,0.9979
D:\ML Project Freshness Detection\AgriFreshNET Freshness and Shelf-Life Image Datase\AgriFreshNET Freshness and Shelf-Life Image Datase\Processed Data\Processed Data\Fresh Papaya(1-4)\aug_37_IMG_20260114_004402.jpg,Papaya,0,Fresh,Fresh,0.9518,0.9518,0.0427,0.0055,Fresh,0.9868,0.9868,0.0127,0.0006,Fresh,0.9999,0.9999,0.0001,0.0,Fresh,0.9909,0.9909,0.0089,0.0002,Fresh,0.9974,0.9974,0.0023,0.0003
D:\ML Project Freshness Detection\AgriFreshNET Freshness and Shelf-Life Image Datase\AgriFreshNET Freshness and Shelf-Life Image Datase\Processed Data\Processed Data\Semi_Fresh eggplant(4-8)\eggplant(7).jpeg,Eggplant,1,Semi-Fresh,Rotten,0.7435,0.1529,0.1036,0.7435,Rotten,0.9234,0.0472,0.0294,0.9234,Rotten,0.7003,0.2227,0.077,0.7003,Fresh,0.6619,0.6619,0.129,0.2092,Rotten,0.5855,0.059,0.3555,0.5855
D:\ML Project Freshness Detection\AgriFreshNET Freshness and Shelf-Life Image Datase\AgriFreshNET Freshness and Shelf-Life Image Datase\Processed Data\Processed Data\Fresh Banana(1-4)\aug_66_IMG_20251121_143901589_HDR_AE.jpg,Banana,0,Fresh,Fresh,0.6478,0.6478,0.3288,0.0234,Fresh,0.9483,0.9483,0.0507,0.0011,Fresh,0.9926,0.9926,0.0072,0.0002,Fresh,0.9951,0.9951,0.0042,0.0007,Fresh,0.7886,0.7886,0.2108,0.0005
D:\ML Project Freshness Detection\AgriFreshNET Freshness and Shelf-Life Image Datase\AgriFreshNET Freshness and Shelf-Life Image Datase\Processed Data\Processed Data\Fresh eggplant(1-4)\IMG_20251108_122051359_HDR_AE.jpg,Eggplant,0,Fresh,Fresh,0.8582,0.8582,0.1309,0.0109,Fresh,0.8577,0.8577,0.1329,0.0094,Fresh,0.9023,0.9023,0.0854,0.0122,Fresh,0.9743,0.9743,0.0232,0.0026,Fresh,0.9736,0.9736,0.0259,0.0005
D:\ML Project Freshness Detection\AgriFreshNET Freshness and Shelf-Life Image Datase\AgriFreshNET Freshness and Shelf-Life Image Datase\Processed Data\Processed Data\Semi fresh Tomato(10-24)\aug_144_IMG_20251114_214007217_HDR.jpg,Tomato,1,Semi-Fresh,Semi-Fresh,0.7116,0.1903,0.7116,0.0981,Semi-Fresh,0.9545,0.0229,0.9545,0.0226,Semi-Fresh,0.9582,0.0383,0.9582,0.0035,Semi-Fresh,0.9564,0.0026,0.9564,0.0411,Semi-Fresh,0.9464,0.0501,0.9464,0.0035
D:\ML Project Freshness Detection\AgriFreshNET Freshness and Shelf-Life Image Datase\AgriFreshNET Freshness and Shelf-Life Image Datase\Processed Data\Processed Data\Fresh pineapple(1-15)\aug_118_IMG-20251130-WA0015.jpg,Pineapple,0,Fresh,Fresh,0.9188,0.9188,0.0774,0.0038,Fresh,0.9872,0.9872,0.0116,0.0012,Fresh,0.9986,0.9986,0.0013,0.0,Fresh,0.9926,0.9926,0.0067,0.0006,Fresh,0.9977,0.9977,0.0021,0.0002
D:\ML Project Freshness Detection\AgriFreshNET Freshness and Shelf-Life Image Datase\AgriFreshNET Freshness and Shelf-Life Image Datase\Processed Data\Processed Data\Fresh Cucumber(1-6)\aug_200_IMG_20260204_152132.jpg,Cucumber,0,Fresh,Fresh,0.996,0.996,0.004,0.0,Fresh,0.9973,0.9973,0.0027,0.0,Fresh,0.9971,0.9971,0.0028,0.0001,Fresh,0.9994,0.9994,0.0006,0.0,Fresh,0.9974,0.9974,0.0021,0.0005
D:\ML Project Freshness Detection\AgriFreshNET Freshness and Shelf-Life Image Datase\AgriFreshNET Freshness and Shelf-Life Image Datase\Processed Data\Processed Data\Semi fresh Tomato(10-24)\IMG_20251121_145711944_HDR_AE.jpg,Tomato,1,Semi-Fresh,Semi-Fresh,0.7986,0.0883,0.7986,0.1131,Semi-Fresh,0.9556,0.0186,0.9556,0.0258,Semi-Fresh,0.9489,0.0327,0.9489,0.0183,Semi-Fresh,0.9991,0.0005,0.9991,0.0004,Semi-Fresh,0.9973,0.001,0.9973,0.0017
D:\ML Project Freshness Detection\AgriFreshNET Freshness and Shelf-Life Image Datase\AgriFreshNET Freshness and Shelf-Life Image Datase\Processed Data\Processed Data\Fresh Orange(1-9)\IMG-20251117-WA0008.jpg,Orange,0,Fresh,Fresh,0.9874,0.9874,0.0125,0.0001,Fresh,0.9546,0.9546,0.0453,0.0002,Fresh,0.9938,0.9938,0.0061,0.0,Fresh,0.7562,0.7562,0.2375,0.0063,Fresh,0.9765,0.9765,0.0219,0.0016
D:\ML Project Freshness Detection\AgriFreshNET Freshness and Shelf-Life Image Datase\AgriFreshNET Freshness and Shelf-Life Image Datase\Processed Data\Processed Data\Fresh Orange(1-9)\IMG-20251115-WA0011.jpg,Orange,0,Fresh,Fresh,0.7666,0.7666,0.2217,0.0117,Fresh,0.9907,0.9907,0.0092,0.0001,Fresh,0.9908,0.9908,0.0082,0.001,Fresh,0.9912,0.9912,0.0074,0.0014,Fresh,0.9856,0.9856,0.0114,0.003
D:\ML Project Freshness Detection\AgriFreshNET Freshness and Shelf-Life Image Datase\AgriFreshNET Freshness and Shelf-Life Image Datase\Processed Data\Processed Data\Rotten eggplant(8-15)\aug_49_IMG_20251106_160407931_HDR_AE.jpg,Eggplant,2,Rotten,Rotten,0.9256,0.0413,0.033,0.9256,Rotten,0.9635,0.007,0.0295,0.9635,Rotten,0.9745,0.0137,0.0118,0.9745,Rotten,0.8808,0.0595,0.0597,0.8808,Rotten,0.9887,0.0046,0.0067,0.9887
D:\ML Project Freshness Detection\AgriFreshNET Freshness and Shelf-Life Image Datase\AgriFreshNET Freshness and Shelf-Life Image Datase\Processed Data\Processed Data\Fresh Tomato(1-10)\IMG_20251126_192701267_HDR.jpg,Tomato,0,Fresh,Fresh,0.6618,0.6618,0.3168,0.0214,Fresh,0.6498,0.6498,0.0915,0.2588,Fresh,0.9757,0.9757,0.0192,0.0051,Fresh,0.9955,0.9955,0.003,0.0015,Fresh,0.9872,0.9872,0.0114,0.0014
D:\ML Project Freshness Detection\AgriFreshNET Freshness and Shelf-Life Image Datase\AgriFreshNET Freshness and Shelf-Life Image Datase\Processed Data\Processed Data\Rotten Tomato(24-35)\IMG_20260128_095525459_HDR_AE.jpg,Tomato,2,Rotten,Rotten,0.9367,0.0011,0.0621,0.9367,Rotten,0.9985,0.0001,0.0014,0.9985,Rotten,0.9994,0.0001,0.0005,0.9994,Rotten,0.9989,0.0002,0.0008,0.9989,Rotten,0.9994,0.0001,0.0004,0.9994
D:\ML Project Freshness Detection\AgriFreshNET Freshness and Shelf-Life Image Datase\AgriFreshNET Freshness and Shelf-Life Image Datase\Processed Data\Processed Data\Rotten Papaya(7-12)\IMG_20260125_005156.jpg,Papaya,2,Rotten,Rotten,0.7834,0.043,0.1735,0.7834,Rotten,0.9465,0.0001,0.0534,0.9465,Rotten,0.7353,0.0013,0.2635,0.7353,Rotten,0.8753,0.0015,0.1233,0.8753,Rotten,0.9688,0.0005,0.0308,0.9688
D:\ML Project Freshness Detection\AgriFreshNET Freshness and Shelf-Life Image Datase\AgriFreshNET Freshness and Shelf-Life Image Datase\Processed Data\Processed Data\Semi fresh Tomato(10-24)\aug_203_IMG_20251121_145835516_HDR_AE.jpg,Tomato,1,Semi-Fresh,Semi-Fresh,0.5725,0.3791,0.5725,0.0484,Semi-Fresh,0.4992,0.4766,0.4992,0.0242,Semi-Fresh,0.9227,0.0756,0.9227,0.0017,Semi-Fresh,0.9839,0.0139,0.9839,0.0023,Semi-Fresh,0.9896,0.0087,0.9896,0.0017
D:\ML Project Freshness Detection\AgriFreshNET Freshness and Shelf-Life Image Datase\AgriFreshNET Freshness and Shelf-Life Image Datase\Processed Data\Processed Data\Fresh Tomato(1-10)\IMG_20251122_210638030_HDR.jpg,Tomato,0,Fresh,Fresh,0.9443,0.9443,0.0554,0.0003,Fresh,0.9824,0.9824,0.017,0.0006,Fresh,0.9744,0.9744,0.0232,0.0024,Fresh,0.9928,0.9928,0.0061,0.0011,Fresh,0.9952,0.9952,0.0031,0.0017
D:\ML Project Freshness Detection\AgriFreshNET Freshness and Shelf-Life Image Datase\AgriFreshNET Freshness and Shelf-Life Image Datase\Processed Data\Processed Data\Semi Fresh Papaya(4-7)\aug_472_IMG_20260214_025243.jpg,Papaya,1,Semi-Fresh,Fresh,0.8785,0.8785,0.1202,0.0012,Semi-Fresh,0.7828,0.1498,0.7828,0.0673,Semi-Fresh,0.9857,0.011,0.9857,0.0033,Semi-Fresh,0.9926,0.006,0.9926,0.0014,Semi-Fresh,0.9951,0.002,0.9951,0.0029
D:\ML Project Freshness Detection\AgriFreshNET Freshness and Shelf-Life Image Datase\AgriFreshNET Freshness and Shelf-Life Image Datase\Processed Data\Processed Data\Semi Fresh Cucumber(6-12)\aug_169_IMG_20260212_155558.jpg,Cucumber,1,Semi-Fresh,Semi-Fresh,0.8382,0.0703,0.8382,0.0914,Semi-Fresh,0.9994,0.0001,0.9994,0.0005,Semi-Fresh,0.9935,0.0005,0.9935,0.006,Semi-Fresh,0.998,0.001,0.998,0.0011,Semi-Fresh,0.9964,0.0019,0.9964,0.0017
D:\ML Project Freshness Detection\AgriFreshNET Freshness and Shelf-Life Image Datase\AgriFreshNET Freshness and Shelf-Life Image Datase\Processed Data\Processed Data\Rotten Cucumber(12-20)\aug_15_IMG_20251202_015533.jpg,Cucumber,2,Rotten,Rotten,0.9912,0.0031,0.0057,0.9912,Rotten,0.9596,0.0015,0.0389,0.9596,Rotten,0.9999,0.0,0.0001,0.9999,Rotten,0.9946,0.0019,0.0035,0.9946,Rotten,0.9947,0.0028,0.0025,0.9947
D:\ML Project Freshness Detection\AgriFreshNET Freshness and Shelf-Life Image Datase\AgriFreshNET Freshness and Shelf-Life Image Datase\Processed Data\Processed Data\Rotten Tomato(24-35)\IMG_20260123_182347543_HDR.jpg,Tomato,2,Rotten,Rotten,0.9478,0.0074,0.0448,0.9478,Rotten,0.8702,0.0043,0.1256,0.8702,Rotten,0.9415,0.0002,0.0583,0.9415,Rotten,0.9961,0.0007,0.0032,0.9961,Rotten,0.956,0.0077,0.0363,0.956
D:\ML Project Freshness Detection\AgriFreshNET Freshness and Shelf-Life Image Datase\AgriFreshNET Freshness and Shelf-Life Image Datase\Processed Data\Processed Data\Rotten Orange(20-35)\IMG-20251114-WA0009.jpg,Orange,2,Rotten,Rotten,0.9637,0.009,0.0273,0.9637,Rotten,0.9673,0.005,0.0277,0.9673,Rotten,0.9956,0.0005,0.0039,0.9956,Rotten,0.9979,0.0007,0.0014,0.9979,Rotten,0.9992,0.0001,0.0007,0.9992
D:\ML Project Freshness Detection\AgriFreshNET Freshness and Shelf-Life Image Datase\AgriFreshNET Freshness and Shelf-Life Image Datase\Processed Data\Processed Data\Semi fresh Tomato(10-24)\aug_233_IMG_20251117_140619601_HDR_AE.jpg,Tomato,1,Semi-Fresh,Fresh,0.5036,0.5036,0.4739,0.0225,Semi-Fresh,0.6153,0.3776,0.6153,0.0072,Semi-Fresh,0.8719,0.1273,0.8719,0.0008,Semi-Fresh,0.874,0.1239,0.874,0.0021,Fresh,0.8819,0.8819,0.1139,0.0042
D:\ML Project Freshness Detection\AgriFreshNET Freshness and Shelf-Life Image Datase\AgriFreshNET Freshness and Shelf-Life Image Datase\Processed Data\Processed Data\Semi_Fresh eggplant(4-8)\aug_331_IMG_20251130_182101921_HDR.jpg,Eggplant,1,Semi-Fresh,Semi-Fresh,0.9321,0.0581,0.9321,0.0099,Semi-Fresh,0.9673,0.0193,0.9673,0.0134,Semi-Fresh,0.8489,0.1242,0.8489,0.0269,Semi-Fresh,0.9892,0.0024,0.9892,0.0084,Semi-Fresh,0.9946,0.0006,0.9946,0.0048
D:\ML Project Freshness Detection\AgriFreshNET Freshness and Shelf-Life Image Datase\AgriFreshNET Freshness and Shelf-Life Image Datase\Processed Data\Processed Data\Rotten Orange(20-35)\aug_456_IMG-20260128-WA0014.jpg,Orange,2,Rotten,Rotten,0.995,0.0,0.005,0.995,Rotten,0.9947,0.0001,0.0052,0.9947,Rotten,0.9989,0.0,0.0011,0.9989,Rotten,0.9982,0.0006,0.0013,0.9982,Rotten,0.9998,0.0,0.0002,0.9998
D:\ML Project Freshness Detection\AgriFreshNET Freshness and Shelf-Life Image Datase\AgriFreshNET Freshness and Shelf-Life Image Datase\Processed Data\Processed Data\Semi fresh Orange(9-20)\IMG_20251124_191407197_HDR.jpg,Orange,1,Semi-Fresh,Semi-Fresh,0.9689,0.03,0.9689,0.0011,Semi-Fresh,0.9982,0.0009,0.9982,0.0009,Semi-Fresh,1.0,0.0,1.0,0.0,Semi-Fresh,0.9995,0.0002,0.9995,0.0003,Semi-Fresh,0.9995,0.0004,0.9995,0.0001
D:\ML Project Freshness Detection\AgriFreshNET Freshness and Shelf-Life Image Datase\AgriFreshNET Freshness and Shelf-Life Image Datase\Processed Data\Processed Data\Semi fresh Tomato(10-24)\aug_206_IMG_20251122_210959945_HDR.jpg,Tomato,1,Semi-Fresh,Semi-Fresh,0.6837,0.2385,0.6837,0.0778,Semi-Fresh,0.7859,0.004,0.7859,0.2101,Semi-Fresh,0.9768,0.0005,0.9768,0.0227,Semi-Fresh,0.9707,0.0015,0.9707,0.0278,Semi-Fresh,0.9753,0.0013,0.9753,0.0234
D:\ML Project Freshness Detection\AgriFreshNET Freshness and Shelf-Life Image Datase\AgriFreshNET Freshness and Shelf-Life Image Datase\Processed Data\Processed Data\Rotten Tomato(24-35)\IMG_20260123_182426190_HDR.jpg,Tomato,2,Rotten,Rotten,0.996,0.0011,0.0028,0.996,Rotten,0.9759,0.0025,0.0216,0.9759,Rotten,0.9979,0.0001,0.002,0.9979,Rotten,0.9986,0.0003,0.0011,0.9986,Rotten,0.9983,0.0002,0.0015,0.9983
D:\ML Project Freshness Detection\AgriFreshNET Freshness and Shelf-Life Image Datase\AgriFreshNET Freshness and Shelf-Life Image Datase\Processed Data\Processed Data\Rotten Bittermelon(5-8)\IMG_20260120_004905.jpg,Bittermelon,2,Rotten,Rotten,0.7776,0.0025,0.2199,0.7776,Rotten,0.9972,0.0001,0.0027,0.9972,Rotten,0.9982,0.0001,0.0017,0.9982,Rotten,0.9937,0.001,0.0053,0.9937,Rotten,0.9984,0.0002,0.0014,0.9984
D:\ML Project Freshness Detection\AgriFreshNET Freshness and Shelf-Life Image Datase\AgriFreshNET Freshness and Shelf-Life Image Datase\Processed Data\Processed Data\Rotten Pineapple(25-35)\aug_169_IMG-20251230-WA0013.jpg,Pineapple,2,Rotten,Rotten,0.8641,0.0312,0.1047,0.8641,Rotten,0.9984,0.0012,0.0004,0.9984,Rotten,0.9953,0.0001,0.0046,0.9953,Rotten,0.9932,0.0035,0.0033,0.9932,Rotten,0.9999,0.0,0.0001,0.9999
D:\ML Project Freshness Detection\AgriFreshNET Freshness and Shelf-Life Image Datase\AgriFreshNET Freshness and Shelf-Life Image Datase\Processed Data\Processed Data\Semi Fresh Papaya(4-7)\aug_261_IMG_20260123_013740.jpg,Papaya,1,Semi-Fresh,Semi-Fresh,0.8755,0.056,0.8755,0.0686,Semi-Fresh,0.9943,0.002,0.9943,0.0037,Semi-Fresh,0.9808,0.0059,0.9808,0.0132,Semi-Fresh,0.9989,0.0002,0.9989,0.0008,Semi-Fresh,0.9988,0.0005,0.9988,0.0007
D:\ML Project Freshness Detection\AgriFreshNET Freshness and Shelf-Life Image Datase\AgriFreshNET Freshness and Shelf-Life Image Datase\Processed Data\Processed Data\Rotten Papaya(7-12)\IMG_20260209_011143.jpg,Papaya,2,Rotten,Rotten,0.9997,0.0,0.0003,0.9997,Rotten,0.9999,0.0,0.0,0.9999,Rotten,1.0,0.0,0.0,1.0,Rotten,0.9978,0.001,0.0012,0.9978,Rotten,0.9994,0.0001,0.0004,0.9994
D:\ML Project Freshness Detection\AgriFreshNET Freshness and Shelf-Life Image Datase\AgriFreshNET Freshness and Shelf-Life Image Datase\Processed Data\Processed Data\Fresh pineapple(1-15)\aug_262_IMG_20251110_094540397_HDR_AE.jpg,Pineapple,0,Fresh,Fresh,0.9034,0.9034,0.0959,0.0006,Fresh,0.9931,0.9931,0.0068,0.0001,Fresh,0.9996,0.9996,0.0004,0.0,Fresh,0.9978,0.9978,0.002,0.0001,Fresh,0.999,0.999,0.0009,0.0001
D:\ML Project Freshness Detection\AgriFreshNET Freshness and Shelf-Life Image Datase\AgriFreshNET Freshness and Shelf-Life Image Datase\Processed Data\Processed Data\Fresh Banana(1-4)\aug_309_IMG_20251120_203131162_HDR.jpg,Banana,0,Fresh,Fresh,0.98,0.98,0.0199,0.0001,Fresh,0.9648,0.9648,0.032,0.0031,Fresh,0.9964,0.9964,0.0034,0.0002,Fresh,0.9904,0.9904,0.0087,0.0009,Fresh,0.9991,0.9991,0.0008,0.0
D:\ML Project Freshness Detection\AgriFreshNET Freshness and Shelf-Life Image Datase\AgriFreshNET Freshness and Shelf-Life Image Datase\Processed Data\Processed Data\Fresh Tomato(1-10)\IMG_20251124_192218313_HDR.jpg,Tomato,0,Fresh,Fresh,0.629,0.629,0.3697,0.0013,Fresh,0.9841,0.9841,0.0155,0.0004,Fresh,0.9206,0.9206,0.0759,0.0035,Fresh,0.9923,0.9923,0.0062,0.0015,Fresh,0.9978,0.9978,0.0019,0.0002
D:\ML Project Freshness Detection\AgriFreshNET Freshness and Shelf-Life Image Datase\AgriFreshNET Freshness and Shelf-Life Image Datase\Processed Data\Processed Data\Semi Fresh Cucumber(6-12)\aug_66_IMG_20251117_160510.jpg,Cucumber,1,Semi-Fresh,Rotten,0.8385,0.0458,0.1158,0.8385,Semi-Fresh,0.5683,0.0168,0.5683,0.4149,Rotten,0.7723,0.0002,0.2275,0.7723,Rotten,0.6683,0.0068,0.3249,0.6683,Rotten,0.7646,0.0036,0.2318,0.7646
D:\ML Project Freshness Detection\AgriFreshNET Freshness and Shelf-Life Image Datase\AgriFreshNET Freshness and Shelf-Life Image Datase\Processed Data\Processed Data\Rotten Cucumber(12-20)\aug_253_IMG_20260202_032555.jpg,Cucumber,2,Rotten,Rotten,0.7925,0.0132,0.1943,0.7925,Rotten,0.9825,0.0006,0.017,0.9825,Rotten,0.981,0.001,0.0179,0.981,Rotten,0.9983,0.0003,0.0014,0.9983,Rotten,0.9997,0.0,0.0003,0.9997
D:\ML Project Freshness Detection\AgriFreshNET Freshness and Shelf-Life Image Datase\AgriFreshNET Freshness and Shelf-Life Image Datase\Processed Data\Processed Data\Fresh Banana(1-4)\IMG_20251121_143835911_HDR_AE.jpg,Banana,0,Fresh,Fresh,0.6757,0.6757,0.3087,0.0156,Fresh,0.9712,0.9712,0.0284,0.0003,Semi-Fresh,0.6709,0.3233,0.6709,0.0058,Fresh,0.88,0.88,0.1188,0.0012,Fresh,0.9983,0.9983,0.0016,0.0001
D:\ML Project Freshness Detection\AgriFreshNET Freshness and Shelf-Life Image Datase\AgriFreshNET Freshness and Shelf-Life Image Datase\Processed Data\Processed Data\Rotten Papaya(7-12)\aug_118_IMG_20251202_021441.jpg,Papaya,2,Rotten,Rotten,0.9856,0.0015,0.0129,0.9856,Rotten,0.9996,0.0,0.0004,0.9996,Rotten,0.9999,0.0,0.0001,0.9999,Rotten,0.9986,0.0006,0.0008,0.9986,Rotten,0.9993,0.0001,0.0006,0.9993
D:\ML Project Freshness Detection\AgriFreshNET Freshness and Shelf-Life Image Datase\AgriFreshNET Freshness and Shelf-Life Image Datase\Processed Data\Processed Data\Rotten Papaya(7-12)\IMG_20260202_032729.jpg,Papaya,2,Rotten,Rotten,0.9494,0.0076,0.043,0.9494,Rotten,0.9987,0.0001,0.0013,0.9987,Rotten,0.9997,0.0001,0.0003,0.9997,Rotten,0.9996,0.0001,0.0003,0.9996,Rotten,0.9989,0.0001,0.0009,0.9989
D:\ML Project Freshness Detection\AgriFreshNET Freshness and Shelf-Life Image Datase\AgriFreshNET Freshness and Shelf-Life Image Datase\Processed Data\Processed Data\Rotten Orange(20-35)\IMG-20251113-WA0027.jpg,Orange,2,Rotten,Rotten,0.9193,0.0433,0.0374,0.9193,Rotten,0.9834,0.0076,0.009,0.9834,Rotten,0.9614,0.0329,0.0057,0.9614,Rotten,0.994,0.0039,0.0021,0.994,Rotten,0.9993,0.0004,0.0003,0.9993
D:\ML Project Freshness Detection\AgriFreshNET Freshness and Shelf-Life Image Datase\AgriFreshNET Freshness and Shelf-Life Image Datase\Processed Data\Processed Data\Rotten Cucumber(12-20)\aug_282_IMG_20260209_011500.jpg,Cucumber,2,Rotten,Rotten,0.9949,0.0007,0.0044,0.9949,Rotten,0.9977,0.0006,0.0017,0.9977,Rotten,0.9992,0.0001,0.0008,0.9992,Rotten,0.9983,0.0007,0.001,0.9983,Rotten,0.9999,0.0,0.0001,0.9999
D:\ML Project Freshness Detection\AgriFreshNET Freshness and Shelf-Life Image Datase\AgriFreshNET Freshness and Shelf-Life Image Datase\Processed Data\Processed Data\Rotten Pineapple(25-35)\aug_26_IMG-20260128-WA0027.jpg,Pineapple,2,Rotten,Rotten,0.9814,0.0021,0.0165,0.9814,Rotten,0.9998,0.0001,0.0001,0.9998,Rotten,0.9838,0.005,0.0111,0.9838,Rotten,0.9965,0.001,0.0025,0.9965,Rotten,0.9999,0.0,0.0001,0.9999
D:\ML Project Freshness Detection\AgriFreshNET Freshness and Shelf-Life Image Datase\AgriFreshNET Freshness and Shelf-Life Image Datase\Processed Data\Processed Data\Semi Fresh Bittermelon ( 3-5)\aug_267_IMG_20260120_004758.jpg,Bittermelon,1,Semi-Fresh,Semi-Fresh,0.9059,0.0514,0.9059,0.0428,Semi-Fresh,0.9697,0.0152,0.9697,0.0151,Semi-Fresh,0.9976,0.0023,0.9976,0.0001,Semi-Fresh,0.9994,0.0002,0.9994,0.0004,Semi-Fresh,0.996,0.0012,0.996,0.0027
D:\ML Project Freshness Detection\AgriFreshNET Freshness and Shelf-Life Image Datase\AgriFreshNET Freshness and Shelf-Life Image Datase\Processed Data\Processed Data\Semi fresh Tomato(10-24)\aug_140_IMG_20251113_124007747_HDR_AE.jpg,Tomato,1,Semi-Fresh,Semi-Fresh,0.5329,0.4586,0.5329,0.0084,Fresh,0.4361,0.4361,0.2969,0.267,Fresh,0.736,0.736,0.2359,0.0282,Semi-Fresh,0.9252,0.0678,0.9252,0.007,Semi-Fresh,0.933,0.0584,0.933,0.0086
D:\ML Project Freshness Detection\AgriFreshNET Freshness and Shelf-Life Image Datase\AgriFreshNET Freshness and Shelf-Life Image Datase\Processed Data\Processed Data\Rotten Orange(20-35)\aug_457_IMG-20260130-WA0100.jpg,Orange,2,Rotten,Rotten,0.925,0.0005,0.0746,0.925,Rotten,0.9969,0.0002,0.0029,0.9969,Rotten,0.9911,0.0,0.0088,0.9911,Rotten,0.9953,0.0019,0.0028,0.9953,Rotten,0.9925,0.0002,0.0073,0.9925
D:\ML Project Freshness Detection\AgriFreshNET Freshness and Shelf-Life Image Datase\AgriFreshNET Freshness and Shelf-Life Image Datase\Processed Data\Processed Data\Rotten Tomato(24-35)\aug_200_IMG_20260126_223524935_HDR.jpg,Tomato,2,Rotten,Rotten,0.9845,0.0004,0.0152,0.9845,Rotten,0.997,0.0001,0.0029,0.997,Rotten,0.998,0.0,0.002,0.998,Rotten,0.9982,0.0,0.0017,0.9982,Rotten,0.9922,0.0005,0.0073,0.9922
D:\ML Project Freshness Detection\AgriFreshNET Freshness and Shelf-Life Image Datase\AgriFreshNET Freshness and Shelf-Life Image Datase\Processed Data\Processed Data\Semi Fresh Bittermelon ( 3-5)\aug_241_IMG_20260116_025936.jpg,Bittermelon,1,Semi-Fresh,Semi-Fresh,0.8161,0.0982,0.8161,0.0857,Semi-Fresh,0.9728,0.0005,0.9728,0.0267,Semi-Fresh,0.9989,0.0006,0.9989,0.0006,Semi-Fresh,0.9312,0.0216,0.9312,0.0472,Semi-Fresh,0.9959,0.0008,0.9959,0.0034
D:\ML Project Freshness Detection\AgriFreshNET Freshness and Shelf-Life Image Datase\AgriFreshNET Freshness and Shelf-Life Image Datase\Processed Data\Processed Data\Fresh eggplant(1-4)\IMG_20251124_192931111_HDR.jpg,Eggplant,0,Fresh,Fresh,0.8769,0.8769,0.1218,0.0013,Fresh,0.922,0.922,0.0776,0.0005,Fresh,0.9726,0.9726,0.0264,0.001,Fresh,0.9893,0.9893,0.0099,0.0008,Fresh,0.9894,0.9894,0.0103,0.0002
D:\ML Project Freshness Detection\AgriFreshNET Freshness and Shelf-Life Image Datase\AgriFreshNET Freshness and Shelf-Life Image Datase\Processed Data\Processed Data\Rotten Papaya(7-12)\IMG_20260130_163554.jpg,Papaya,2,Rotten,Rotten,0.607,0.1244,0.2686,0.607,Rotten,0.992,0.0006,0.0074,0.992,Rotten,0.9767,0.0021,0.0212,0.9767,Rotten,0.8947,0.0078,0.0975,0.8947,Rotten,0.9984,0.0001,0.0015,0.9984
D:\ML Project Freshness Detection\AgriFreshNET Freshness and Shelf-Life Image Datase\AgriFreshNET Freshness and Shelf-Life Image Datase\Processed Data\Processed Data\Fresh Tomato(1-10)\IMG_20251108_121406157_HDR_AE.jpg,Tomato,0,Fresh,Fresh,0.6239,0.6239,0.3503,0.0258,Fresh,0.9462,0.9462,0.0418,0.012,Fresh,0.9869,0.9869,0.0122,0.0009,Fresh,0.9623,0.9623,0.0365,0.0012,Fresh,0.9643,0.9643,0.0265,0.0092
D:\ML Project Freshness Detection\AgriFreshNET Freshness and Shelf-Life Image Datase\AgriFreshNET Freshness and Shelf-Life Image Datase\Processed Data\Processed Data\Semi Fresh Papaya(4-7)\aug_1_IMG_20251124_021922.jpg,Papaya,1,Semi-Fresh,Semi-Fresh,0.9185,0.0559,0.9185,0.0256,Semi-Fresh,0.9832,0.0042,0.9832,0.0126,Semi-Fresh,0.9908,0.0052,0.9908,0.004,Semi-Fresh,0.9958,0.0004,0.9958,0.0038,Semi-Fresh,0.997,0.001,0.997,0.002
D:\ML Project Freshness Detection\AgriFreshNET Freshness and Shelf-Life Image Datase\AgriFreshNET Freshness and Shelf-Life Image Datase\Processed Data\Processed Data\Semi fresh banana(4-7)\aug_201_IMG_20251105_102216514_HDR_AE.jpg,Banana,1,Semi-Fresh,Fresh,0.7242,0.7242,0.2244,0.0514,Semi-Fresh,0.5479,0.4503,0.5479,0.0018,Semi-Fresh,0.5304,0.4615,0.5304,0.0081,Semi-Fresh,0.5281,0.46,0.5281,0.0118,Fresh,0.93,0.93,0.0682,0.0018
D:\ML Project Freshness Detection\AgriFreshNET Freshness and Shelf-Life Image Datase\AgriFreshNET Freshness and Shelf-Life Image Datase\Processed Data\Processed Data\Semi fresh Pineapple (15-25)\IMG-20251207-WA0036.jpg,Pineapple,1,Semi-Fresh,Semi-Fresh,0.9228,0.0663,0.9228,0.0109,Semi-Fresh,0.9801,0.0173,0.9801,0.0026,Semi-Fresh,0.9805,0.014,0.9805,0.0056,Semi-Fresh,0.9967,0.0026,0.9967,0.0007,Semi-Fresh,0.9965,0.0023,0.9965,0.0012
D:\ML Project Freshness Detection\AgriFreshNET Freshness and Shelf-Life Image Datase\AgriFreshNET Freshness and Shelf-Life Image Datase\Processed Data\Processed Data\Rotten Orange(20-35)\aug_378_IMG-20251207-WA0004.jpg,Orange,2,Rotten,Rotten,0.5993,0.0755,0.3252,0.5993,Rotten,0.9367,0.0225,0.0408,0.9367,Rotten,0.9811,0.0026,0.0163,0.9811,Rotten,0.9975,0.0006,0.0019,0.9975,Rotten,0.9956,0.0014,0.003,0.9956
D:\ML Project Freshness Detection\AgriFreshNET Freshness and Shelf-Life Image Datase\AgriFreshNET Freshness and Shelf-Life Image Datase\Processed Data\Processed Data\Fresh eggplant(1-4)\aug_205_IMG_20251120_202219773_HDR.jpg,Eggplant,0,Fresh,Fresh,0.6647,0.6647,0.3351,0.0002,Semi-Fresh,0.5605,0.4373,0.5605,0.0022,Semi-Fresh,0.5779,0.4211,0.5779,0.0011,Fresh,0.7625,0.7625,0.2334,0.0041,Fresh,0.5377,0.5377,0.4609,0.0014
D:\ML Project Freshness Detection\AgriFreshNET Freshness and Shelf-Life Image Datase\AgriFreshNET Freshness and Shelf-Life Image Datase\Processed Data\Processed Data\Fresh Bittermelon(1-3)\aug_310_IMG_20260114_010609.jpg,Bittermelon,0,Fresh,Fresh,0.9877,0.9877,0.0118,0.0005,Fresh,0.9972,0.9972,0.0027,0.0001,Fresh,0.9985,0.9985,0.0013,0.0002,Fresh,0.9919,0.9919,0.0057,0.0024,Fresh,0.9981,0.9981,0.0012,0.0007
D:\ML Project Freshness Detection\AgriFreshNET Freshness and Shelf-Life Image Datase\AgriFreshNET Freshness and Shelf-Life Image Datase\Processed Data\Processed Data\Fresh Cucumber(1-6)\aug_447_IMG_20260116_030051.jpg,Cucumber,0,Fresh,Fresh,0.8317,0.8317,0.168,0.0003,Fresh,0.8949,0.8949,0.103,0.0021,Fresh,0.9934,0.9934,0.0063,0.0003,Fresh,0.641,0.641,0.3571,0.0019,Fresh,0.8555,0.8555,0.1434,0.0012
D:\ML Project Freshness Detection\AgriFreshNET Freshness and Shelf-Life Image Datase\AgriFreshNET Freshness and Shelf-Life Image Datase\Processed Data\Processed Data\Rotten Cucumber(12-20)\aug_449_IMG_20260122_003111.jpg,Cucumber,2,Rotten,Semi-Fresh,0.8142,0.1023,0.8142,0.0836,Rotten,0.8374,0.0068,0.1558,0.8374,Rotten,0.9038,0.0027,0.0936,0.9038,Rotten,0.9457,0.0055,0.0488,0.9457,Rotten,0.9897,0.001,0.0094,0.9897
D:\ML Project Freshness Detection\AgriFreshNET Freshness and Shelf-Life Image Datase\AgriFreshNET Freshness and Shelf-Life Image Datase\Processed Data\Processed Data\Semi Fresh Papaya(4-7)\aug_406_IMG_20260214_025301.jpg,Papaya,1,Semi-Fresh,Semi-Fresh,0.7726,0.2226,0.7726,0.0049,Semi-Fresh,0.8681,0.085,0.8681,0.0469,Semi-Fresh,0.8328,0.1468,0.8328,0.0204,Semi-Fresh,0.9906,0.0047,0.9906,0.0048,Semi-Fresh,0.9971,0.0022,0.9971,0.0007
D:\ML Project Freshness Detection\AgriFreshNET Freshness and Shelf-Life Image Datase\AgriFreshNET Freshness and Shelf-Life Image Datase\Processed Data\Processed Data\Fresh Papaya(1-4)\IMG_20251027_171442.jpg,Papaya,0,Fresh,Semi-Fresh,0.5252,0.4236,0.5252,0.0513,Fresh,0.5715,0.5715,0.4263,0.0022,Fresh,0.7791,0.7791,0.2191,0.0018,Fresh,0.9794,0.9794,0.0201,0.0005,Fresh,0.9988,0.9988,0.0011,0.0001
D:\ML Project Freshness Detection\AgriFreshNET Freshness and Shelf-Life Image Datase\AgriFreshNET Freshness and Shelf-Life Image Datase\Processed Data\Processed Data\Semi Fresh Papaya(4-7)\aug_21_IMG_20260125_005122.jpg,Papaya,1,Semi-Fresh,Semi-Fresh,0.6217,0.3596,0.6217,0.0187,Semi-Fresh,0.9345,0.062,0.9345,0.0035,Semi-Fresh,0.9438,0.0498,0.9438,0.0064,Semi-Fresh,0.9922,0.0051,0.9922,0.0027,Semi-Fresh,0.9911,0.0066,0.9911,0.0023
D:\ML Project Freshness Detection\AgriFreshNET Freshness and Shelf-Life Image Datase\AgriFreshNET Freshness and Shelf-Life Image Datase\Processed Data\Processed Data\Fresh pineapple(1-15)\aug_29_pineapple(10).jpeg,Pineapple,0,Fresh,Fresh,0.9727,0.9727,0.024,0.0033,Fresh,0.9905,0.9905,0.0071,0.0024,Fresh,0.9995,0.9995,0.0005,0.0,Fresh,0.9992,0.9992,0.0008,0.0,Fresh,0.9995,0.9995,0.0004,0.0001
D:\ML Project Freshness Detection\AgriFreshNET Freshness and Shelf-Life Image Datase\AgriFreshNET Freshness and Shelf-Life Image Datase\Processed Data\Processed Data\Fresh pineapple(1-15)\WhatsApp Image 2025-11-01 at 2.54.29 PM.jpeg,Pineapple,0,Fresh,Fresh,0.9892,0.9892,0.0107,0.0001,Fresh,0.9973,0.9973,0.0027,0.0,Fresh,0.9975,0.9975,0.0025,0.0,Fresh,0.9985,0.9985,0.0014,0.0001,Fresh,0.9993,0.9993,0.0005,0.0002
D:\ML Project Freshness Detection\AgriFreshNET Freshness and Shelf-Life Image Datase\AgriFreshNET Freshness and Shelf-Life Image Datase\Processed Data\Processed Data\Semi Fresh Bittermelon ( 3-5)\aug_406_IMG_20260120_004723.jpg,Bittermelon,1,Semi-Fresh,Semi-Fresh,0.6415,0.3487,0.6415,0.0097,Semi-Fresh,0.9433,0.0158,0.9433,0.0409,Semi-Fresh,0.9944,0.0041,0.9944,0.0015,Semi-Fresh,0.9967,0.0016,0.9967,0.0017,Semi-Fresh,0.9985,0.0005,0.9985,0.001
D:\ML Project Freshness Detection\AgriFreshNET Freshness and Shelf-Life Image Datase\AgriFreshNET Freshness and Shelf-Life Image Datase\Processed Data\Processed Data\Rotten Papaya(7-12)\aug_220_IMG_20251202_021225.jpg,Papaya,2,Rotten,Semi-Fresh,0.6549,0.1846,0.6549,0.1605,Rotten,0.9765,0.0033,0.0203,0.9765,Semi-Fresh,0.7075,0.0461,0.7075,0.2465,Rotten,0.9573,0.012,0.0307,0.9573,Rotten,0.9944,0.0004,0.0052,0.9944
D:\ML Project Freshness Detection\AgriFreshNET Freshness and Shelf-Life Image Datase\AgriFreshNET Freshness and Shelf-Life Image Datase\Processed Data\Processed Data\Rotten eggplant(8-15)\aug_186_IMG_20251119_200612745_HDR.jpg,Eggplant,2,Rotten,Rotten,0.982,0.0036,0.0144,0.982,Rotten,0.9981,0.0005,0.0014,0.9981,Rotten,0.9995,0.0001,0.0004,0.9995,Rotten,0.9987,0.0007,0.0005,0.9987,Rotten,0.9994,0.0002,0.0004,0.9994
D:\ML Project Freshness Detection\AgriFreshNET Freshness and Shelf-Life Image Datase\AgriFreshNET Freshness and Shelf-Life Image Datase\Processed Data\Processed Data\Rotten Cucumber(12-20)\aug_96_IMG_20260209_011500.jpg,Cucumber,2,Rotten,Rotten,0.9895,0.0013,0.0092,0.9895,Rotten,0.9811,0.0047,0.0142,0.9811,Rotten,0.9992,0.0001,0.0007,0.9992,Rotten,0.9984,0.0006,0.001,0.9984,Rotten,0.9998,0.0001,0.0001,0.9998
D:\ML Project Freshness Detection\AgriFreshNET Freshness and Shelf-Life Image Datase\AgriFreshNET Freshness and Shelf-Life Image Datase\Processed Data\Processed Data\Fresh Bittermelon(1-3)\IMG_20251118_160813.jpg,Bittermelon,0,Fresh,Fresh,0.9728,0.9728,0.0255,0.0017,Fresh,0.9993,0.9993,0.0007,0.0,Fresh,0.9976,0.9976,0.0023,0.0001,Fresh,0.9945,0.9945,0.005,0.0005,Fresh,0.999,0.999,0.0009,0.0001
D:\ML Project Freshness Detection\AgriFreshNET Freshness and Shelf-Life Image Datase\AgriFreshNET Freshness and Shelf-Life Image Datase\Processed Data\Processed Data\Semi_Fresh eggplant(4-8)\IMG_20251124_192826738_HDR.jpg,Eggplant,1,Semi-Fresh,Semi-Fresh,0.8184,0.1808,0.8184,0.0008,Semi-Fresh,0.9311,0.0513,0.9311,0.0176,Semi-Fresh,0.9537,0.0448,0.9537,0.0015,Semi-Fresh,0.9976,0.0012,0.9976,0.0012,Semi-Fresh,0.9993,0.0001,0.9993,0.0006
D:\ML Project Freshness Detection\AgriFreshNET Freshness and Shelf-Life Image Datase\AgriFreshNET Freshness and Shelf-Life Image Datase\Processed Data\Processed Data\Rotten Pineapple(25-35)\aug_183_IMG_20251126_194235028_HDR.jpg,Pineapple,2,Rotten,Semi-Fresh,0.4795,0.3509,0.4795,0.1696,Semi-Fresh,0.5111,0.1894,0.5111,0.2995,Semi-Fresh,0.8216,0.0698,0.8216,0.1086,Semi-Fresh,0.7483,0.1476,0.7483,0.1041,Semi-Fresh,0.6879,0.0101,0.6879,0.3019
D:\ML Project Freshness Detection\AgriFreshNET Freshness and Shelf-Life Image Datase\AgriFreshNET Freshness and Shelf-Life Image Datase\Processed Data\Processed Data\Semi Fresh Bittermelon ( 3-5)\aug_377_IMG_20251103_090525.jpg,Bittermelon,1,Semi-Fresh,Semi-Fresh,0.8149,0.1661,0.8149,0.0191,Semi-Fresh,0.8408,0.0557,0.8408,0.1035,Semi-Fresh,0.9946,0.0018,0.9946,0.0036,Semi-Fresh,0.9734,0.0031,0.9734,0.0235,Semi-Fresh,0.9996,0.0001,0.9996,0.0003
D:\ML Project Freshness Detection\AgriFreshNET Freshness and Shelf-Life Image Datase\AgriFreshNET Freshness and Shelf-Life Image Datase\Processed Data\Processed Data\Fresh pineapple(1-15)\aug_240_IMG-20251127-WA0015.jpg,Pineapple,0,Fresh,Fresh,0.9938,0.9938,0.0061,0.0001,Fresh,0.9859,0.9859,0.0126,0.0014,Fresh,0.9969,0.9969,0.0031,0.0001,Fresh,0.9985,0.9985,0.0014,0.0001,Fresh,0.9966,0.9966,0.0033,0.0001
D:\ML Project Freshness Detection\AgriFreshNET Freshness and Shelf-Life Image Datase\AgriFreshNET Freshness and Shelf-Life Image Datase\Processed Data\Processed Data\Semi Fresh Bittermelon ( 3-5)\aug_407_IMG_20260120_004728.jpg,Bittermelon,1,Semi-Fresh,Semi-Fresh,0.8939,0.0861,0.8939,0.02,Semi-Fresh,0.9465,0.0146,0.9465,0.0389,Semi-Fresh,0.9968,0.0008,0.9968,0.0024,Semi-Fresh,0.9592,0.0026,0.9592,0.0382,Semi-Fresh,0.9975,0.0005,0.9975,0.002
D:\ML Project Freshness Detection\AgriFreshNET Freshness and Shelf-Life Image Datase\AgriFreshNET Freshness and Shelf-Life Image Datase\Processed Data\Processed Data\Semi Fresh Cucumber(6-12)\aug_116_IMG_20260212_155606.jpg,Cucumber,1,Semi-Fresh,Semi-Fresh,0.926,0.0464,0.926,0.0277,Semi-Fresh,0.9943,0.0017,0.9943,0.004,Semi-Fresh,0.9975,0.0002,0.9975,0.0023,Semi-Fresh,0.9996,0.0002,0.9996,0.0002,Semi-Fresh,0.999,0.0005,0.999,0.0005
D:\ML Project Freshness Detection\AgriFreshNET Freshness and Shelf-Life Image Datase\AgriFreshNET Freshness and Shelf-Life Image Datase\Processed Data\Processed Data\Semi_Fresh eggplant(4-8)\IMG_20251124_193249920_HDR.jpg,Eggplant,1,Semi-Fresh,Semi-Fresh,0.7561,0.2399,0.7561,0.004,Semi-Fresh,0.8056,0.1229,0.8056,0.0715,Semi-Fresh,0.891,0.0828,0.891,0.0262,Semi-Fresh,0.962,0.0146,0.962,0.0234,Semi-Fresh,0.991,0.0024,0.991,0.0066
D:\ML Project Freshness Detection\AgriFreshNET Freshness and Shelf-Life Image Datase\AgriFreshNET Freshness and Shelf-Life Image Datase\Processed Data\Processed Data\Semi_Fresh eggplant(4-8)\aug_20_IMG_20251123_110558553_HDR_AE.jpg,Eggplant,1,Semi-Fresh,Semi-Fresh,0.6523,0.0912,0.6523,0.2565,Semi-Fresh,0.9457,0.0151,0.9457,0.0392,Semi-Fresh,0.8454,0.0322,0.8454,0.1223,Semi-Fresh,0.8906,0.0143,0.8906,0.0952,Semi-Fresh,0.9944,0.0018,0.9944,0.0038
D:\ML Project Freshness Detection\AgriFreshNET Freshness and Shelf-Life Image Datase\AgriFreshNET Freshness and Shelf-Life Image Datase\Processed Data\Processed Data\Semi Fresh Cucumber(6-12)\aug_222_IMG_20260212_155434.jpg,Cucumber,1,Semi-Fresh,Semi-Fresh,0.5697,0.4223,0.5697,0.008,Semi-Fresh,0.6601,0.3331,0.6601,0.0068,Semi-Fresh,0.993,0.0063,0.993,0.0007,Semi-Fresh,0.9992,0.0001,0.9992,0.0007,Semi-Fresh,0.9937,0.0059,0.9937,0.0004
D:\ML Project Freshness Detection\AgriFreshNET Freshness and Shelf-Life Image Datase\AgriFreshNET Freshness and Shelf-Life Image Datase\Processed Data\Processed Data\Semi_Fresh eggplant(4-8)\IMG_20251123_110603863_HDR_AE.jpg,Eggplant,1,Semi-Fresh,Semi-Fresh,0.7879,0.1536,0.7879,0.0584,Semi-Fresh,0.8725,0.1107,0.8725,0.0168,Semi-Fresh,0.6741,0.0969,0.6741,0.229,Semi-Fresh,0.965,0.0226,0.965,0.0124,Semi-Fresh,0.9771,0.0186,0.9771,0.0042
D:\ML Project Freshness Detection\AgriFreshNET Freshness and Shelf-Life Image Datase\AgriFreshNET Freshness and Shelf-Life Image Datase\Processed Data\Processed Data\Fresh Cucumber(1-6)\aug_191_IMG_20260204_152231.jpg,Cucumber,0,Fresh,Fresh,0.8288,0.8288,0.1675,0.0037,Fresh,0.9994,0.9994,0.0005,0.0,Fresh,0.9986,0.9986,0.0012,0.0001,Fresh,0.9965,0.9965,0.0035,0.0001,Fresh,0.9968,0.9968,0.0029,0.0003
D:\ML Project Freshness Detection\AgriFreshNET Freshness and Shelf-Life Image Datase\AgriFreshNET Freshness and Shelf-Life Image Datase\Processed Data\Processed Data\Rotten eggplant(8-15)\IMG_20251110_094510446_HDR_AE.jpg,Eggplant,2,Rotten,Rotten,0.967,0.0135,0.0195,0.967,Rotten,0.9793,0.009,0.0117,0.9793,Rotten,0.9968,0.0013,0.002,0.9968,Rotten,0.9067,0.0646,0.0287,0.9067,Rotten,0.9988,0.0001,0.0011,0.9988
D:\ML Project Freshness Detection\AgriFreshNET Freshness and Shelf-Life Image Datase\AgriFreshNET Freshness and Shelf-Life Image Datase\Processed Data\Processed Data\Fresh Bittermelon(1-3)\IMG_20260116_025957.jpg,Bittermelon,0,Fresh,Fresh,0.9948,0.9948,0.0052,0.0,Fresh,0.9969,0.9969,0.003,0.0001,Fresh,0.9998,0.9998,0.0001,0.0001,Fresh,0.9975,0.9975,0.0013,0.0011,Fresh,0.9986,0.9986,0.0011,0.0003
D:\ML Project Freshness Detection\AgriFreshNET Freshness and Shelf-Life Image Datase\AgriFreshNET Freshness and Shelf-Life Image Datase\Processed Data\Processed Data\Rotten Papaya(7-12)\IMG_20260130_163446.jpg,Papaya,2,Rotten,Rotten,0.958,0.007,0.035,0.958,Rotten,0.9987,0.0002,0.0011,0.9987,Rotten,0.9659,0.0004,0.0337,0.9659,Rotten,0.9959,0.0008,0.0033,0.9959,Rotten,0.9987,0.0002,0.0012,0.9987
D:\ML Project Freshness Detection\AgriFreshNET Freshness and Shelf-Life Image Datase\AgriFreshNET Freshness and Shelf-Life Image Datase\Processed Data\Processed Data\Semi fresh Pineapple (15-25)\aug_407_IMG_20251116_220742731_HDR.jpg,Pineapple,1,Semi-Fresh,Semi-Fresh,0.9655,0.0319,0.9655,0.0026,Semi-Fresh,0.9216,0.0328,0.9216,0.0456,Semi-Fresh,0.9367,0.0629,0.9367,0.0005,Semi-Fresh,0.9123,0.0866,0.9123,0.0011,Semi-Fresh,0.9976,0.0017,0.9976,0.0006
D:\ML Project Freshness Detection\AgriFreshNET Freshness and Shelf-Life Image Datase\AgriFreshNET Freshness and Shelf-Life Image Datase\Processed Data\Processed Data\Fresh eggplant(1-4)\IMG_20251127_192903051_HDR.jpg,Eggplant,0,Fresh,Rotten,0.3952,0.2875,0.3173,0.3952,Fresh,0.9438,0.9438,0.0551,0.0011,Semi-Fresh,0.5402,0.421,0.5402,0.0388,Semi-Fresh,0.6865,0.3041,0.6865,0.0094,Fresh,0.9141,0.9141,0.071,0.0149
D:\ML Project Freshness Detection\AgriFreshNET Freshness and Shelf-Life Image Datase\AgriFreshNET Freshness and Shelf-Life Image Datase\Processed Data\Processed Data\Fresh Papaya(1-4)\aug_338_IMG_20260114_004647.jpg,Papaya,0,Fresh,Fresh,0.9177,0.9177,0.0801,0.0021,Fresh,0.915,0.915,0.0813,0.0037,Fresh,0.9933,0.9933,0.0009,0.0058,Fresh,0.966,0.966,0.0329,0.0011,Fresh,0.985,0.985,0.0141,0.0009
D:\ML Project Freshness Detection\AgriFreshNET Freshness and Shelf-Life Image Datase\AgriFreshNET Freshness and Shelf-Life Image Datase\Processed Data\Processed Data\Semi Fresh Bittermelon ( 3-5)\aug_303_IMG_20260122_003305.jpg,Bittermelon,1,Semi-Fresh,Semi-Fresh,0.9285,0.0075,0.9285,0.064,Semi-Fresh,0.9971,0.0013,0.9971,0.0016,Semi-Fresh,0.997,0.0001,0.997,0.0028,Semi-Fresh,0.9912,0.005,0.9912,0.0039,Semi-Fresh,0.9981,0.0004,0.9981,0.0015
D:\ML Project Freshness Detection\AgriFreshNET Freshness and Shelf-Life Image Datase\AgriFreshNET Freshness and Shelf-Life Image Datase\Processed Data\Processed Data\Semi Fresh Bittermelon ( 3-5)\aug_396_IMG_20251123_013340.jpg,Bittermelon,1,Semi-Fresh,Semi-Fresh,0.9322,0.0612,0.9322,0.0066,Semi-Fresh,0.9395,0.0289,0.9395,0.0316,Semi-Fresh,0.9847,0.0132,0.9847,0.0021,Semi-Fresh,0.9988,0.0002,0.9988,0.001,Semi-Fresh,0.9989,0.0003,0.9989,0.0008
D:\ML Project Freshness Detection\AgriFreshNET Freshness and Shelf-Life Image Datase\AgriFreshNET Freshness and Shelf-Life Image Datase\Processed Data\Processed Data\Semi Fresh Cucumber(6-12)\aug_167_IMG_20260212_155432.jpg,Cucumber,1,Semi-Fresh,Semi-Fresh,0.671,0.3236,0.671,0.0054,Semi-Fresh,0.9873,0.0104,0.9873,0.0023,Semi-Fresh,0.997,0.0026,0.997,0.0004,Semi-Fresh,0.999,0.0008,0.999,0.0002,Semi-Fresh,0.9933,0.0058,0.9933,0.0009
D:\ML Project Freshness Detection\AgriFreshNET Freshness and Shelf-Life Image Datase\AgriFreshNET Freshness and Shelf-Life Image Datase\Processed Data\Processed Data\Rotten Bittermelon(5-8)\aug_92_IMG_20260122_003428.jpg,Bittermelon,2,Rotten,Rotten,0.9991,0.0,0.0009,0.9991,Rotten,0.9992,0.0001,0.0006,0.9992,Rotten,0.9991,0.0002,0.0007,0.9991,Rotten,0.9954,0.001,0.0036,0.9954,Rotten,0.9981,0.0005,0.0014,0.9981
D:\ML Project Freshness Detection\AgriFreshNET Freshness and Shelf-Life Image Datase\AgriFreshNET Freshness and Shelf-Life Image Datase\Processed Data\Processed Data\Semi fresh Tomato(10-24)\IMG_20251118_170519341_HDR.jpg,Tomato,1,Semi-Fresh,Semi-Fresh,0.7973,0.0768,0.7973,0.1259,Semi-Fresh,0.9943,0.0004,0.9943,0.0053,Semi-Fresh,0.9976,0.0006,0.9976,0.0017,Semi-Fresh,0.9984,0.0007,0.9984,0.0009,Semi-Fresh,0.9937,0.0004,0.9937,0.0059
D:\ML Project Freshness Detection\AgriFreshNET Freshness and Shelf-Life Image Datase\AgriFreshNET Freshness and Shelf-Life Image Datase\Processed Data\Processed Data\Rotten Cucumber(12-20)\aug_305_IMG_20260202_032554.jpg,Cucumber,2,Rotten,Rotten,0.9399,0.0046,0.0555,0.9399,Rotten,0.9898,0.0002,0.01,0.9898,Rotten,0.9964,0.0001,0.0035,0.9964,Rotten,0.9956,0.0008,0.0036,0.9956,Rotten,0.9989,0.0,0.001,0.9989
D:\ML Project Freshness Detection\AgriFreshNET Freshness and Shelf-Life Image Datase\AgriFreshNET Freshness and Shelf-Life Image Datase\Processed Data\Processed Data\Fresh eggplant(1-4)\aug_55_IMG_20251119_195502573_HDR.jpg,Eggplant,0,Fresh,Fresh,0.6376,0.6376,0.3613,0.0011,Semi-Fresh,0.5015,0.4735,0.5015,0.025,Fresh,0.6036,0.6036,0.3843,0.0121,Fresh,0.5944,0.5944,0.3826,0.0231,Semi-Fresh,0.5774,0.3674,0.5774,0.0552
D:\ML Project Freshness Detection\AgriFreshNET Freshness and Shelf-Life Image Datase\AgriFreshNET Freshness and Shelf-Life Image Datase\Processed Data\Processed Data\Fresh Cucumber(1-6)\aug_188_IMG_20260204_152022.jpg,Cucumber,0,Fresh,Fresh,0.9873,0.9873,0.0125,0.0002,Fresh,0.9682,0.9682,0.0308,0.0009,Fresh,0.9997,0.9997,0.0002,0.0001,Fresh,0.9898,0.9898,0.0059,0.0043,Fresh,0.9989,0.9989,0.0009,0.0002
D:\ML Project Freshness Detection\AgriFreshNET Freshness and Shelf-Life Image Datase\AgriFreshNET Freshness and Shelf-Life Image Datase\Processed Data\Processed Data\Semi Fresh Bittermelon ( 3-5)\IMG_20251123_013023.jpg,Bittermelon,1,Semi-Fresh,Semi-Fresh,0.9606,0.0355,0.9606,0.0038,Semi-Fresh,0.9513,0.0142,0.9513,0.0345,Semi-Fresh,0.9545,0.009,0.9545,0.0365,Semi-Fresh,0.9942,0.0007,0.9942,0.005,Semi-Fresh,0.9609,0.0006,0.9609,0.0384
D:\ML Project Freshness Detection\AgriFreshNET Freshness and Shelf-Life Image Datase\AgriFreshNET Freshness and Shelf-Life Image Datase\Processed Data\Processed Data\Rotten Cucumber(12-20)\aug_97_IMG_20251121_080707.jpg,Cucumber,2,Rotten,Rotten,0.8322,0.0216,0.1463,0.8322,Rotten,0.9234,0.003,0.0736,0.9234,Rotten,0.963,0.0,0.0369,0.963,Rotten,0.9956,0.0008,0.0036,0.9956,Rotten,0.9841,0.0003,0.0156,0.9841
D:\ML Project Freshness Detection\AgriFreshNET Freshness and Shelf-Life Image Datase\AgriFreshNET Freshness and Shelf-Life Image Datase\Processed Data\Processed Data\Semi Fresh Bittermelon ( 3-5)\aug_243_IMG_20251123_013333.jpg,Bittermelon,1,Semi-Fresh,Semi-Fresh,0.9739,0.0217,0.9739,0.0044,Semi-Fresh,0.9975,0.0003,0.9975,0.0022,Semi-Fresh,0.9976,0.0023,0.9976,0.0,Semi-Fresh,0.9992,0.0002,0.9992,0.0005,Semi-Fresh,0.9995,0.0003,0.9995,0.0002
D:\ML Project Freshness Detection\AgriFreshNET Freshness and Shelf-Life Image Datase\AgriFreshNET Freshness and Shelf-Life Image Datase\Processed Data\Processed Data\Fresh Cucumber(1-6)\aug_308_IMG_20260204_152035.jpg,Cucumber,0,Fresh,Fresh,0.9907,0.9907,0.0092,0.0001,Fresh,0.9978,0.9978,0.0022,0.0,Fresh,0.9988,0.9988,0.001,0.0002,Fresh,0.9881,0.9881,0.0114,0.0004,Fresh,0.9979,0.9979,0.0019,0.0001
D:\ML Project Freshness Detection\AgriFreshNET Freshness and Shelf-Life Image Datase\AgriFreshNET Freshness and Shelf-Life Image Datase\Processed Data\Processed Data\Fresh Orange(1-9)\IMG-20251119-WA0010.jpg,Orange,0,Fresh,Fresh,0.8989,0.8989,0.0978,0.0033,Fresh,0.7776,0.7776,0.2211,0.0013,Fresh,0.9879,0.9879,0.0119,0.0002,Fresh,0.9658,0.9658,0.0324,0.0017,Fresh,0.9879,0.9879,0.0115,0.0006
D:\ML Project Freshness Detection\AgriFreshNET Freshness and Shelf-Life Image Datase\AgriFreshNET Freshness and Shelf-Life Image Datase\Processed Data\Processed Data\Fresh Bittermelon(1-3)\aug_126_IMG_20260114_005359.jpg,Bittermelon,0,Fresh,Fresh,0.9821,0.9821,0.0155,0.0024,Fresh,0.9964,0.9964,0.0035,0.0001,Fresh,0.9346,0.9346,0.0647,0.0007,Fresh,0.9826,0.9826,0.011,0.0064,Fresh,0.9969,0.9969,0.0025,0.0005
D:\ML Project Freshness Detection\AgriFreshNET Freshness and Shelf-Life Image Datase\AgriFreshNET Freshness and Shelf-Life Image Datase\Processed Data\Processed Data\Rotten Tomato(24-35)\aug_86_IMG_20260126_223636694_HDR.jpg,Tomato,2,Rotten,Rotten,0.9693,0.0005,0.0302,0.9693,Rotten,0.9982,0.0002,0.0016,0.9982,Rotten,0.9998,0.0,0.0002,0.9998,Rotten,0.9985,0.0002,0.0013,0.9985,Rotten,0.9988,0.0003,0.0008,0.9988
D:\ML Project Freshness Detection\AgriFreshNET Freshness and Shelf-Life Image Datase\AgriFreshNET Freshness and Shelf-Life Image Datase\Processed Data\Processed Data\Rotten Cucumber(12-20)\aug_531_IMG_20251202_015425.jpg,Cucumber,2,Rotten,Rotten,0.9864,0.0032,0.0104,0.9864,Rotten,0.9579,0.0063,0.0358,0.9579,Rotten,0.9999,0.0,0.0001,0.9999,Rotten,0.9931,0.0035,0.0035,0.9931,Rotten,0.9968,0.0006,0.0026,0.9968
D:\ML Project Freshness Detection\AgriFreshNET Freshness and Shelf-Life Image Datase\AgriFreshNET Freshness and Shelf-Life Image Datase\Processed Data\Processed Data\Semi fresh banana(4-7)\aug_134_IMG_20251107_113717675_HDR_AE.jpg,Banana,1,Semi-Fresh,Semi-Fresh,0.8903,0.0347,0.8903,0.075,Semi-Fresh,0.9282,0.0277,0.9282,0.0441,Semi-Fresh,0.8915,0.0928,0.8915,0.0158,Semi-Fresh,0.9958,0.0028,0.9958,0.0014,Semi-Fresh,0.9981,0.0016,0.9981,0.0003
D:\ML Project Freshness Detection\AgriFreshNET Freshness and Shelf-Life Image Datase\AgriFreshNET Freshness and Shelf-Life Image Datase\Processed Data\Processed Data\Semi fresh Orange(9-20)\IMG-20251127-WA0042.jpg,Orange,1,Semi-Fresh,Fresh,0.6533,0.6533,0.3249,0.0218,Semi-Fresh,0.9292,0.0685,0.9292,0.0023,Semi-Fresh,0.6475,0.3486,0.6475,0.0039,Semi-Fresh,0.9339,0.0606,0.9339,0.0055,Semi-Fresh,0.9948,0.0049,0.9948,0.0004
D:\ML Project Freshness Detection\AgriFreshNET Freshness and Shelf-Life Image Datase\AgriFreshNET Freshness and Shelf-Life Image Datase\Processed Data\Processed Data\Semi_Fresh eggplant(4-8)\aug_163_e.jpeg,Eggplant,1,Semi-Fresh,Rotten,0.4516,0.1021,0.4464,0.4516,Rotten,0.5171,0.0299,0.453,0.5171,Semi-Fresh,0.7454,0.0158,0.7454,0.2388,Semi-Fresh,0.8174,0.076,0.8174,0.1066,Semi-Fresh,0.9464,0.0397,0.9464,0.0139
D:\ML Project Freshness Detection\AgriFreshNET Freshness and Shelf-Life Image Datase\AgriFreshNET Freshness and Shelf-Life Image Datase\Processed Data\Processed Data\Rotten eggplant(8-15)\aug_297_IMG_20251120_204424239_HDR.jpg,Eggplant,2,Rotten,Rotten,0.9135,0.0231,0.0633,0.9135,Rotten,0.7624,0.0706,0.1669,0.7624,Rotten,0.9241,0.0431,0.0328,0.9241,Rotten,0.9821,0.0084,0.0095,0.9821,Rotten,0.9894,0.0023,0.0083,0.9894
D:\ML Project Freshness Detection\AgriFreshNET Freshness and Shelf-Life Image Datase\AgriFreshNET Freshness and Shelf-Life Image Datase\Processed Data\Processed Data\Fresh eggplant(1-4)\IMG_20251119_195924932_HDR.jpg,Eggplant,0,Fresh,Fresh,0.9305,0.9305,0.0695,0.0001,Fresh,0.9683,0.9683,0.0312,0.0005,Fresh,0.9223,0.9223,0.0773,0.0004,Fresh,0.9827,0.9827,0.0167,0.0006,Fresh,0.9977,0.9977,0.002,0.0003
D:\ML Project Freshness Detection\AgriFreshNET Freshness and Shelf-Life Image Datase\AgriFreshNET Freshness and Shelf-Life Image Datase\Processed Data\Processed Data\Rotten Papaya(7-12)\IMG_20251202_021143.jpg,Papaya,2,Rotten,Rotten,0.9652,0.0045,0.0303,0.9652,Rotten,0.9977,0.0008,0.0015,0.9977,Rotten,0.9985,0.0004,0.0011,0.9985,Rotten,0.9711,0.0185,0.0105,0.9711,Rotten,0.9996,0.0001,0.0004,0.9996
D:\ML Project Freshness Detection\AgriFreshNET Freshness and Shelf-Life Image Datase\AgriFreshNET Freshness and Shelf-Life Image Datase\Processed Data\Processed Data\Fresh pineapple(1-15)\aug_205_IMG_20251110_094532042_HDR_AE.jpg,Pineapple,0,Fresh,Fresh,0.9706,0.9706,0.0293,0.0001,Fresh,0.9789,0.9789,0.0206,0.0005,Fresh,0.9986,0.9986,0.0013,0.0,Fresh,0.9959,0.9959,0.0039,0.0002,Fresh,0.9985,0.9985,0.0013,0.0001
D:\ML Project Freshness Detection\AgriFreshNET Freshness and Shelf-Life Image Datase\AgriFreshNET Freshness and Shelf-Life Image Datase\Processed Data\Processed Data\Semi Fresh Cucumber(6-12)\aug_7_IMG_20260212_155243.jpg,Cucumber,1,Semi-Fresh,Semi-Fresh,0.9594,0.0392,0.9594,0.0014,Semi-Fresh,0.9935,0.0045,0.9935,0.0021,Semi-Fresh,0.9888,0.0108,0.9888,0.0004,Semi-Fresh,0.9953,0.0021,0.9953,0.0026,Semi-Fresh,0.9992,0.0003,0.9992,0.0005
D:\ML Project Freshness Detection\AgriFreshNET Freshness and Shelf-Life Image Datase\AgriFreshNET Freshness and Shelf-Life Image Datase\Processed Data\Processed Data\Rotten Orange(20-35)\IMG-20251230-WA0033.jpg,Orange,2,Rotten,Rotten,0.987,0.0007,0.0122,0.987,Rotten,0.9928,0.0007,0.0065,0.9928,Rotten,0.9967,0.0003,0.003,0.9967,Rotten,0.9958,0.0014,0.0027,0.9958,Rotten,0.9985,0.0006,0.0008,0.9985
D:\ML Project Freshness Detection\AgriFreshNET Freshness and Shelf-Life Image Datase\AgriFreshNET Freshness and Shelf-Life Image Datase\Processed Data\Processed Data\Rotten banana(7-13)\IMG_20260128_095208907_HDR_AE.jpg,Banana,2,Rotten,Rotten,0.9944,0.0004,0.0052,0.9944,Rotten,0.9941,0.0004,0.0055,0.9941,Rotten,0.9989,0.0,0.001,0.9989,Rotten,0.9984,0.0006,0.001,0.9984,Rotten,0.9997,0.0001,0.0002,0.9997
D:\ML Project Freshness Detection\AgriFreshNET Freshness and Shelf-Life Image Datase\AgriFreshNET Freshness and Shelf-Life Image Datase\Processed Data\Processed Data\Semi fresh Tomato(10-24)\IMG_20251119_200831771_HDR.jpg,Tomato,1,Semi-Fresh,Semi-Fresh,0.697,0.2931,0.697,0.01,Semi-Fresh,0.8762,0.1131,0.8762,0.0107,Semi-Fresh,0.671,0.3273,0.671,0.0017,Semi-Fresh,0.9788,0.0199,0.9788,0.0013,Semi-Fresh,0.9934,0.0062,0.9934,0.0004
D:\ML Project Freshness Detection\AgriFreshNET Freshness and Shelf-Life Image Datase\AgriFreshNET Freshness and Shelf-Life Image Datase\Processed Data\Processed Data\Fresh Papaya(1-4)\aug_382_IMG_20251121_081124.jpg,Papaya,0,Fresh,Fresh,0.7335,0.7335,0.2615,0.005,Fresh,0.7009,0.7009,0.2945,0.0046,Fresh,0.9851,0.9851,0.0147,0.0002,Fresh,0.9384,0.9384,0.0608,0.0008,Fresh,0.9377,0.9377,0.0617,0.0006
D:\ML Project Freshness Detection\AgriFreshNET Freshness and Shelf-Life Image Datase\AgriFreshNET Freshness and Shelf-Life Image Datase\Processed Data\Processed Data\Fresh Cucumber(1-6)\IMG_20251025_121713.jpg,Cucumber,0,Fresh,Fresh,0.6543,0.6543,0.3279,0.0178,Fresh,0.7363,0.7363,0.2578,0.0059,Fresh,0.9796,0.9796,0.0197,0.0007,Fresh,0.9898,0.9898,0.01,0.0002,Fresh,0.9976,0.9976,0.002,0.0004
D:\ML Project Freshness Detection\AgriFreshNET Freshness and Shelf-Life Image Datase\AgriFreshNET Freshness and Shelf-Life Image Datase\Processed Data\Processed Data\Semi fresh Tomato(10-24)\aug_264_IMG_20251112_113622358_HDR_AE.jpg,Tomato,1,Semi-Fresh,Semi-Fresh,0.8365,0.1598,0.8365,0.0037,Semi-Fresh,0.6115,0.2504,0.6115,0.1381,Fresh,0.7341,0.7341,0.265,0.0009,Semi-Fresh,0.9675,0.0254,0.9675,0.0071,Semi-Fresh,0.9636,0.0351,0.9636,0.0013
D:\ML Project Freshness Detection\AgriFreshNET Freshness and Shelf-Life Image Datase\AgriFreshNET Freshness and Shelf-Life Image Datase\Processed Data\Processed Data\Rotten Bittermelon(5-8)\aug_335_IMG_20260125_005638.jpg,Bittermelon,2,Rotten,Semi-Fresh,0.5884,0.0268,0.5884,0.3848,Rotten,0.9789,0.0001,0.0209,0.9789,Rotten,0.8822,0.0002,0.1175,0.8822,Rotten,0.9933,0.0009,0.0059,0.9933,Rotten,0.9894,0.0014,0.0093,0.9894
D:\ML Project Freshness Detection\AgriFreshNET Freshness and Shelf-Life Image Datase\AgriFreshNET Freshness and Shelf-Life Image Datase\Processed Data\Processed Data\Rotten banana(7-13)\aug_165_IMG_20251109_111824012_HDR_AE.jpg,Banana,2,Rotten,Rotten,0.7594,0.0088,0.2318,0.7594,Rotten,0.9801,0.0004,0.0194,0.9801,Rotten,0.992,0.0001,0.0079,0.992,Rotten,0.9991,0.0002,0.0008,0.9991,Rotten,0.9966,0.0001,0.0033,0.9966
D:\ML Project Freshness Detection\AgriFreshNET Freshness and Shelf-Life Image Datase\AgriFreshNET Freshness and Shelf-Life Image Datase\Processed Data\Processed Data\Fresh Cucumber(1-6)\IMG_20260204_152120.jpg,Cucumber,0,Fresh,Fresh,0.9438,0.9438,0.0558,0.0004,Fresh,0.9905,0.9905,0.0091,0.0004,Fresh,0.9983,0.9983,0.0017,0.0,Fresh,0.9985,0.9985,0.0015,0.0,Fresh,0.9944,0.9944,0.0051,0.0005
D:\ML Project Freshness Detection\AgriFreshNET Freshness and Shelf-Life Image Datase\AgriFreshNET Freshness and Shelf-Life Image Datase\Processed Data\Processed Data\Rotten Papaya(7-12)\aug_159_IMG_20260125_005201.jpg,Papaya,2,Rotten,Rotten,0.8258,0.0471,0.1271,0.8258,Rotten,0.9942,0.0002,0.0056,0.9942,Rotten,0.9977,0.0,0.0023,0.9977,Rotten,0.9956,0.0004,0.004,0.9956,Rotten,0.9994,0.0,0.0006,0.9994
D:\ML Project Freshness Detection\AgriFreshNET Freshness and Shelf-Life Image Datase\AgriFreshNET Freshness and Shelf-Life Image Datase\Processed Data\Processed Data\Semi Fresh Bittermelon ( 3-5)\aug_385_IMG_20260116_025935.jpg,Bittermelon,1,Semi-Fresh,Semi-Fresh,0.8478,0.0552,0.8478,0.097,Semi-Fresh,0.5488,0.0104,0.5488,0.4408,Semi-Fresh,0.9984,0.0014,0.9984,0.0002,Semi-Fresh,0.9655,0.005,0.9655,0.0294,Semi-Fresh,0.9951,0.0008,0.9951,0.0041
D:\ML Project Freshness Detection\AgriFreshNET Freshness and Shelf-Life Image Datase\AgriFreshNET Freshness and Shelf-Life Image Datase\Processed Data\Processed Data\Semi fresh Orange(9-20)\IMG_20251115_121713723_HDR_AE.jpg,Orange,1,Semi-Fresh,Semi-Fresh,0.9942,0.0045,0.9942,0.0013,Semi-Fresh,0.9711,0.028,0.9711,0.0009,Semi-Fresh,0.9413,0.0585,0.9413,0.0002,Semi-Fresh,0.9996,0.0003,0.9996,0.0001,Semi-Fresh,0.9989,0.0009,0.9989,0.0001
D:\ML Project Freshness Detection\AgriFreshNET Freshness and Shelf-Life Image Datase\AgriFreshNET Freshness and Shelf-Life Image Datase\Processed Data\Processed Data\Semi fresh Orange(9-20)\IMG_20251123_221517236_HDR.jpg,Orange,1,Semi-Fresh,Semi-Fresh,0.9749,0.0242,0.9749,0.0008,Semi-Fresh,0.9991,0.0005,0.9991,0.0005,Semi-Fresh,0.9995,0.0002,0.9995,0.0003,Semi-Fresh,0.9996,0.0001,0.9996,0.0002,Semi-Fresh,0.9995,0.0003,0.9995,0.0003
D:\ML Project Freshness Detection\AgriFreshNET Freshness and Shelf-Life Image Datase\AgriFreshNET Freshness and Shelf-Life Image Datase\Processed Data\Processed Data\Semi Fresh Cucumber(6-12)\IMG_20260212_155240.jpg,Cucumber,1,Semi-Fresh,Semi-Fresh,0.922,0.0723,0.922,0.0057,Semi-Fresh,0.9717,0.0255,0.9717,0.0028,Semi-Fresh,0.9917,0.0082,0.9917,0.0001,Semi-Fresh,0.9895,0.0102,0.9895,0.0003,Semi-Fresh,0.9929,0.0064,0.9929,0.0007
D:\ML Project Freshness Detection\AgriFreshNET Freshness and Shelf-Life Image Datase\AgriFreshNET Freshness and Shelf-Life Image Datase\Processed Data\Processed Data\Rotten banana(7-13)\aug_51_IMG_20251112_112850672_HDR_AE.jpg,Banana,2,Rotten,Rotten,0.9919,0.0003,0.0078,0.9919,Rotten,0.9968,0.0001,0.0031,0.9968,Rotten,0.9926,0.0001,0.0073,0.9926,Rotten,0.9943,0.0003,0.0053,0.9943,Rotten,0.998,0.0002,0.0018,0.998
D:\ML Project Freshness Detection\AgriFreshNET Freshness and Shelf-Life Image Datase\AgriFreshNET Freshness and Shelf-Life Image Datase\Processed Data\Processed Data\Fresh pineapple(1-15)\IMG_20251108_122201798_HDR_AE.jpg,Pineapple,0,Fresh,Fresh,0.873,0.873,0.1224,0.0045,Fresh,0.9854,0.9854,0.0139,0.0007,Fresh,0.9999,0.9999,0.0001,0.0,Fresh,0.999,0.999,0.0008,0.0002,Fresh,0.9987,0.9987,0.0012,0.0002
D:\ML Project Freshness Detection\AgriFreshNET Freshness and Shelf-Life Image Datase\AgriFreshNET Freshness and Shelf-Life Image Datase\Processed Data\Processed Data\Semi fresh Orange(9-20)\IMG-20251125-WA0041.jpg,Orange,1,Semi-Fresh,Semi-Fresh,0.8678,0.1231,0.8678,0.0091,Semi-Fresh,0.988,0.0051,0.988,0.0069,Semi-Fresh,0.851,0.0298,0.851,0.1192,Semi-Fresh,0.9747,0.0051,0.9747,0.0203,Semi-Fresh,0.9953,0.0033,0.9953,0.0014
D:\ML Project Freshness Detection\AgriFreshNET Freshness and Shelf-Life Image Datase\AgriFreshNET Freshness and Shelf-Life Image Datase\Processed Data\Processed Data\Fresh Cucumber(1-6)\IMG_20260116_030058.jpg,Cucumber,0,Fresh,Fresh,0.9192,0.9192,0.0801,0.0007,Fresh,0.9883,0.9883,0.0097,0.002,Fresh,0.9788,0.9788,0.021,0.0002,Fresh,0.974,0.974,0.021,0.005,Fresh,0.9974,0.9974,0.0024,0.0003
D:\ML Project Freshness Detection\AgriFreshNET Freshness and Shelf-Life Image Datase\AgriFreshNET Freshness and Shelf-Life Image Datase\Processed Data\Processed Data\Fresh Banana(1-4)\aug_365_IMG_20251121_144232837_HDR_AE.jpg,Banana,0,Fresh,Fresh,0.6019,0.6019,0.2976,0.1005,Fresh,0.5759,0.5759,0.419,0.0051,Semi-Fresh,0.523,0.4723,0.523,0.0046,Fresh,0.7508,0.7508,0.235,0.0142,Fresh,0.987,0.987,0.0127,0.0003
D:\ML Project Freshness Detection\AgriFreshNET Freshness and Shelf-Life Image Datase\AgriFreshNET Freshness and Shelf-Life Image Datase\Processed Data\Processed Data\Rotten Orange(20-35)\aug_228_IMG-20260130-WA0099.jpg,Orange,2,Rotten,Rotten,0.8592,0.0053,0.1355,0.8592,Rotten,0.9947,0.0008,0.0045,0.9947,Rotten,0.9997,0.0,0.0003,0.9997,Rotten,0.9989,0.0005,0.0006,0.9989,Rotten,0.9993,0.0001,0.0006,0.9993
D:\ML Project Freshness Detection\AgriFreshNET Freshness and Shelf-Life Image Datase\AgriFreshNET Freshness and Shelf-Life Image Datase\Processed Data\Processed Data\Fresh pineapple(1-15)\aug_296_IMG-20251125-WA0027.jpg,Pineapple,0,Fresh,Fresh,0.8001,0.8001,0.1971,0.0028,Fresh,0.9273,0.9273,0.0718,0.0009,Fresh,0.9976,0.9976,0.0023,0.0001,Fresh,0.998,0.998,0.0018,0.0001,Fresh,0.9987,0.9987,0.0011,0.0002
D:\ML Project Freshness Detection\AgriFreshNET Freshness and Shelf-Life Image Datase\AgriFreshNET Freshness and Shelf-Life Image Datase\Processed Data\Processed Data\Fresh Tomato(1-10)\IMG_20251127_191906626_HDR.jpg,Tomato,0,Fresh,Fresh,0.7408,0.7408,0.2525,0.0067,Fresh,0.9883,0.9883,0.0112,0.0005,Fresh,0.6971,0.6971,0.3005,0.0024,Fresh,0.9785,0.9785,0.0161,0.0054,Fresh,0.9965,0.9965,0.0033,0.0002
D:\ML Project Freshness Detection\AgriFreshNET Freshness and Shelf-Life Image Datase\AgriFreshNET Freshness and Shelf-Life Image Datase\Processed Data\Processed Data\Fresh Orange(1-9)\IMG-20251118-WA0016.jpg,Orange,0,Fresh,Fresh,0.9643,0.9643,0.0356,0.0,Fresh,0.9924,0.9924,0.0075,0.0001,Fresh,0.9987,0.9987,0.0013,0.0,Fresh,0.9833,0.9833,0.016,0.0008,Fresh,0.9882,0.9882,0.0094,0.0023
D:\ML Project Freshness Detection\AgriFreshNET Freshness and Shelf-Life Image Datase\AgriFreshNET Freshness and Shelf-Life Image Datase\Processed Data\Processed Data\Rotten Papaya(7-12)\IMG_20260209_011109.jpg,Papaya,2,Rotten,Rotten,0.9983,0.0,0.0017,0.9983,Rotten,0.9997,0.0001,0.0003,0.9997,Rotten,0.9995,0.0001,0.0004,0.9995,Rotten,0.9987,0.0004,0.0009,0.9987,Rotten,0.9996,0.0001,0.0003,0.9996
D:\ML Project Freshness Detection\AgriFreshNET Freshness and Shelf-Life Image Datase\AgriFreshNET Freshness and Shelf-Life Image Datase\Processed Data\Processed Data\Semi Fresh Cucumber(6-12)\aug_39_IMG_20260122_003522.jpg,Cucumber,1,Semi-Fresh,Semi-Fresh,0.4895,0.088,0.4895,0.4225,Semi-Fresh,0.8891,0.0111,0.8891,0.0998,Semi-Fresh,0.9882,0.0017,0.9882,0.0102,Semi-Fresh,0.9965,0.001,0.9965,0.0025,Semi-Fresh,0.9983,0.0005,0.9983,0.0012
D:\ML Project Freshness Detection\AgriFreshNET Freshness and Shelf-Life Image Datase\AgriFreshNET Freshness and Shelf-Life Image Datase\Processed Data\Processed Data\Rotten Orange(20-35)\aug_473_IMG-20260128-WA0022.jpg,Orange,2,Rotten,Rotten,0.9886,0.0002,0.0112,0.9886,Rotten,0.9975,0.0002,0.0024,0.9975,Rotten,0.9986,0.0,0.0014,0.9986,Rotten,0.9979,0.0008,0.0013,0.9979,Rotten,0.9973,0.0003,0.0024,0.9973
D:\ML Project Freshness Detection\AgriFreshNET Freshness and Shelf-Life Image Datase\AgriFreshNET Freshness and Shelf-Life Image Datase\Processed Data\Processed Data\Rotten eggplant(8-15)\IMG_20251123_222333050_HDR.jpg,Eggplant,2,Rotten,Rotten,0.9751,0.0041,0.0208,0.9751,Rotten,0.997,0.0005,0.0025,0.997,Rotten,0.9999,0.0,0.0001,0.9999,Rotten,0.9971,0.0009,0.002,0.9971,Rotten,0.9991,0.0002,0.0007,0.9991
D:\ML Project Freshness Detection\AgriFreshNET Freshness and Shelf-Life Image Datase\AgriFreshNET Freshness and Shelf-Life Image Datase\Processed Data\Processed Data\Fresh Papaya(1-4)\aug_274_IMG_20251029_095801.jpg,Papaya,0,Fresh,Fresh,0.9453,0.9453,0.0529,0.0018,Fresh,0.9698,0.9698,0.0292,0.001,Fresh,0.9183,0.9183,0.0794,0.0023,Fresh,0.9869,0.9869,0.0116,0.0015,Fresh,0.9911,0.9911,0.0085,0.0003
D:\ML Project Freshness Detection\AgriFreshNET Freshness and Shelf-Life Image Datase\AgriFreshNET Freshness and Shelf-Life Image Datase\Processed Data\Processed Data\Semi fresh Tomato(10-24)\IMG_20251130_181811219_HDR.jpg,Tomato,1,Semi-Fresh,Semi-Fresh,0.7862,0.1849,0.7862,0.0289,Semi-Fresh,0.9882,0.0056,0.9882,0.0061,Semi-Fresh,0.9931,0.0023,0.9931,0.0046,Semi-Fresh,0.9379,0.0284,0.9379,0.0336,Semi-Fresh,0.9744,0.0161,0.9744,0.0096
D:\ML Project Freshness Detection\AgriFreshNET Freshness and Shelf-Life Image Datase\AgriFreshNET Freshness and Shelf-Life Image Datase\Processed Data\Processed Data\Fresh Banana(1-4)\IMG_20251121_143932789_HDR_AE.jpg,Banana,0,Fresh,Semi-Fresh,0.9253,0.0574,0.9253,0.0172,Semi-Fresh,0.8597,0.1305,0.8597,0.0098,Fresh,0.6172,0.6172,0.3786,0.0042,Semi-Fresh,0.8983,0.0994,0.8983,0.0023,Fresh,0.9228,0.9228,0.0754,0.0018
D:\ML Project Freshness Detection\AgriFreshNET Freshness and Shelf-Life Image Datase\AgriFreshNET Freshness and Shelf-Life Image Datase\Processed Data\Processed Data\Rotten eggplant(8-15)\aug_151_IMG_20251118_165248030_HDR.jpg,Eggplant,2,Rotten,Rotten,0.9915,0.0005,0.008,0.9915,Rotten,0.9986,0.0003,0.0011,0.9986,Rotten,0.9992,0.0003,0.0006,0.9992,Rotten,0.9971,0.0008,0.0021,0.9971,Rotten,0.9976,0.0009,0.0014,0.9976
D:\ML Project Freshness Detection\AgriFreshNET Freshness and Shelf-Life Image Datase\AgriFreshNET Freshness and Shelf-Life Image Datase\Processed Data\Processed Data\Fresh pineapple(1-15)\aug_233_IMG-20251130-WA0009.jpg,Pineapple,0,Fresh,Fresh,0.6731,0.6731,0.3251,0.0018,Fresh,0.9727,0.9727,0.0271,0.0003,Fresh,0.9971,0.9971,0.0028,0.0,Fresh,0.9857,0.9857,0.0142,0.0002,Fresh,0.994,0.994,0.0058,0.0002
D:\ML Project Freshness Detection\AgriFreshNET Freshness and Shelf-Life Image Datase\AgriFreshNET Freshness and Shelf-Life Image Datase\Processed Data\Processed Data\Rotten Orange(20-35)\aug_279_IMG-20260128-WA0024.jpg,Orange,2,Rotten,Rotten,0.9991,0.0,0.0008,0.9991,Rotten,0.9992,0.0,0.0008,0.9992,Rotten,0.9994,0.0,0.0006,0.9994,Rotten,0.995,0.0031,0.0018,0.995,Rotten,0.9998,0.0,0.0002,0.9998
D:\ML Project Freshness Detection\AgriFreshNET Freshness and Shelf-Life Image Datase\AgriFreshNET Freshness and Shelf-Life Image Datase\Processed Data\Processed Data\Rotten Cucumber(12-20)\aug_19_IMG_20251123_012406.jpg,Cucumber,2,Rotten,Rotten,0.9965,0.0006,0.003,0.9965,Rotten,0.9962,0.0003,0.0035,0.9962,Rotten,0.9998,0.0,0.0002,0.9998,Rotten,0.9965,0.0017,0.0017,0.9965,Rotten,0.9995,0.0002,0.0003,0.9995
D:\ML Project Freshness Detection\AgriFreshNET Freshness and Shelf-Life Image Datase\AgriFreshNET Freshness and Shelf-Life Image Datase\Processed Data\Processed Data\Fresh Tomato(1-10)\IMG_20251104_132651603_HDR_AE.jpg,Tomato,0,Fresh,Semi-Fresh,0.4921,0.4648,0.4921,0.0431,Fresh,0.5728,0.5728,0.3288,0.0984,Fresh,0.8532,0.8532,0.1412,0.0056,Fresh,0.9689,0.9689,0.0307,0.0004,Fresh,0.9935,0.9935,0.0058,0.0007
D:\ML Project Freshness Detection\AgriFreshNET Freshness and Shelf-Life Image Datase\AgriFreshNET Freshness and Shelf-Life Image Datase\Processed Data\Processed Data\Semi_Fresh eggplant(4-8)\aug_174_IMG_20251125_212251648_HDR.jpg,Eggplant,1,Semi-Fresh,Semi-Fresh,0.6922,0.1808,0.6922,0.127,Semi-Fresh,0.5057,0.0354,0.5057,0.459,Semi-Fresh,0.9636,0.018,0.9636,0.0184,Semi-Fresh,0.917,0.0128,0.917,0.0702,Semi-Fresh,0.9599,0.0165,0.9599,0.0235
D:\ML Project Freshness Detection\AgriFreshNET Freshness and Shelf-Life Image Datase\AgriFreshNET Freshness and Shelf-Life Image Datase\Processed Data\Processed Data\Rotten banana(7-13)\aug_53_IMG_20251126_190528816_HDR.jpg,Banana,2,Rotten,Rotten,0.9814,0.0033,0.0153,0.9814,Rotten,0.996,0.0001,0.0039,0.996,Rotten,0.9997,0.0,0.0003,0.9997,Rotten,0.9979,0.0004,0.0017,0.9979,Rotten,0.9934,0.0005,0.0061,0.9934
D:\ML Project Freshness Detection\AgriFreshNET Freshness and Shelf-Life Image Datase\AgriFreshNET Freshness and Shelf-Life Image Datase\Processed Data\Processed Data\Rotten Orange(20-35)\aug_59_IMG-20251215-WA0015.jpg,Orange,2,Rotten,Rotten,0.9804,0.0027,0.0169,0.9804,Rotten,0.9957,0.0001,0.0043,0.9957,Rotten,0.9951,0.0001,0.0048,0.9951,Rotten,0.9982,0.0013,0.0006,0.9982,Rotten,0.9997,0.0,0.0003,0.9997
D:\ML Project Freshness Detection\AgriFreshNET Freshness and Shelf-Life Image Datase\AgriFreshNET Freshness and Shelf-Life Image Datase\Processed Data\Processed Data\Semi Fresh Papaya(4-7)\aug_135_IMG_20251124_021901.jpg,Papaya,1,Semi-Fresh,Semi-Fresh,0.9577,0.042,0.9577,0.0003,Semi-Fresh,0.9973,0.0022,0.9973,0.0006,Semi-Fresh,0.9919,0.0048,0.9919,0.0033,Semi-Fresh,0.9989,0.0003,0.9989,0.0007,Semi-Fresh,0.9954,0.004,0.9954,0.0005
D:\ML Project Freshness Detection\AgriFreshNET Freshness and Shelf-Life Image Datase\AgriFreshNET Freshness and Shelf-Life Image Datase\Processed Data\Processed Data\Fresh Bittermelon(1-3)\IMG_20251118_160810.jpg,Bittermelon,0,Fresh,Fresh,0.9872,0.9872,0.0126,0.0003,Fresh,0.998,0.998,0.0018,0.0002,Fresh,0.991,0.991,0.009,0.0001,Fresh,0.9939,0.9939,0.0057,0.0004,Fresh,0.9924,0.9924,0.0073,0.0003
D:\ML Project Freshness Detection\AgriFreshNET Freshness and Shelf-Life Image Datase\AgriFreshNET Freshness and Shelf-Life Image Datase\Processed Data\Processed Data\Fresh eggplant(1-4)\aug_4_IMG_20251122_205632444_HDR.jpg,Eggplant,0,Fresh,Fresh,0.7078,0.7078,0.2912,0.001,Semi-Fresh,0.5899,0.4005,0.5899,0.0096,Fresh,0.7729,0.7729,0.2205,0.0066,Semi-Fresh,0.8635,0.1316,0.8635,0.0049,Semi-Fresh,0.6318,0.3657,0.6318,0.0026
D:\ML Project Freshness Detection\AgriFreshNET Freshness and Shelf-Life Image Datase\AgriFreshNET Freshness and Shelf-Life Image Datase\Processed Data\Processed Data\Rotten Tomato(24-35)\aug_171_IMG-20260219-WA0021.jpg,Tomato,2,Rotten,Rotten,0.9454,0.0381,0.0165,0.9454,Rotten,0.9885,0.0091,0.0024,0.9885,Rotten,0.9999,0.0,0.0001,0.9999,Rotten,0.9975,0.0016,0.0009,0.9975,Rotten,0.994,0.002,0.0039,0.994
D:\ML Project Freshness Detection\AgriFreshNET Freshness and Shelf-Life Image Datase\AgriFreshNET Freshness and Shelf-Life Image Datase\Processed Data\Processed Data\Rotten Papaya(7-12)\IMG_20260123_013557.jpg,Papaya,2,Rotten,Rotten,0.6883,0.0281,0.2836,0.6883,Rotten,0.9925,0.0004,0.0071,0.9925,Rotten,0.9836,0.0014,0.015,0.9836,Rotten,0.9951,0.0006,0.0043,0.9951,Rotten,0.9753,0.0017,0.0229,0.9753
D:\ML Project Freshness Detection\AgriFreshNET Freshness and Shelf-Life Image Datase\AgriFreshNET Freshness and Shelf-Life Image Datase\Processed Data\Processed Data\Rotten Papaya(7-12)\IMG_20251202_021834.jpg,Papaya,2,Rotten,Rotten,0.9985,0.0,0.0015,0.9985,Rotten,1.0,0.0,0.0,1.0,Rotten,0.9996,0.0,0.0004,0.9996,Rotten,0.9977,0.0007,0.0016,0.9977,Rotten,0.9998,0.0,0.0002,0.9998
D:\ML Project Freshness Detection\AgriFreshNET Freshness and Shelf-Life Image Datase\AgriFreshNET Freshness and Shelf-Life Image Datase\Processed Data\Processed Data\Fresh Cucumber(1-6)\aug_209_IMG_20260204_151918.jpg,Cucumber,0,Fresh,Fresh,0.9494,0.9494,0.0505,0.0001,Fresh,0.9991,0.9991,0.0009,0.0,Fresh,0.9991,0.9991,0.0006,0.0003,Fresh,0.9982,0.9982,0.0016,0.0001,Fresh,0.9985,0.9985,0.0012,0.0003
D:\ML Project Freshness Detection\AgriFreshNET Freshness and Shelf-Life Image Datase\AgriFreshNET Freshness and Shelf-Life Image Datase\Processed Data\Processed Data\Fresh Papaya(1-4)\aug_177_IMG_20260116_030542.jpg,Papaya,0,Fresh,Fresh,0.9627,0.9627,0.0372,0.0002,Fresh,0.8175,0.8175,0.1779,0.0046,Fresh,0.9921,0.9921,0.0079,0.0,Fresh,0.9605,0.9605,0.035,0.0045,Fresh,0.775,0.775,0.2238,0.0013
D:\ML Project Freshness Detection\AgriFreshNET Freshness and Shelf-Life Image Datase\AgriFreshNET Freshness and Shelf-Life Image Datase\Processed Data\Processed Data\Semi fresh Tomato(10-24)\IMG_20251201_185809506_HDR.jpg,Tomato,1,Semi-Fresh,Fresh,0.8278,0.8278,0.1709,0.0013,Semi-Fresh,0.5099,0.4881,0.5099,0.0021,Semi-Fresh,0.7889,0.208,0.7889,0.0032,Semi-Fresh,0.7447,0.2188,0.7447,0.0365,Fresh,0.6802,0.6802,0.3181,0.0017
D:\ML Project Freshness Detection\AgriFreshNET Freshness and Shelf-Life Image Datase\AgriFreshNET Freshness and Shelf-Life Image Datase\Processed Data\Processed Data\Fresh Papaya(1-4)\aug_280_IMG_20260114_004943.jpg,Papaya,0,Fresh,Fresh,0.7928,0.7928,0.0127,0.1945,Fresh,0.978,0.978,0.0175,0.0045,Fresh,0.9989,0.9989,0.0007,0.0005,Fresh,0.9965,0.9965,0.0032,0.0003,Fresh,0.9853,0.9853,0.0134,0.0013
D:\ML Project Freshness Detection\AgriFreshNET Freshness and Shelf-Life Image Datase\AgriFreshNET Freshness and Shelf-Life Image Datase\Processed Data\Processed Data\Rotten Tomato(24-35)\aug_71_IMG_20251126_191907575_HDR.jpg,Tomato,2,Rotten,Rotten,0.9256,0.0101,0.0642,0.9256,Rotten,0.9921,0.0007,0.0072,0.9921,Rotten,0.995,0.0001,0.0049,0.995,Rotten,0.9993,0.0001,0.0005,0.9993,Rotten,0.989,0.0008,0.0101,0.989
D:\ML Project Freshness Detection\AgriFreshNET Freshness and Shelf-Life Image Datase\AgriFreshNET Freshness and Shelf-Life Image Datase\Processed Data\Processed Data\Fresh Orange(1-9)\aug_219_IMG_20251109_112319582_HDR_AE.jpg,Orange,0,Fresh,Fresh,0.5014,0.5014,0.4958,0.0028,Fresh,0.9168,0.9168,0.0829,0.0003,Fresh,0.991,0.991,0.0088,0.0002,Fresh,0.9486,0.9486,0.0506,0.0008,Fresh,0.9921,0.9921,0.0076,0.0003
D:\ML Project Freshness Detection\AgriFreshNET Freshness and Shelf-Life Image Datase\AgriFreshNET Freshness and Shelf-Life Image Datase\Processed Data\Processed Data\Semi fresh Orange(9-20)\IMG_20251130_180456544_HDR.jpg,Orange,1,Semi-Fresh,Semi-Fresh,0.9866,0.0026,0.9866,0.0108,Semi-Fresh,0.9953,0.0001,0.9953,0.0046,Semi-Fresh,0.9991,0.0002,0.9991,0.0007,Semi-Fresh,0.9952,0.0002,0.9952,0.0046,Semi-Fresh,0.998,0.0005,0.998,0.0015
D:\ML Project Freshness Detection\AgriFreshNET Freshness and Shelf-Life Image Datase\AgriFreshNET Freshness and Shelf-Life Image Datase\Processed Data\Processed Data\Rotten Cucumber(12-20)\aug_277_IMG_20251202_015522.jpg,Cucumber,2,Rotten,Rotten,0.9985,0.0008,0.0007,0.9985,Rotten,0.9944,0.0002,0.0054,0.9944,Rotten,1.0,0.0,0.0,1.0,Rotten,0.9965,0.0017,0.0018,0.9965,Rotten,0.9989,0.0003,0.0007,0.9989
D:\ML Project Freshness Detection\AgriFreshNET Freshness and Shelf-Life Image Datase\AgriFreshNET Freshness and Shelf-Life Image Datase\Processed Data\Processed Data\Fresh eggplant(1-4)\IMG_20251118_164634203_HDR_AE.jpg,Eggplant,0,Fresh,Fresh,0.9488,0.9488,0.0439,0.0073,Fresh,0.958,0.958,0.0374,0.0046,Fresh,0.9937,0.9937,0.0062,0.0002,Fresh,0.996,0.996,0.0038,0.0002,Fresh,0.9968,0.9968,0.0027,0.0005
D:\ML Project Freshness Detection\AgriFreshNET Freshness and Shelf-Life Image Datase\AgriFreshNET Freshness and Shelf-Life Image Datase\Processed Data\Processed Data\Semi fresh Tomato(10-24)\aug_0_IMG_20251124_191653302_HDR.jpg,Tomato,1,Semi-Fresh,Semi-Fresh,0.8993,0.0417,0.8993,0.059,Semi-Fresh,0.8886,0.002,0.8886,0.1094,Semi-Fresh,0.9805,0.0017,0.9805,0.0178,Semi-Fresh,0.9911,0.0052,0.9911,0.0038,Semi-Fresh,0.9984,0.001,0.9984,0.0006
D:\ML Project Freshness Detection\AgriFreshNET Freshness and Shelf-Life Image Datase\AgriFreshNET Freshness and Shelf-Life Image Datase\Processed Data\Processed Data\Rotten eggplant(8-15)\aug_108_IMG_20251130_180949028_HDR.jpg,Eggplant,2,Rotten,Semi-Fresh,0.8248,0.158,0.8248,0.0172,Semi-Fresh,0.9318,0.0393,0.9318,0.0289,Semi-Fresh,0.6162,0.0145,0.6162,0.3693,Rotten,0.7957,0.0092,0.1951,0.7957,Semi-Fresh,0.6582,0.0309,0.6582,0.3109
D:\ML Project Freshness Detection\AgriFreshNET Freshness and Shelf-Life Image Datase\AgriFreshNET Freshness and Shelf-Life Image Datase\Processed Data\Processed Data\Rotten eggplant(8-15)\aug_325_IMG_20251106_160428678_HDR_AE.jpg,Eggplant,2,Rotten,Rotten,0.854,0.09,0.056,0.854,Rotten,0.9292,0.0101,0.0607,0.9292,Rotten,0.8237,0.0776,0.0987,0.8237,Rotten,0.8504,0.0736,0.076,0.8504,Rotten,0.9918,0.0012,0.007,0.9918
D:\ML Project Freshness Detection\AgriFreshNET Freshness and Shelf-Life Image Datase\AgriFreshNET Freshness and Shelf-Life Image Datase\Processed Data\Processed Data\Semi Fresh Bittermelon ( 3-5)\aug_138_IMG_20251123_013131.jpg,Bittermelon,1,Semi-Fresh,Semi-Fresh,0.6814,0.3153,0.6814,0.0033,Semi-Fresh,0.9536,0.0306,0.9536,0.0158,Semi-Fresh,0.9898,0.0009,0.9898,0.0093,Semi-Fresh,0.9883,0.0019,0.9883,0.0098,Semi-Fresh,0.9984,0.001,0.9984,0.0006
D:\ML Project Freshness Detection\AgriFreshNET Freshness and Shelf-Life Image Datase\AgriFreshNET Freshness and Shelf-Life Image Datase\Processed Data\Processed Data\Semi fresh Tomato(10-24)\aug_266_IMG_20251115_121703726_HDR_AE.jpg,Tomato,1,Semi-Fresh,Semi-Fresh,0.6157,0.3662,0.6157,0.0181,Semi-Fresh,0.8344,0.0956,0.8344,0.0699,Fresh,0.6092,0.6092,0.3874,0.0033,Semi-Fresh,0.6015,0.3816,0.6015,0.0169,Semi-Fresh,0.9057,0.0927,0.9057,0.0015
D:\ML Project Freshness Detection\AgriFreshNET Freshness and Shelf-Life Image Datase\AgriFreshNET Freshness and Shelf-Life Image Datase\Processed Data\Processed Data\Semi Fresh Papaya(4-7)\aug_46_IMG_20251124_022528.jpg,Papaya,1,Semi-Fresh,Semi-Fresh,0.8521,0.1478,0.8521,0.0,Semi-Fresh,0.9952,0.0048,0.9952,0.0,Semi-Fresh,0.9942,0.0057,0.9942,0.0001,Semi-Fresh,0.9989,0.0008,0.9989,0.0003,Semi-Fresh,0.997,0.0028,0.997,0.0002
D:\ML Project Freshness Detection\AgriFreshNET Freshness and Shelf-Life Image Datase\AgriFreshNET Freshness and Shelf-Life Image Datase\Processed Data\Processed Data\Semi Fresh Cucumber(6-12)\aug_329_IMG_20260122_003544.jpg,Cucumber,1,Semi-Fresh,Semi-Fresh,0.9409,0.0085,0.9409,0.0506,Semi-Fresh,0.9429,0.0037,0.9429,0.0534,Semi-Fresh,0.9879,0.0,0.9879,0.012,Semi-Fresh,0.6282,0.0038,0.6282,0.368,Semi-Fresh,0.9943,0.0007,0.9943,0.005
D:\ML Project Freshness Detection\AgriFreshNET Freshness and Shelf-Life Image Datase\AgriFreshNET Freshness and Shelf-Life Image Datase\Processed Data\Processed Data\Semi fresh Tomato(10-24)\aug_123_IMG_20260122_220048338_HDR.jpg,Tomato,1,Semi-Fresh,Semi-Fresh,0.4831,0.0814,0.4831,0.4354,Rotten,0.9302,0.0026,0.0672,0.9302,Semi-Fresh,0.8268,0.0131,0.8268,0.1601,Semi-Fresh,0.8952,0.0509,0.8952,0.0539,Semi-Fresh,0.9868,0.0117,0.9868,0.0015
D:\ML Project Freshness Detection\AgriFreshNET Freshness and Shelf-Life Image Datase\AgriFreshNET Freshness and Shelf-Life Image Datase\Processed Data\Processed Data\Fresh Banana(1-4)\aug_129_Banana (8).jpeg,Banana,0,Fresh,Fresh,0.9824,0.9824,0.0171,0.0005,Fresh,0.9984,0.9984,0.0015,0.0,Fresh,0.9879,0.9879,0.0108,0.0013,Fresh,0.9966,0.9966,0.0028,0.0006,Fresh,0.9998,0.9998,0.0001,0.0001
D:\ML Project Freshness Detection\AgriFreshNET Freshness and Shelf-Life Image Datase\AgriFreshNET Freshness and Shelf-Life Image Datase\Processed Data\Processed Data\Fresh eggplant(1-4)\aug_197_IMG_20251123_221707017_HDR.jpg,Eggplant,0,Fresh,Fresh,0.9491,0.9491,0.0504,0.0004,Fresh,0.9048,0.9048,0.0914,0.0038,Fresh,0.995,0.995,0.0049,0.0002,Fresh,0.9937,0.9937,0.0052,0.0011,Fresh,0.9975,0.9975,0.002,0.0005
